task_id,start_hour,finish_hour,origin_node_id,destination_node_id,self_cost,outsource_cost,base_risk,historical_mode,product_id,hazard_class
T00001,7.416666666666667,8.666666666666666,L0018,L0021,75.0,93.1,0.0,official_public_fixed_time_revised_derived,public,all
T00002,9.716666666666667,10.783333333333333,L0070,L0072,64.0,70.3,0.0,official_public_fixed_time_revised_derived,public,all
T00003,9.283333333333333,10.15,L0061,L0009,52.0,75.05,0.0,official_public_fixed_time_revised_derived,public,all
T00004,7.533333333333333,8.65,L0021,L0011,67.0,86.45,0.0,official_public_fixed_time_revised_derived,public,all
T00005,15.966666666666667,17.033333333333335,L0009,L0074,64.0,82.64999999999999,0.0,official_public_fixed_time_revised_derived,public,all
T00006,11.083333333333334,12.316666666666666,L0055,L0052,74.0,92.14999999999999,0.0,official_public_fixed_time_revised_derived,public,all
T00007,16.0,17.05,L0054,L0070,63.0,81.7,0.0,official_public_fixed_time_revised_derived,public,all
T00008,13.8,14.516666666666667,L0075,L0062,43.0,70.3,0.0,official_public_fixed_time_revised_derived,public,all
T00009,13.316666666666666,14.083333333333334,L0055,L0019,46.0,65.55,0.0,official_public_fixed_time_revised_derived,public,all
T00010,13.85,15.216666666666667,L0075,L0045,82.0,107.35,0.0,official_public_fixed_time_revised_derived,public,all
T00011,14.733333333333333,15.216666666666667,L0006,L0041,29.0,64.6,0.0,official_public_fixed_time_revised_derived,public,all
T00012,10.566666666666666,11.466666666666667,L0065,L0050,54.0,76.95,0.0,official_public_fixed_time_revised_derived,public,all
T00013,17.116666666666667,17.833333333333332,L0054,L0049,43.0,62.699999999999996,0.0,official_public_fixed_time_revised_derived,public,all
T00014,16.033333333333335,16.8,L0069,L0055,46.0,69.35,0.0,official_public_fixed_time_revised_derived,public,all
T00015,11.45,12.166666666666666,L0019,L0053,43.0,59.849999999999994,0.0,official_public_fixed_time_revised_derived,public,all
T00016,7.6,8.6,L0020,L0049,60.0,80.75,0.0,official_public_fixed_time_revised_derived,public,all
T00017,14.9,15.25,L0067,L0016,21.0,43.699999999999996,0.0,official_public_fixed_time_revised_derived,public,all
T00018,7.933333333333334,8.933333333333334,L0017,L0010,60.0,89.3,0.0,official_public_fixed_time_revised_derived,public,all
T00019,11.65,12.216666666666667,L0031,L0053,34.0,52.25,0.0,official_public_fixed_time_revised_derived,public,all
T00020,11.983333333333333,12.85,L0034,L0065,52.0,76.0,0.0,official_public_fixed_time_revised_derived,public,all
T00021,11.166666666666666,12.1,L0005,L0010,56.0,75.05,0.0,official_public_fixed_time_revised_derived,public,all
T00022,12.0,12.616666666666667,L0021,L0009,37.0,57.949999999999996,0.0,official_public_fixed_time_revised_derived,public,all
T00023,14.383333333333333,15.366666666666667,L0013,L0050,59.0,89.3,0.0,official_public_fixed_time_revised_derived,public,all
T00024,10.25,10.816666666666666,L0031,L0016,34.0,52.25,0.0,official_public_fixed_time_revised_derived,public,all
T00025,8.533333333333333,9.333333333333334,L0016,L0012,48.0,60.8,0.0,official_public_fixed_time_revised_derived,public,all
T00026,7.1,8.05,L0017,L0059,57.0,86.45,0.0,official_public_fixed_time_revised_derived,public,all
T00027,17.366666666666667,18.466666666666665,L0006,L0072,66.0,99.75,0.0,official_public_fixed_time_revised_derived,public,all
T00028,13.3,14.083333333333334,L0022,L0007,47.0,52.25,0.0,official_public_fixed_time_revised_derived,public,all
T00029,7.716666666666667,8.633333333333333,L0073,L0054,55.0,75.05,0.0,official_public_fixed_time_revised_derived,public,all
T00030,14.033333333333333,14.8,L0061,L0014,46.0,69.35,0.0,official_public_fixed_time_revised_derived,public,all
T00031,11.766666666666667,12.466666666666667,L0025,L0041,42.0,52.25,0.0,official_public_fixed_time_revised_derived,public,all
T00032,7.85,8.866666666666667,L0044,L0008,61.0,88.35,0.0,official_public_fixed_time_revised_derived,public,all
T00033,12.433333333333334,13.033333333333333,L0006,L0007,36.0,71.25,0.0,official_public_fixed_time_revised_derived,public,all
T00034,17.0,17.616666666666667,L0059,L0058,37.0,55.099999999999994,0.0,official_public_fixed_time_revised_derived,public,all
T00035,8.933333333333334,9.9,L0046,L0024,58.0,82.64999999999999,0.0,official_public_fixed_time_revised_derived,public,all
T00036,9.55,10.133333333333333,L0022,L0052,35.0,40.85,0.0,official_public_fixed_time_revised_derived,public,all
T00037,12.816666666666666,14.15,L0014,L0060,80.0,92.14999999999999,0.0,official_public_fixed_time_revised_derived,public,all
T00038,16.133333333333333,17.566666666666666,L0032,L0029,86.0,91.19999999999999,0.0,official_public_fixed_time_revised_derived,public,all
T00039,10.95,11.6,L0050,L0015,39.0,66.5,0.0,official_public_fixed_time_revised_derived,public,all
T00040,12.85,14.3,L0060,L0072,87.0,106.39999999999999,0.0,official_public_fixed_time_revised_derived,public,all
T00041,11.05,11.516666666666667,L0020,L0070,28.0,50.349999999999994,0.0,official_public_fixed_time_revised_derived,public,all
T00042,17.433333333333334,17.8,L0053,L0050,22.0,52.25,0.0,official_public_fixed_time_revised_derived,public,all
T00043,17.616666666666667,19.116666666666667,L0026,L0058,90.0,105.44999999999999,0.0,official_public_fixed_time_revised_derived,public,all
T00044,8.35,9.416666666666666,L0045,L0064,64.0,76.0,0.0,official_public_fixed_time_revised_derived,public,all
T00045,8.916666666666666,10.366666666666667,L0057,L0029,87.0,108.3,0.0,official_public_fixed_time_revised_derived,public,all
T00046,13.816666666666666,14.733333333333333,L0046,L0076,55.0,79.8,0.0,official_public_fixed_time_revised_derived,public,all
T00047,7.333333333333333,8.75,L0008,L0012,85.0,95.94999999999999,0.0,official_public_fixed_time_revised_derived,public,all
T00048,12.866666666666667,13.833333333333334,L0035,L0039,58.0,69.35,0.0,official_public_fixed_time_revised_derived,public,all
T00049,13.633333333333333,13.933333333333334,L0063,L0032,18.0,34.199999999999996,0.0,official_public_fixed_time_revised_derived,public,all
T00050,8.983333333333333,10.066666666666666,L0022,L0039,65.0,69.35,0.0,official_public_fixed_time_revised_derived,public,all
T00051,17.533333333333335,18.433333333333334,L0015,L0068,54.0,84.55,0.0,official_public_fixed_time_revised_derived,public,all
T00052,16.066666666666666,17.2,L0071,L0066,68.0,74.1,0.0,official_public_fixed_time_revised_derived,public,all
T00053,14.9,15.366666666666667,L0041,L0066,28.0,52.25,0.0,official_public_fixed_time_revised_derived,public,all
T00054,10.35,11.066666666666666,L0068,L0006,43.0,57.949999999999996,0.0,official_public_fixed_time_revised_derived,public,all
T00055,10.666666666666666,11.916666666666666,L0026,L0024,75.0,91.19999999999999,0.0,official_public_fixed_time_revised_derived,public,all
T00056,10.883333333333333,11.966666666666667,L0010,L0028,65.0,79.8,0.0,official_public_fixed_time_revised_derived,public,all
T00057,7.183333333333334,8.216666666666667,L0027,L0051,62.0,74.1,0.0,official_public_fixed_time_revised_derived,public,all
T00058,14.233333333333333,15.916666666666666,L0036,L0035,101.0,108.3,0.0,official_public_fixed_time_revised_derived,public,all
T00059,14.016666666666667,14.566666666666666,L0029,L0045,33.0,36.1,0.0,official_public_fixed_time_revised_derived,public,all
T00060,10.933333333333334,11.75,L0018,L0042,49.0,68.39999999999999,0.0,official_public_fixed_time_revised_derived,public,all
T00061,10.4,10.716666666666667,L0070,L0016,19.0,27.549999999999997,0.0,official_public_fixed_time_revised_derived,public,all
T00062,10.0,11.0,L0005,L0020,60.0,78.85,0.0,official_public_fixed_time_revised_derived,public,all
T00063,17.183333333333334,18.0,L0031,L0053,49.0,66.5,0.0,official_public_fixed_time_revised_derived,public,all
T00064,11.416666666666666,12.85,L0042,L0004,86.0,110.19999999999999,0.0,official_public_fixed_time_revised_derived,public,all
T00065,17.216666666666665,18.133333333333333,L0050,L0008,55.0,81.7,0.0,official_public_fixed_time_revised_derived,public,all
T00066,17.4,18.766666666666666,L0069,L0030,82.0,103.55,0.0,official_public_fixed_time_revised_derived,public,all
T00067,12.0,13.033333333333333,L0007,L0041,62.0,79.8,0.0,official_public_fixed_time_revised_derived,public,all
T00068,9.3,10.483333333333333,L0072,L0061,71.0,90.25,0.0,official_public_fixed_time_revised_derived,public,all
T00069,16.9,17.783333333333335,L0020,L0045,53.0,74.1,0.0,official_public_fixed_time_revised_derived,public,all
T00070,17.133333333333333,18.083333333333332,L0055,L0005,57.0,76.0,0.0,official_public_fixed_time_revised_derived,public,all
T00071,7.45,8.3,L0039,L0036,51.0,83.6,0.0,official_public_fixed_time_revised_derived,public,all
T00072,7.183333333333334,7.933333333333334,L0053,L0075,45.0,74.1,0.0,official_public_fixed_time_revised_derived,public,all
T00073,13.583333333333334,14.683333333333334,L0066,L0004,66.0,81.7,0.0,official_public_fixed_time_revised_derived,public,all
T00074,14.283333333333333,14.883333333333333,L0075,L0010,36.0,63.65,0.0,official_public_fixed_time_revised_derived,public,all
T00075,13.533333333333333,14.383333333333333,L0039,L0072,51.0,83.6,0.0,official_public_fixed_time_revised_derived,public,all
T00076,8.833333333333334,9.316666666666666,L0019,L0008,29.0,46.55,0.0,official_public_fixed_time_revised_derived,public,all
T00077,13.166666666666666,14.55,L0009,L0032,83.0,100.69999999999999,0.0,official_public_fixed_time_revised_derived,public,all
T00078,15.633333333333333,16.783333333333335,L0036,L0023,69.0,77.89999999999999,0.0,official_public_fixed_time_revised_derived,public,all
T00079,8.266666666666667,9.166666666666666,L0008,L0039,54.0,66.5,0.0,official_public_fixed_time_revised_derived,public,all
T00080,14.133333333333333,14.866666666666667,L0053,L0030,44.0,73.14999999999999,0.0,official_public_fixed_time_revised_derived,public,all
T00081,14.1,15.533333333333333,L0057,L0078,86.0,107.35,0.0,official_public_fixed_time_revised_derived,public,all
T00082,9.133333333333333,10.0,L0020,L0061,52.0,73.14999999999999,0.0,official_public_fixed_time_revised_derived,public,all
T00083,12.0,13.116666666666667,L0048,L0065,67.0,69.35,0.0,official_public_fixed_time_revised_derived,public,all
T00084,15.316666666666666,15.683333333333334,L0046,L0015,22.0,48.449999999999996,0.0,official_public_fixed_time_revised_derived,public,all
T00085,10.65,11.733333333333333,L0025,L0028,65.0,74.1,0.0,official_public_fixed_time_revised_derived,public,all
T00086,13.266666666666667,13.866666666666667,L0062,L0018,36.0,57.0,0.0,official_public_fixed_time_revised_derived,public,all
T00087,12.416666666666666,13.483333333333333,L0011,L0054,64.0,91.19999999999999,0.0,official_public_fixed_time_revised_derived,public,all
T00088,10.933333333333334,12.233333333333333,L0048,L0016,78.0,79.8,0.0,official_public_fixed_time_revised_derived,public,all
T00089,9.183333333333334,10.483333333333333,L0074,L0030,78.0,95.0,0.0,official_public_fixed_time_revised_derived,public,all
T00090,14.866666666666667,16.683333333333334,L0048,L0010,109.0,109.25,0.0,official_public_fixed_time_revised_derived,public,all
T00091,13.2,14.183333333333334,L0060,L0024,59.0,79.8,0.0,official_public_fixed_time_revised_derived,public,all
T00092,14.816666666666666,15.766666666666667,L0065,L0021,57.0,79.8,0.0,official_public_fixed_time_revised_derived,public,all
T00093,11.216666666666667,12.316666666666666,L0039,L0010,66.0,97.85,0.0,official_public_fixed_time_revised_derived,public,all
T00094,8.466666666666667,9.55,L0047,L0048,65.0,84.55,0.0,official_public_fixed_time_revised_derived,public,all
T00095,17.816666666666666,18.45,L0015,L0042,38.0,69.35,0.0,official_public_fixed_time_revised_derived,public,all
T00096,8.85,10.433333333333334,L0022,L0020,95.0,97.85,0.0,official_public_fixed_time_revised_derived,public,all
T00097,9.366666666666667,10.566666666666666,L0069,L0004,72.0,94.05,0.0,official_public_fixed_time_revised_derived,public,all
T00098,15.8,16.75,L0056,L0066,57.0,77.89999999999999,0.0,official_public_fixed_time_revised_derived,public,all
T00099,16.116666666666667,16.966666666666665,L0037,L0056,51.0,75.05,0.0,official_public_fixed_time_revised_derived,public,all
T00100,17.516666666666666,17.883333333333333,L0041,L0066,22.0,46.55,0.0,official_public_fixed_time_revised_derived,public,all
T00101,12.966666666666667,13.716666666666667,L0055,L0006,45.0,64.6,0.0,official_public_fixed_time_revised_derived,public,all
T00102,11.4,12.033333333333333,L0034,L0012,38.0,62.699999999999996,0.0,official_public_fixed_time_revised_derived,public,all
T00103,12.183333333333334,13.7,L0045,L0076,91.0,101.64999999999999,0.0,official_public_fixed_time_revised_derived,public,all
T00104,12.066666666666666,12.55,L0026,L0014,29.0,47.5,0.0,official_public_fixed_time_revised_derived,public,all
T00105,9.7,10.766666666666667,L0075,L0055,64.0,90.25,0.0,official_public_fixed_time_revised_derived,public,all
T00106,7.216666666666667,8.55,L0034,L0040,80.0,102.6,0.0,official_public_fixed_time_revised_derived,public,all
T00107,16.233333333333334,16.85,L0009,L0053,37.0,57.0,0.0,official_public_fixed_time_revised_derived,public,all
T00108,17.95,18.466666666666665,L0026,L0074,31.0,49.4,0.0,official_public_fixed_time_revised_derived,public,all
T00109,17.6,18.166666666666668,L0074,L0015,34.0,53.199999999999996,0.0,official_public_fixed_time_revised_derived,public,all
T00110,9.633333333333333,10.3,L0032,L0028,40.0,47.5,0.0,official_public_fixed_time_revised_derived,public,all
T00111,14.433333333333334,15.333333333333334,L0057,L0025,54.0,76.95,0.0,official_public_fixed_time_revised_derived,public,all
T00112,16.566666666666666,17.716666666666665,L0023,L0024,69.0,102.6,0.0,official_public_fixed_time_revised_derived,public,all
T00113,16.2,17.333333333333332,L0028,L0036,68.0,94.05,0.0,official_public_fixed_time_revised_derived,public,all
T00114,15.6,16.566666666666666,L0025,L0011,58.0,67.45,0.0,official_public_fixed_time_revised_derived,public,all
T00115,10.533333333333333,11.316666666666666,L0061,L0008,47.0,70.3,0.0,official_public_fixed_time_revised_derived,public,all
T00116,7.983333333333333,9.133333333333333,L0051,L0028,69.0,73.14999999999999,0.0,official_public_fixed_time_revised_derived,public,all
T00117,17.55,18.633333333333333,L0053,L0060,65.0,93.1,0.0,official_public_fixed_time_revised_derived,public,all
T00118,7.533333333333333,8.4,L0033,L0058,52.0,70.3,0.0,official_public_fixed_time_revised_derived,public,all
T00119,17.883333333333333,18.616666666666667,L0023,L0054,44.0,78.85,0.0,official_public_fixed_time_revised_derived,public,all
T00120,10.916666666666666,11.666666666666666,L0059,L0061,45.0,62.699999999999996,0.0,official_public_fixed_time_revised_derived,public,all
T00121,17.6,18.366666666666667,L0047,L0039,46.0,66.5,0.0,official_public_fixed_time_revised_derived,public,all
T00122,7.233333333333333,8.15,L0064,L0045,55.0,86.45,0.0,official_public_fixed_time_revised_derived,public,all
T00123,13.083333333333334,14.25,L0031,L0029,70.0,86.45,0.0,official_public_fixed_time_revised_derived,public,all
T00124,16.55,17.116666666666667,L0040,L0027,34.0,55.099999999999994,0.0,official_public_fixed_time_revised_derived,public,all
T00125,14.95,15.6,L0025,L0004,39.0,49.4,0.0,official_public_fixed_time_revised_derived,public,all
T00126,10.0,10.683333333333334,L0072,L0062,41.0,61.75,0.0,official_public_fixed_time_revised_derived,public,all
T00127,10.133333333333333,11.233333333333333,L0007,L0051,66.0,83.6,0.0,official_public_fixed_time_revised_derived,public,all
T00128,8.116666666666667,8.8,L0020,L0073,41.0,62.699999999999996,0.0,official_public_fixed_time_revised_derived,public,all
T00129,15.85,16.866666666666667,L0013,L0065,61.0,91.19999999999999,0.0,official_public_fixed_time_revised_derived,public,all
T00130,7.416666666666667,9.05,L0022,L0016,98.0,100.69999999999999,0.0,official_public_fixed_time_revised_derived,public,all
T00131,7.133333333333334,7.733333333333333,L0061,L0034,36.0,59.849999999999994,0.0,official_public_fixed_time_revised_derived,public,all
T00132,12.183333333333334,12.983333333333333,L0076,L0019,48.0,56.05,0.0,official_public_fixed_time_revised_derived,public,all
T00133,7.816666666666666,8.5,L0021,L0077,41.0,61.75,0.0,official_public_fixed_time_revised_derived,public,all
T00134,7.633333333333334,8.016666666666667,L0049,L0012,23.0,53.199999999999996,0.0,official_public_fixed_time_revised_derived,public,all
T00135,17.683333333333334,18.533333333333335,L0012,L0059,51.0,76.95,0.0,official_public_fixed_time_revised_derived,public,all
T00136,17.75,18.566666666666666,L0034,L0054,49.0,73.14999999999999,0.0,official_public_fixed_time_revised_derived,public,all
T00137,7.55,8.666666666666666,L0024,L0006,67.0,91.19999999999999,0.0,official_public_fixed_time_revised_derived,public,all
T00138,9.816666666666666,10.25,L0036,L0041,26.0,37.05,0.0,official_public_fixed_time_revised_derived,public,all
T00139,7.5,8.683333333333334,L0049,L0042,71.0,98.8,0.0,official_public_fixed_time_revised_derived,public,all
T00140,17.483333333333334,17.766666666666666,L0009,L0020,17.0,38.0,0.0,official_public_fixed_time_revised_derived,public,all
T00141,14.666666666666666,15.166666666666666,L0023,L0062,30.0,65.55,0.0,official_public_fixed_time_revised_derived,public,all
T00142,10.5,11.75,L0066,L0009,75.0,90.25,0.0,official_public_fixed_time_revised_derived,public,all
T00143,8.3,8.683333333333334,L0075,L0046,23.0,51.3,0.0,official_public_fixed_time_revised_derived,public,all
T00144,12.3,13.333333333333334,L0058,L0008,62.0,75.05,0.0,official_public_fixed_time_revised_derived,public,all
T00145,10.083333333333334,11.466666666666667,L0034,L0055,83.0,105.44999999999999,0.0,official_public_fixed_time_revised_derived,public,all
T00146,13.083333333333334,13.816666666666666,L0044,L0058,44.0,72.2,0.0,official_public_fixed_time_revised_derived,public,all
T00147,7.866666666666666,8.5,L0027,L0043,38.0,51.3,0.0,official_public_fixed_time_revised_derived,public,all
T00148,10.683333333333334,11.833333333333334,L0008,L0027,69.0,80.75,0.0,official_public_fixed_time_revised_derived,public,all
T00149,15.566666666666666,16.55,L0028,L0019,59.0,85.5,0.0,official_public_fixed_time_revised_derived,public,all
T00150,14.05,14.55,L0009,L0039,30.0,50.349999999999994,0.0,official_public_fixed_time_revised_derived,public,all
T00151,13.916666666666666,15.333333333333334,L0067,L0032,85.0,104.5,0.0,official_public_fixed_time_revised_derived,public,all
T00152,15.333333333333334,16.233333333333334,L0047,L0010,54.0,74.1,0.0,official_public_fixed_time_revised_derived,public,all
T00153,14.433333333333334,15.333333333333334,L0012,L0057,54.0,79.8,0.0,official_public_fixed_time_revised_derived,public,all
T00154,12.15,12.75,L0016,L0024,36.0,49.4,0.0,official_public_fixed_time_revised_derived,public,all
T00155,15.933333333333334,17.083333333333332,L0047,L0030,69.0,88.35,0.0,official_public_fixed_time_revised_derived,public,all
T00156,9.066666666666666,9.65,L0036,L0008,35.0,45.599999999999994,0.0,official_public_fixed_time_revised_derived,public,all
T00157,16.433333333333334,17.533333333333335,L0024,L0072,66.0,90.25,0.0,official_public_fixed_time_revised_derived,public,all
T00158,8.933333333333334,9.55,L0068,L0028,37.0,52.25,0.0,official_public_fixed_time_revised_derived,public,all
T00159,8.266666666666667,9.233333333333333,L0065,L0011,58.0,80.75,0.0,official_public_fixed_time_revised_derived,public,all
T00160,8.666666666666666,9.916666666666666,L0025,L0059,75.0,83.6,0.0,official_public_fixed_time_revised_derived,public,all
T00161,8.75,9.75,L0039,L0073,60.0,92.14999999999999,0.0,official_public_fixed_time_revised_derived,public,all
T00162,13.133333333333333,14.45,L0052,L0065,79.0,101.64999999999999,0.0,official_public_fixed_time_revised_derived,public,all
T00163,11.316666666666666,12.5,L0053,L0037,71.0,98.8,0.0,official_public_fixed_time_revised_derived,public,all
T00164,13.783333333333333,14.983333333333333,L0042,L0037,72.0,96.89999999999999,0.0,official_public_fixed_time_revised_derived,public,all
T00165,15.333333333333334,16.266666666666666,L0041,L0073,56.0,78.85,0.0,official_public_fixed_time_revised_derived,public,all
T00166,17.9,18.816666666666666,L0041,L0048,55.0,77.89999999999999,0.0,official_public_fixed_time_revised_derived,public,all
T00167,9.666666666666666,10.583333333333334,L0054,L0049,55.0,74.1,0.0,official_public_fixed_time_revised_derived,public,all
T00168,7.716666666666667,8.9,L0067,L0026,71.0,91.19999999999999,0.0,official_public_fixed_time_revised_derived,public,all
T00169,12.583333333333334,13.333333333333334,L0040,L0021,45.0,65.55,0.0,official_public_fixed_time_revised_derived,public,all
T00170,12.45,13.8,L0029,L0015,81.0,81.7,0.0,official_public_fixed_time_revised_derived,public,all
T00171,9.433333333333334,10.1,L0012,L0071,40.0,66.5,0.0,official_public_fixed_time_revised_derived,public,all
T00172,16.65,17.516666666666666,L0018,L0043,52.0,71.25,0.0,official_public_fixed_time_revised_derived,public,all
T00173,17.533333333333335,18.4,L0007,L0041,52.0,70.3,0.0,official_public_fixed_time_revised_derived,public,all
T00174,8.05,8.766666666666667,L0016,L0006,43.0,56.05,0.0,official_public_fixed_time_revised_derived,public,all
T00175,17.683333333333334,18.466666666666665,L0028,L0068,47.0,74.1,0.0,official_public_fixed_time_revised_derived,public,all
T00176,8.566666666666666,9.95,L0038,L0072,83.0,99.75,0.0,official_public_fixed_time_revised_derived,public,all
T00177,17.816666666666666,18.716666666666665,L0053,L0078,54.0,82.64999999999999,0.0,official_public_fixed_time_revised_derived,public,all
T00178,12.05,13.466666666666667,L0045,L0047,85.0,95.94999999999999,0.0,official_public_fixed_time_revised_derived,public,all
T00179,7.0,8.25,L0071,L0059,75.0,80.75,0.0,official_public_fixed_time_revised_derived,public,all
T00180,12.583333333333334,13.933333333333334,L0054,L0047,81.0,98.8,0.0,official_public_fixed_time_revised_derived,public,all
T00181,13.833333333333334,14.566666666666666,L0073,L0015,44.0,64.6,0.0,official_public_fixed_time_revised_derived,public,all
T00182,12.3,13.733333333333333,L0068,L0020,86.0,98.8,0.0,official_public_fixed_time_revised_derived,public,all
T00183,11.216666666666667,12.366666666666667,L0016,L0045,69.0,80.75,0.0,official_public_fixed_time_revised_derived,public,all
T00184,8.566666666666666,9.05,L0043,L0050,29.0,55.099999999999994,0.0,official_public_fixed_time_revised_derived,public,all
T00185,7.116666666666666,8.333333333333334,L0037,L0047,73.0,95.94999999999999,0.0,official_public_fixed_time_revised_derived,public,all
T00186,7.716666666666667,8.433333333333334,L0019,L0013,43.0,59.849999999999994,0.0,official_public_fixed_time_revised_derived,public,all
T00187,11.566666666666666,12.416666666666666,L0065,L0037,51.0,74.1,0.0,official_public_fixed_time_revised_derived,public,all
T00188,15.066666666666666,16.416666666666668,L0047,L0035,81.0,99.75,0.0,official_public_fixed_time_revised_derived,public,all
T00189,11.15,12.616666666666667,L0029,L0071,88.0,88.35,0.0,official_public_fixed_time_revised_derived,public,all
T00190,7.3,8.233333333333333,L0006,L0062,56.0,90.25,0.0,official_public_fixed_time_revised_derived,public,all
T00191,9.4,10.516666666666667,L0016,L0006,67.0,78.85,0.0,official_public_fixed_time_revised_derived,public,all
T00192,16.583333333333332,17.583333333333332,L0007,L0030,60.0,77.89999999999999,0.0,official_public_fixed_time_revised_derived,public,all
T00193,17.183333333333334,17.9,L0004,L0043,43.0,51.3,0.0,official_public_fixed_time_revised_derived,public,all
T00194,7.283333333333333,8.066666666666666,L0004,L0071,47.0,55.099999999999994,0.0,official_public_fixed_time_revised_derived,public,all
T00195,7.866666666666666,8.833333333333334,L0076,L0063,58.0,65.55,0.0,official_public_fixed_time_revised_derived,public,all
T00196,15.283333333333333,16.316666666666666,L0051,L0072,62.0,66.5,0.0,official_public_fixed_time_revised_derived,public,all
T00197,14.983333333333333,15.95,L0022,L0054,58.0,62.699999999999996,0.0,official_public_fixed_time_revised_derived,public,all
T00198,15.266666666666667,15.85,L0006,L0020,35.0,70.3,0.0,official_public_fixed_time_revised_derived,public,all
T00199,16.466666666666665,17.316666666666666,L0036,L0077,51.0,60.8,0.0,official_public_fixed_time_revised_derived,public,all
T00200,17.75,19.0,L0066,L0035,75.0,90.25,0.0,official_public_fixed_time_revised_derived,public,all
T00201,11.566666666666666,15.8,L0040,L0040,254.0,264.09999999999997,0.0,official_public_fixed_time_revised_derived,public,all
T00202,7.75,11.9,L0062,L0062,249.0,259.34999999999997,0.0,official_public_fixed_time_revised_derived,public,all
T00203,19.8,22.983333333333334,L0015,L0015,191.0,214.7,0.0,official_public_fixed_time_revised_derived,public,all
T00204,10.95,15.283333333333333,L0045,L0045,260.0,262.2,0.0,official_public_fixed_time_revised_derived,public,all
T00205,19.3,23.833333333333332,L0051,L0051,272.0,266.0,0.0,official_public_fixed_time_revised_derived,public,all
T00206,19.416666666666668,23.416666666666668,L0058,L0058,240.0,244.14999999999998,0.0,official_public_fixed_time_revised_derived,public,all
T00207,15.75,20.35,L0042,L0042,276.0,290.7,0.0,official_public_fixed_time_revised_derived,public,all
T00208,14.583333333333334,18.366666666666667,L0044,L0044,227.0,246.04999999999998,0.0,official_public_fixed_time_revised_derived,public,all
T00209,14.216666666666667,17.3,L0011,L0011,185.0,206.14999999999998,0.0,official_public_fixed_time_revised_derived,public,all
T00210,15.216666666666667,18.233333333333334,L0053,L0053,181.0,203.29999999999998,0.0,official_public_fixed_time_revised_derived,public,all
T00211,6.4,10.283333333333333,L0034,L0034,233.0,247.95,0.0,official_public_fixed_time_revised_derived,public,all
T00212,18.1,21.35,L0056,L0056,195.0,209.0,0.0,official_public_fixed_time_revised_derived,public,all
T00213,6.766666666666667,10.916666666666666,L0019,L0019,249.0,255.54999999999998,0.0,official_public_fixed_time_revised_derived,public,all
T00214,11.683333333333334,15.4,L0010,L0010,223.0,229.89999999999998,0.0,official_public_fixed_time_revised_derived,public,all
T00215,7.45,10.783333333333333,L0061,L0061,200.0,215.64999999999998,0.0,official_public_fixed_time_revised_derived,public,all
T00216,18.833333333333332,22.0,L0030,L0030,190.0,198.54999999999998,0.0,official_public_fixed_time_revised_derived,public,all
T00217,8.983333333333333,12.75,L0031,L0031,226.0,234.64999999999998,0.0,official_public_fixed_time_revised_derived,public,all
T00218,18.983333333333334,23.566666666666666,L0058,L0058,275.0,277.4,0.0,official_public_fixed_time_revised_derived,public,all
T00219,8.216666666666667,13.183333333333334,L0030,L0030,298.0,301.15,0.0,official_public_fixed_time_revised_derived,public,all
T00220,19.883333333333333,23.816666666666666,L0054,L0054,236.0,246.04999999999998,0.0,official_public_fixed_time_revised_derived,public,all
T00221,7.45,12.1,L0028,L0028,279.0,294.5,0.0,official_public_fixed_time_revised_derived,public,all
T00222,13.683333333333334,17.85,L0006,L0006,250.0,274.55,0.0,official_public_fixed_time_revised_derived,public,all
T00223,11.966666666666667,15.1,L0064,L0064,188.0,212.79999999999998,0.0,official_public_fixed_time_revised_derived,public,all
T00224,6.333333333333333,10.25,L0075,L0075,235.0,252.7,0.0,official_public_fixed_time_revised_derived,public,all
T00225,17.45,20.933333333333334,L0077,L0077,209.0,236.54999999999998,0.0,official_public_fixed_time_revised_derived,public,all
T00226,16.35,20.216666666666665,L0022,L0022,232.0,228.0,0.0,official_public_fixed_time_revised_derived,public,all
T00227,7.683333333333334,12.4,L0042,L0042,283.0,297.34999999999997,0.0,official_public_fixed_time_revised_derived,public,all
T00228,7.233333333333333,10.683333333333334,L0004,L0004,207.0,207.1,0.0,official_public_fixed_time_revised_derived,public,all
T00229,10.216666666666667,14.166666666666666,L0060,L0060,237.0,248.89999999999998,0.0,official_public_fixed_time_revised_derived,public,all
T00230,16.316666666666666,21.2,L0064,L0064,293.0,312.55,0.0,official_public_fixed_time_revised_derived,public,all
T00231,19.783333333333335,23.6,L0037,L0037,229.0,244.14999999999998,0.0,official_public_fixed_time_revised_derived,public,all
T00232,10.383333333333333,14.95,L0059,L0059,274.0,280.25,0.0,official_public_fixed_time_revised_derived,public,all
T00233,11.716666666666667,16.616666666666667,L0054,L0054,294.0,301.15,0.0,official_public_fixed_time_revised_derived,public,all
T00234,13.916666666666666,17.833333333333332,L0049,L0049,235.0,254.6,0.0,official_public_fixed_time_revised_derived,public,all
T00235,10.783333333333333,13.8,L0057,L0057,181.0,197.6,0.0,official_public_fixed_time_revised_derived,public,all
T00236,14.416666666666666,17.85,L0043,L0043,206.0,223.25,0.0,official_public_fixed_time_revised_derived,public,all
T00237,12.733333333333333,16.133333333333333,L0075,L0075,204.0,223.25,0.0,official_public_fixed_time_revised_derived,public,all
T00238,16.533333333333335,19.716666666666665,L0043,L0043,191.0,209.0,0.0,official_public_fixed_time_revised_derived,public,all
T00239,14.183333333333334,18.883333333333333,L0045,L0045,282.0,283.09999999999997,0.0,official_public_fixed_time_revised_derived,public,all
T00240,7.0,10.816666666666666,L0027,L0027,229.0,232.75,0.0,official_public_fixed_time_revised_derived,public,all
T00241,12.316666666666666,16.833333333333332,L0028,L0028,271.0,286.9,0.0,official_public_fixed_time_revised_derived,public,all
T00242,5.4,8.95,L0018,L0018,213.0,224.2,0.0,official_public_fixed_time_revised_derived,public,all
T00243,10.05,14.666666666666666,L0050,L0050,277.0,292.59999999999997,0.0,official_public_fixed_time_revised_derived,public,all
T00244,5.616666666666666,10.05,L0057,L0057,266.0,278.34999999999997,0.0,official_public_fixed_time_revised_derived,public,all
T00245,6.266666666666667,10.983333333333333,L0036,L0036,283.0,281.2,0.0,official_public_fixed_time_revised_derived,public,all
T00246,10.3,14.1,L0013,L0013,228.0,249.85,0.0,official_public_fixed_time_revised_derived,public,all
T00247,17.766666666666666,20.933333333333334,L0006,L0006,190.0,217.54999999999998,0.0,official_public_fixed_time_revised_derived,public,all
T00248,17.316666666666666,21.983333333333334,L0042,L0042,280.0,294.5,0.0,official_public_fixed_time_revised_derived,public,all
T00249,18.6,22.2,L0033,L0033,216.0,226.1,0.0,official_public_fixed_time_revised_derived,public,all
T00250,18.166666666666668,22.433333333333334,L0031,L0031,256.0,263.15,0.0,official_public_fixed_time_revised_derived,public,all
T00251,16.266666666666666,19.633333333333333,L0068,L0068,202.0,209.0,0.0,official_public_fixed_time_revised_derived,public,all
T00252,14.75,17.966666666666665,L0027,L0027,193.0,198.54999999999998,0.0,official_public_fixed_time_revised_derived,public,all
T00253,9.6,13.7,L0072,L0072,246.0,256.5,0.0,official_public_fixed_time_revised_derived,public,all
T00254,9.483333333333333,14.233333333333333,L0052,L0052,285.0,297.34999999999997,0.0,official_public_fixed_time_revised_derived,public,all
T00255,15.45,19.5,L0075,L0075,243.0,260.3,0.0,official_public_fixed_time_revised_derived,public,all
T00256,17.783333333333335,21.283333333333335,L0072,L0072,210.0,222.29999999999998,0.0,official_public_fixed_time_revised_derived,public,all
T00257,19.35,24.066666666666666,L0019,L0019,283.0,287.84999999999997,0.0,official_public_fixed_time_revised_derived,public,all
T00258,7.416666666666667,11.433333333333334,L0039,L0039,241.0,264.09999999999997,0.0,official_public_fixed_time_revised_derived,public,all
T00259,12.3,16.366666666666667,L0046,L0046,244.0,259.34999999999997,0.0,official_public_fixed_time_revised_derived,public,all
T00260,15.4,18.916666666666668,L0013,L0013,211.0,233.7,0.0,official_public_fixed_time_revised_derived,public,all
T00261,6.8,10.966666666666667,L0014,L0014,250.0,253.64999999999998,0.0,official_public_fixed_time_revised_derived,public,all
T00262,7.583333333333333,10.683333333333334,L0034,L0034,186.0,203.29999999999998,0.0,official_public_fixed_time_revised_derived,public,all
T00263,9.45,12.633333333333333,L0075,L0075,191.0,210.89999999999998,0.0,official_public_fixed_time_revised_derived,public,all
T00264,15.616666666666667,19.666666666666668,L0010,L0010,243.0,248.89999999999998,0.0,official_public_fixed_time_revised_derived,public,all
T00265,18.3,21.516666666666666,L0024,L0024,193.0,210.89999999999998,0.0,official_public_fixed_time_revised_derived,public,all
T00266,7.216666666666667,10.916666666666666,L0074,L0074,222.0,231.79999999999998,0.0,official_public_fixed_time_revised_derived,public,all
T00267,18.166666666666668,22.783333333333335,L0059,L0059,277.0,283.09999999999997,0.0,official_public_fixed_time_revised_derived,public,all
T00268,14.066666666666666,17.933333333333334,L0032,L0032,232.0,229.89999999999998,0.0,official_public_fixed_time_revised_derived,public,all
T00269,18.733333333333334,22.283333333333335,L0041,L0041,213.0,228.0,0.0,official_public_fixed_time_revised_derived,public,all
T00270,12.916666666666666,16.683333333333334,L0022,L0022,226.0,222.29999999999998,0.0,official_public_fixed_time_revised_derived,public,all
T00271,5.783333333333333,10.216666666666667,L0013,L0013,266.0,285.95,0.0,official_public_fixed_time_revised_derived,public,all
T00272,7.466666666666667,11.416666666666666,L0040,L0040,237.0,247.95,0.0,official_public_fixed_time_revised_derived,public,all
T00273,6.266666666666667,10.483333333333333,L0008,L0008,253.0,255.54999999999998,0.0,official_public_fixed_time_revised_derived,public,all
T00274,19.716666666666665,23.2,L0039,L0039,209.0,233.7,0.0,official_public_fixed_time_revised_derived,public,all
T00275,14.366666666666667,19.083333333333332,L0073,L0073,283.0,291.65,0.0,official_public_fixed_time_revised_derived,public,all
T00276,5.95,10.416666666666666,L0041,L0041,268.0,280.25,0.0,official_public_fixed_time_revised_derived,public,all
T00277,9.316666666666666,12.933333333333334,L0052,L0052,217.0,232.75,0.0,official_public_fixed_time_revised_derived,public,all
T00278,11.933333333333334,16.016666666666666,L0033,L0033,245.0,253.64999999999998,0.0,official_public_fixed_time_revised_derived,public,all
T00279,19.3,24.05,L0021,L0021,285.0,293.55,0.0,official_public_fixed_time_revised_derived,public,all
T00280,6.55,10.883333333333333,L0048,L0048,260.0,252.7,0.0,official_public_fixed_time_revised_derived,public,all
T00281,7.85,12.083333333333334,L0061,L0061,254.0,266.95,0.0,official_public_fixed_time_revised_derived,public,all
T00282,14.833333333333334,19.7,L0044,L0044,292.0,307.8,0.0,official_public_fixed_time_revised_derived,public,all
T00283,17.033333333333335,20.533333333333335,L0004,L0004,210.0,209.95,0.0,official_public_fixed_time_revised_derived,public,all
T00284,15.633333333333333,20.366666666666667,L0044,L0044,284.0,300.2,0.0,official_public_fixed_time_revised_derived,public,all
T00285,9.233333333333333,13.25,L0067,L0067,241.0,252.7,0.0,official_public_fixed_time_revised_derived,public,all
T00286,6.483333333333333,11.433333333333334,L0035,L0035,297.0,296.4,0.0,official_public_fixed_time_revised_derived,public,all
T00287,7.0,11.583333333333334,L0012,L0012,275.0,289.75,0.0,official_public_fixed_time_revised_derived,public,all
T00288,6.85,11.75,L0064,L0064,294.0,313.5,0.0,official_public_fixed_time_revised_derived,public,all
T00289,14.75,17.883333333333333,L0063,L0063,188.0,195.7,0.0,official_public_fixed_time_revised_derived,public,all
T00290,7.55,10.666666666666666,L0066,L0066,187.0,196.64999999999998,0.0,official_public_fixed_time_revised_derived,public,all
T00291,18.866666666666667,21.883333333333333,L0032,L0032,181.0,181.45,0.0,official_public_fixed_time_revised_derived,public,all
T00292,15.416666666666666,19.15,L0037,L0037,224.0,239.39999999999998,0.0,official_public_fixed_time_revised_derived,public,all
T00293,6.25,9.333333333333334,L0074,L0074,185.0,196.64999999999998,0.0,official_public_fixed_time_revised_derived,public,all
T00294,17.2,20.983333333333334,L0051,L0051,227.0,223.25,0.0,official_public_fixed_time_revised_derived,public,all
T00295,8.833333333333334,12.45,L0055,L0055,217.0,228.0,0.0,official_public_fixed_time_revised_derived,public,all
T00296,18.566666666666666,23.433333333333334,L0043,L0043,292.0,304.95,0.0,official_public_fixed_time_revised_derived,public,all
T00297,11.883333333333333,16.7,L0049,L0049,289.0,305.9,0.0,official_public_fixed_time_revised_derived,public,all
T00298,12.45,16.15,L0047,L0047,222.0,233.7,0.0,official_public_fixed_time_revised_derived,public,all
T00299,14.9,18.85,L0054,L0054,237.0,247.0,0.0,official_public_fixed_time_revised_derived,public,all
T00300,5.116666666666666,9.233333333333333,L0070,L0070,247.0,244.14999999999998,0.0,official_public_fixed_time_revised_derived,public,all
T00301,13.233333333333333,16.833333333333332,L0016,L0016,216.0,220.39999999999998,0.0,official_public_fixed_time_revised_derived,public,all
T00302,10.35,15.05,L0017,L0017,282.0,300.2,0.0,official_public_fixed_time_revised_derived,public,all
T00303,19.066666666666666,23.066666666666666,L0056,L0056,240.0,251.75,0.0,official_public_fixed_time_revised_derived,public,all
T00304,19.45,23.833333333333332,L0065,L0065,263.0,275.5,0.0,official_public_fixed_time_revised_derived,public,all
T00305,13.15,16.483333333333334,L0069,L0069,200.0,215.64999999999998,0.0,official_public_fixed_time_revised_derived,public,all
T00306,13.333333333333334,16.35,L0055,L0055,181.0,193.79999999999998,0.0,official_public_fixed_time_revised_derived,public,all
T00307,14.583333333333334,18.683333333333334,L0076,L0076,246.0,244.14999999999998,0.0,official_public_fixed_time_revised_derived,public,all
T00308,13.666666666666666,18.566666666666666,L0010,L0010,294.0,297.34999999999997,0.0,official_public_fixed_time_revised_derived,public,all
T00309,14.333333333333334,18.866666666666667,L0024,L0024,272.0,285.95,0.0,official_public_fixed_time_revised_derived,public,all
T00310,7.3,11.316666666666666,L0029,L0029,241.0,233.7,0.0,official_public_fixed_time_revised_derived,public,all
T00311,17.45,21.066666666666666,L0073,L0073,217.0,228.95,0.0,official_public_fixed_time_revised_derived,public,all
T00312,10.4,14.733333333333333,L0039,L0039,260.0,282.15,0.0,official_public_fixed_time_revised_derived,public,all
T00313,10.333333333333334,15.133333333333333,L0048,L0048,288.0,279.3,0.0,official_public_fixed_time_revised_derived,public,all
T00314,16.083333333333332,20.8,L0024,L0024,283.0,296.4,0.0,official_public_fixed_time_revised_derived,public,all
T00315,16.783333333333335,20.233333333333334,L0039,L0039,207.0,231.79999999999998,0.0,official_public_fixed_time_revised_derived,public,all
T00316,10.35,13.45,L0022,L0022,186.0,184.29999999999998,0.0,official_public_fixed_time_revised_derived,public,all
T00317,14.716666666666667,18.633333333333333,L0016,L0016,235.0,238.45,0.0,official_public_fixed_time_revised_derived,public,all
T00318,15.733333333333333,19.5,L0041,L0041,226.0,240.35,0.0,official_public_fixed_time_revised_derived,public,all
T00319,15.75,20.516666666666666,L0074,L0074,286.0,292.59999999999997,0.0,official_public_fixed_time_revised_derived,public,all
T00320,6.316666666666666,9.816666666666666,L0068,L0068,210.0,216.6,0.0,official_public_fixed_time_revised_derived,public,all
T00321,13.833333333333334,16.9,L0041,L0041,184.0,200.45,0.0,official_public_fixed_time_revised_derived,public,all
T00322,13.85,17.383333333333333,L0020,L0020,212.0,225.14999999999998,0.0,official_public_fixed_time_revised_derived,public,all
T00323,18.666666666666668,23.633333333333333,L0057,L0057,298.0,308.75,0.0,official_public_fixed_time_revised_derived,public,all
T00324,19.25,22.35,L0051,L0051,186.0,184.29999999999998,0.0,official_public_fixed_time_revised_derived,public,all
T00325,6.733333333333333,10.966666666666667,L0007,L0007,254.0,262.2,0.0,official_public_fixed_time_revised_derived,public,all
T00326,7.15,10.95,L0039,L0039,228.0,251.75,0.0,official_public_fixed_time_revised_derived,public,all
T00327,14.733333333333333,18.3,L0015,L0015,214.0,236.54999999999998,0.0,official_public_fixed_time_revised_derived,public,all
T00328,15.433333333333334,19.283333333333335,L0042,L0042,231.0,247.95,0.0,official_public_fixed_time_revised_derived,public,all
T00329,18.266666666666666,22.183333333333334,L0059,L0059,235.0,243.2,0.0,official_public_fixed_time_revised_derived,public,all
T00330,15.683333333333334,19.133333333333333,L0048,L0048,207.0,202.35,0.0,official_public_fixed_time_revised_derived,public,all
T00331,13.5,17.75,L0069,L0069,255.0,267.9,0.0,official_public_fixed_time_revised_derived,public,all
T00332,11.0,15.916666666666666,L0024,L0024,295.0,307.8,0.0,official_public_fixed_time_revised_derived,public,all
T00333,15.033333333333333,18.633333333333333,L0054,L0054,216.0,227.04999999999998,0.0,official_public_fixed_time_revised_derived,public,all
T00334,8.383333333333333,12.883333333333333,L0046,L0046,270.0,284.05,0.0,official_public_fixed_time_revised_derived,public,all
T00335,8.333333333333334,11.533333333333333,L0071,L0071,192.0,191.89999999999998,0.0,official_public_fixed_time_revised_derived,public,all
T00336,8.316666666666666,13.116666666666667,L0052,L0052,288.0,300.2,0.0,official_public_fixed_time_revised_derived,public,all
T00337,14.216666666666667,18.416666666666668,L0038,L0038,252.0,260.3,0.0,official_public_fixed_time_revised_derived,public,all
T00338,15.816666666666666,19.366666666666667,L0046,L0046,213.0,229.89999999999998,0.0,official_public_fixed_time_revised_derived,public,all
T00339,6.533333333333333,11.25,L0068,L0068,283.0,285.95,0.0,official_public_fixed_time_revised_derived,public,all
T00340,8.933333333333334,13.283333333333333,L0069,L0069,261.0,273.59999999999997,0.0,official_public_fixed_time_revised_derived,public,all
T00341,11.283333333333333,14.533333333333333,L0056,L0056,195.0,209.0,0.0,official_public_fixed_time_revised_derived,public,all
T00342,10.3,15.25,L0045,L0045,297.0,297.34999999999997,0.0,official_public_fixed_time_revised_derived,public,all
T00343,17.6,21.7,L0007,L0007,246.0,254.6,0.0,official_public_fixed_time_revised_derived,public,all
T00344,6.883333333333334,10.45,L0009,L0009,214.0,225.14999999999998,0.0,official_public_fixed_time_revised_derived,public,all
T00345,11.283333333333333,15.183333333333334,L0065,L0065,234.0,247.95,0.0,official_public_fixed_time_revised_derived,public,all
T00346,19.433333333333334,22.783333333333335,L0050,L0050,201.0,220.39999999999998,0.0,official_public_fixed_time_revised_derived,public,all
T00347,17.483333333333334,22.1,L0053,L0053,277.0,294.5,0.0,official_public_fixed_time_revised_derived,public,all
T00348,10.4,14.383333333333333,L0046,L0046,239.0,254.6,0.0,official_public_fixed_time_revised_derived,public,all
T00349,9.883333333333333,13.75,L0021,L0021,232.0,243.2,0.0,official_public_fixed_time_revised_derived,public,all
T00350,18.2,23.183333333333334,L0013,L0013,299.0,317.3,0.0,official_public_fixed_time_revised_derived,public,all
T00351,13.633333333333333,18.2,L0048,L0048,274.0,266.0,0.0,official_public_fixed_time_revised_derived,public,all
T00352,16.183333333333334,20.35,L0051,L0051,250.0,245.1,0.0,official_public_fixed_time_revised_derived,public,all
T00353,13.866666666666667,18.583333333333332,L0047,L0047,283.0,291.65,0.0,official_public_fixed_time_revised_derived,public,all
T00354,19.766666666666666,23.35,L0024,L0024,215.0,231.79999999999998,0.0,official_public_fixed_time_revised_derived,public,all
T00355,12.283333333333333,16.116666666666667,L0076,L0076,230.0,228.95,0.0,official_public_fixed_time_revised_derived,public,all
T00356,13.883333333333333,18.266666666666666,L0007,L0007,263.0,270.75,0.0,official_public_fixed_time_revised_derived,public,all
T00357,17.4,21.216666666666665,L0012,L0012,229.0,246.04999999999998,0.0,official_public_fixed_time_revised_derived,public,all
T00358,7.516666666666667,11.916666666666666,L0041,L0041,264.0,276.45,0.0,official_public_fixed_time_revised_derived,public,all
T00359,19.816666666666666,22.916666666666668,L0012,L0012,186.0,205.2,0.0,official_public_fixed_time_revised_derived,public,all
T00360,9.1,12.35,L0069,L0069,195.0,210.89999999999998,0.0,official_public_fixed_time_revised_derived,public,all
T00361,19.333333333333332,22.85,L0044,L0044,211.0,230.85,0.0,official_public_fixed_time_revised_derived,public,all
T00362,12.133333333333333,16.75,L0004,L0004,277.0,273.59999999999997,0.0,official_public_fixed_time_revised_derived,public,all
T00363,12.766666666666667,17.416666666666668,L0011,L0011,279.0,295.45,0.0,official_public_fixed_time_revised_derived,public,all
T00364,15.666666666666666,19.466666666666665,L0038,L0038,228.0,237.5,0.0,official_public_fixed_time_revised_derived,public,all
T00365,14.2,18.766666666666666,L0072,L0072,274.0,283.09999999999997,0.0,official_public_fixed_time_revised_derived,public,all
T00366,8.666666666666666,12.116666666666667,L0005,L0005,207.0,218.5,0.0,official_public_fixed_time_revised_derived,public,all
T00367,17.883333333333333,22.533333333333335,L0028,L0028,279.0,294.5,0.0,official_public_fixed_time_revised_derived,public,all
T00368,9.3,13.466666666666667,L0024,L0024,250.0,265.05,0.0,official_public_fixed_time_revised_derived,public,all
T00369,10.883333333333333,15.366666666666667,L0010,L0010,269.0,273.59999999999997,0.0,official_public_fixed_time_revised_derived,public,all
T00370,6.216666666666667,10.166666666666666,L0023,L0023,237.0,262.2,0.0,official_public_fixed_time_revised_derived,public,all
T00371,13.6,16.633333333333333,L0071,L0071,182.0,182.39999999999998,0.0,official_public_fixed_time_revised_derived,public,all
T00372,6.766666666666667,11.333333333333334,L0049,L0049,274.0,291.65,0.0,official_public_fixed_time_revised_derived,public,all
T00373,5.0,8.566666666666666,L0030,L0030,214.0,221.35,0.0,official_public_fixed_time_revised_derived,public,all
T00374,7.616666666666666,11.816666666666666,L0066,L0066,252.0,258.4,0.0,official_public_fixed_time_revised_derived,public,all
T00375,18.783333333333335,22.783333333333335,L0046,L0046,240.0,255.54999999999998,0.0,official_public_fixed_time_revised_derived,public,all
T00376,13.983333333333333,18.75,L0036,L0036,286.0,284.05,0.0,official_public_fixed_time_revised_derived,public,all
T00377,18.583333333333332,22.966666666666665,L0018,L0018,263.0,271.7,0.0,official_public_fixed_time_revised_derived,public,all
T00378,17.616666666666667,21.383333333333333,L0010,L0010,226.0,232.75,0.0,official_public_fixed_time_revised_derived,public,all
T00379,10.766666666666667,14.366666666666667,L0052,L0052,216.0,231.79999999999998,0.0,official_public_fixed_time_revised_derived,public,all
T00380,18.666666666666668,23.183333333333334,L0055,L0055,271.0,279.3,0.0,official_public_fixed_time_revised_derived,public,all
T00381,8.566666666666666,12.916666666666666,L0067,L0067,261.0,271.7,0.0,official_public_fixed_time_revised_derived,public,all
T00382,14.433333333333334,18.45,L0077,L0077,241.0,266.95,0.0,official_public_fixed_time_revised_derived,public,all
T00383,16.5,20.4,L0041,L0041,234.0,247.95,0.0,official_public_fixed_time_revised_derived,public,all
T00384,14.0,17.5,L0032,L0032,210.0,209.0,0.0,official_public_fixed_time_revised_derived,public,all
T00385,14.266666666666667,19.083333333333332,L0008,L0008,289.0,289.75,0.0,official_public_fixed_time_revised_derived,public,all
T00386,10.033333333333333,14.416666666666666,L0049,L0049,263.0,281.2,0.0,official_public_fixed_time_revised_derived,public,all
T00387,17.05,21.416666666666668,L0021,L0021,262.0,271.7,0.0,official_public_fixed_time_revised_derived,public,all
T00388,7.5,11.383333333333333,L0059,L0059,233.0,241.29999999999998,0.0,official_public_fixed_time_revised_derived,public,all
T00389,6.666666666666667,10.2,L0046,L0046,212.0,228.95,0.0,official_public_fixed_time_revised_derived,public,all
T00390,15.966666666666667,19.35,L0077,L0077,203.0,230.85,0.0,official_public_fixed_time_revised_derived,public,all
T00391,10.0,14.033333333333333,L0053,L0053,242.0,261.25,0.0,official_public_fixed_time_revised_derived,public,all
T00392,16.15,20.433333333333334,L0055,L0055,257.0,266.0,0.0,official_public_fixed_time_revised_derived,public,all
T00393,18.066666666666666,21.75,L0059,L0059,221.0,229.89999999999998,0.0,official_public_fixed_time_revised_derived,public,all
T00394,14.7,17.833333333333332,L0073,L0073,188.0,201.39999999999998,0.0,official_public_fixed_time_revised_derived,public,all
T00395,8.65,13.483333333333333,L0076,L0076,290.0,285.95,0.0,official_public_fixed_time_revised_derived,public,all
T00396,18.383333333333333,23.083333333333332,L0051,L0051,282.0,275.5,0.0,official_public_fixed_time_revised_derived,public,all
T00397,16.083333333333332,20.766666666666666,L0007,L0007,281.0,287.84999999999997,0.0,official_public_fixed_time_revised_derived,public,all
T00398,12.416666666666666,15.55,L0008,L0008,188.0,193.79999999999998,0.0,official_public_fixed_time_revised_derived,public,all
T00399,13.933333333333334,17.383333333333333,L0025,L0025,207.0,209.0,0.0,official_public_fixed_time_revised_derived,public,all
T00400,10.466666666666667,14.25,L0063,L0063,227.0,232.75,0.0,official_public_fixed_time_revised_derived,public,all
T00401,7.6,12.116666666666667,L0017,L0017,271.0,289.75,0.0,official_public_fixed_time_revised_derived,public,all
T00402,19.0,23.833333333333332,L0075,L0075,290.0,304.95,0.0,official_public_fixed_time_revised_derived,public,all
T00403,8.866666666666667,13.833333333333334,L0027,L0027,298.0,298.3,0.0,official_public_fixed_time_revised_derived,public,all
T00404,11.5,16.1,L0053,L0053,276.0,293.55,0.0,official_public_fixed_time_revised_derived,public,all
T00405,8.316666666666666,11.75,L0047,L0047,206.0,218.5,0.0,official_public_fixed_time_revised_derived,public,all
T00406,18.5,21.9,L0028,L0028,204.0,223.25,0.0,official_public_fixed_time_revised_derived,public,all
T00407,10.833333333333334,14.216666666666667,L0047,L0047,203.0,215.64999999999998,0.0,official_public_fixed_time_revised_derived,public,all
T00408,18.5,22.066666666666666,L0020,L0020,214.0,227.04999999999998,0.0,official_public_fixed_time_revised_derived,public,all
T00409,15.333333333333334,19.55,L0028,L0028,253.0,269.8,0.0,official_public_fixed_time_revised_derived,public,all
T00410,17.9,22.866666666666667,L0018,L0018,298.0,304.95,0.0,official_public_fixed_time_revised_derived,public,all
T00411,14.75,17.866666666666667,L0044,L0044,187.0,208.04999999999998,0.0,official_public_fixed_time_revised_derived,public,all
T00412,15.933333333333334,20.7,L0014,L0014,286.0,287.84999999999997,0.0,official_public_fixed_time_revised_derived,public,all
T00413,12.333333333333334,16.016666666666666,L0005,L0005,221.0,231.79999999999998,0.0,official_public_fixed_time_revised_derived,public,all
T00414,5.216666666666667,10.0,L0037,L0037,287.0,299.25,0.0,official_public_fixed_time_revised_derived,public,all
T00415,13.1,16.2,L0032,L0032,186.0,186.2,0.0,official_public_fixed_time_revised_derived,public,all
T00416,12.283333333333333,16.4,L0023,L0023,247.0,271.7,0.0,official_public_fixed_time_revised_derived,public,all
T00417,9.033333333333333,13.266666666666667,L0043,L0043,254.0,268.84999999999997,0.0,official_public_fixed_time_revised_derived,public,all
T00418,14.516666666666667,19.483333333333334,L0026,L0026,298.0,303.05,0.0,official_public_fixed_time_revised_derived,public,all
T00419,8.316666666666666,12.266666666666667,L0051,L0051,237.0,232.75,0.0,official_public_fixed_time_revised_derived,public,all
T00420,14.733333333333333,18.95,L0027,L0027,253.0,255.54999999999998,0.0,official_public_fixed_time_revised_derived,public,all
T00421,18.633333333333333,23.1,L0057,L0057,268.0,280.25,0.0,official_public_fixed_time_revised_derived,public,all
T00422,14.816666666666666,19.516666666666666,L0041,L0041,282.0,293.55,0.0,official_public_fixed_time_revised_derived,public,all
T00423,8.166666666666666,12.566666666666666,L0013,L0013,264.0,284.05,0.0,official_public_fixed_time_revised_derived,public,all
T00424,9.733333333333333,13.45,L0010,L0010,223.0,229.89999999999998,0.0,official_public_fixed_time_revised_derived,public,all
T00425,11.15,15.1,L0066,L0066,237.0,244.14999999999998,0.0,official_public_fixed_time_revised_derived,public,all
T00426,13.15,18.1,L0069,L0069,297.0,307.8,0.0,official_public_fixed_time_revised_derived,public,all
T00427,16.05,19.316666666666666,L0015,L0015,196.0,219.45,0.0,official_public_fixed_time_revised_derived,public,all
T00428,14.066666666666666,18.4,L0028,L0028,260.0,276.45,0.0,official_public_fixed_time_revised_derived,public,all
T00429,10.65,15.066666666666666,L0047,L0047,265.0,274.55,0.0,official_public_fixed_time_revised_derived,public,all
T00430,8.633333333333333,12.083333333333334,L0007,L0007,207.0,217.54999999999998,0.0,official_public_fixed_time_revised_derived,public,all
T00431,16.0,20.5,L0026,L0026,270.0,276.45,0.0,official_public_fixed_time_revised_derived,public,all
T00432,13.8,17.916666666666668,L0045,L0045,247.0,249.85,0.0,official_public_fixed_time_revised_derived,public,all
T00433,16.65,21.283333333333335,L0006,L0006,278.0,301.15,0.0,official_public_fixed_time_revised_derived,public,all
T00434,5.366666666666666,9.333333333333334,L0059,L0059,238.0,246.04999999999998,0.0,official_public_fixed_time_revised_derived,public,all
T00435,6.566666666666666,9.7,L0050,L0050,188.0,208.04999999999998,0.0,official_public_fixed_time_revised_derived,public,all
T00436,6.4,9.833333333333334,L0024,L0024,206.0,223.25,0.0,official_public_fixed_time_revised_derived,public,all
T00437,11.133333333333333,15.366666666666667,L0057,L0057,254.0,266.95,0.0,official_public_fixed_time_revised_derived,public,all
T00438,5.3,9.916666666666666,L0060,L0060,277.0,286.9,0.0,official_public_fixed_time_revised_derived,public,all
T00439,10.166666666666666,15.033333333333333,L0021,L0021,292.0,300.2,0.0,official_public_fixed_time_revised_derived,public,all
T00440,8.116666666666667,11.383333333333333,L0020,L0020,196.0,209.95,0.0,official_public_fixed_time_revised_derived,public,all
T00441,6.133333333333334,10.633333333333333,L0065,L0065,270.0,282.15,0.0,official_public_fixed_time_revised_derived,public,all
T00442,19.633333333333333,23.583333333333332,L0026,L0026,237.0,245.1,0.0,official_public_fixed_time_revised_derived,public,all
T00443,12.65,17.35,L0049,L0049,282.0,299.25,0.0,official_public_fixed_time_revised_derived,public,all
T00444,5.966666666666667,9.283333333333333,L0050,L0050,199.0,218.5,0.0,official_public_fixed_time_revised_derived,public,all
T00445,18.766666666666666,23.65,L0064,L0064,293.0,312.55,0.0,official_public_fixed_time_revised_derived,public,all
T00446,15.633333333333333,19.25,L0014,L0014,217.0,222.29999999999998,0.0,official_public_fixed_time_revised_derived,public,all
T00447,16.433333333333334,19.866666666666667,L0053,L0053,206.0,227.04999999999998,0.0,official_public_fixed_time_revised_derived,public,all
T00448,15.05,18.716666666666665,L0031,L0031,220.0,228.95,0.0,official_public_fixed_time_revised_derived,public,all
T00449,17.683333333333334,20.983333333333334,L0025,L0025,198.0,200.45,0.0,official_public_fixed_time_revised_derived,public,all
T00450,12.35,16.666666666666668,L0008,L0008,259.0,261.25,0.0,official_public_fixed_time_revised_derived,public,all
T00451,17.933333333333334,22.883333333333333,L0044,L0044,297.0,312.55,0.0,official_public_fixed_time_revised_derived,public,all
T00452,6.95,11.733333333333333,L0015,L0015,287.0,305.9,0.0,official_public_fixed_time_revised_derived,public,all
T00453,13.466666666666667,17.25,L0037,L0037,227.0,242.25,0.0,official_public_fixed_time_revised_derived,public,all
T00454,6.283333333333333,9.366666666666667,L0066,L0066,185.0,194.75,0.0,official_public_fixed_time_revised_derived,public,all
T00455,11.316666666666666,16.283333333333335,L0053,L0053,298.0,314.45,0.0,official_public_fixed_time_revised_derived,public,all
T00456,11.366666666666667,16.15,L0030,L0030,287.0,290.7,0.0,official_public_fixed_time_revised_derived,public,all
T00457,6.316666666666666,11.233333333333333,L0071,L0071,295.0,289.75,0.0,official_public_fixed_time_revised_derived,public,all
T00458,12.066666666666666,16.033333333333335,L0057,L0057,238.0,251.75,0.0,official_public_fixed_time_revised_derived,public,all
T00459,12.8,17.616666666666667,L0024,L0024,289.0,302.09999999999997,0.0,official_public_fixed_time_revised_derived,public,all
T00460,11.816666666666666,14.866666666666667,L0063,L0063,183.0,190.95,0.0,official_public_fixed_time_revised_derived,public,all
T00461,16.05,19.633333333333333,L0013,L0013,215.0,237.5,0.0,official_public_fixed_time_revised_derived,public,all
T00462,7.566666666666666,10.7,L0054,L0054,188.0,200.45,0.0,official_public_fixed_time_revised_derived,public,all
T00463,17.65,20.7,L0023,L0023,183.0,210.89999999999998,0.0,official_public_fixed_time_revised_derived,public,all
T00464,18.3,22.966666666666665,L0060,L0060,280.0,289.75,0.0,official_public_fixed_time_revised_derived,public,all
T00465,7.433333333333334,11.0,L0056,L0056,214.0,227.04999999999998,0.0,official_public_fixed_time_revised_derived,public,all
T00466,14.4,18.633333333333333,L0068,L0068,254.0,258.4,0.0,official_public_fixed_time_revised_derived,public,all
T00467,8.333333333333334,12.316666666666666,L0056,L0056,239.0,250.79999999999998,0.0,official_public_fixed_time_revised_derived,public,all
T00468,5.866666666666666,9.383333333333333,L0016,L0016,211.0,215.64999999999998,0.0,official_public_fixed_time_revised_derived,public,all
T00469,11.016666666666667,15.983333333333333,L0015,L0015,298.0,316.34999999999997,0.0,official_public_fixed_time_revised_derived,public,all
T00470,10.816666666666666,14.75,L0024,L0024,236.0,251.75,0.0,official_public_fixed_time_revised_derived,public,all
T00471,13.65,16.683333333333334,L0012,L0012,182.0,201.39999999999998,0.0,official_public_fixed_time_revised_derived,public,all
T00472,16.816666666666666,20.866666666666667,L0026,L0026,243.0,250.79999999999998,0.0,official_public_fixed_time_revised_derived,public,all
T00473,7.366666666666666,10.683333333333334,L0066,L0066,199.0,208.04999999999998,0.0,official_public_fixed_time_revised_derived,public,all
T00474,9.183333333333334,12.633333333333333,L0058,L0058,207.0,212.79999999999998,0.0,official_public_fixed_time_revised_derived,public,all
T00475,13.633333333333333,16.75,L0056,L0056,187.0,201.39999999999998,0.0,official_public_fixed_time_revised_derived,public,all
T00476,13.95,18.866666666666667,L0032,L0032,295.0,289.75,0.0,official_public_fixed_time_revised_derived,public,all
T00477,18.25,22.116666666666667,L0062,L0062,232.0,243.2,0.0,official_public_fixed_time_revised_derived,public,all
T00478,8.416666666666666,13.283333333333333,L0076,L0076,292.0,287.84999999999997,0.0,official_public_fixed_time_revised_derived,public,all
T00479,17.966666666666665,21.616666666666667,L0010,L0010,219.0,226.1,0.0,official_public_fixed_time_revised_derived,public,all
T00480,10.083333333333334,14.566666666666666,L0016,L0016,269.0,270.75,0.0,official_public_fixed_time_revised_derived,public,all
T00481,9.7,14.45,L0005,L0005,285.0,292.59999999999997,0.0,official_public_fixed_time_revised_derived,public,all
T00482,16.216666666666665,21.116666666666667,L0028,L0028,294.0,308.75,0.0,official_public_fixed_time_revised_derived,public,all
T00483,5.166666666666667,8.416666666666666,L0009,L0009,195.0,207.1,0.0,official_public_fixed_time_revised_derived,public,all
T00484,8.383333333333333,12.033333333333333,L0031,L0031,219.0,228.0,0.0,official_public_fixed_time_revised_derived,public,all
T00485,5.2,9.533333333333333,L0008,L0008,260.0,262.2,0.0,official_public_fixed_time_revised_derived,public,all
T00486,18.033333333333335,22.483333333333334,L0007,L0007,267.0,274.55,0.0,official_public_fixed_time_revised_derived,public,all
T00487,10.983333333333333,15.166666666666666,L0051,L0051,251.0,246.04999999999998,0.0,official_public_fixed_time_revised_derived,public,all
T00488,17.066666666666666,21.066666666666666,L0012,L0012,240.0,256.5,0.0,official_public_fixed_time_revised_derived,public,all
T00489,5.483333333333333,8.933333333333334,L0048,L0048,207.0,202.35,0.0,official_public_fixed_time_revised_derived,public,all
T00490,12.25,17.183333333333334,L0074,L0074,296.0,302.09999999999997,0.0,official_public_fixed_time_revised_derived,public,all
T00491,14.7,18.1,L0065,L0065,204.0,219.45,0.0,official_public_fixed_time_revised_derived,public,all
T00492,7.616666666666666,11.866666666666667,L0062,L0062,255.0,265.05,0.0,official_public_fixed_time_revised_derived,public,all
T00493,8.75,12.183333333333334,L0044,L0044,206.0,226.1,0.0,official_public_fixed_time_revised_derived,public,all
T00494,15.783333333333333,19.383333333333333,L0043,L0043,216.0,232.75,0.0,official_public_fixed_time_revised_derived,public,all
T00495,10.85,15.616666666666667,L0010,L0010,286.0,289.75,0.0,official_public_fixed_time_revised_derived,public,all
T00496,18.383333333333333,22.05,L0051,L0051,220.0,216.6,0.0,official_public_fixed_time_revised_derived,public,all
T00497,7.4,11.166666666666666,L0033,L0033,226.0,235.6,0.0,official_public_fixed_time_revised_derived,public,all
T00498,19.4,24.316666666666666,L0005,L0005,295.0,302.09999999999997,0.0,official_public_fixed_time_revised_derived,public,all
T00499,16.3,20.7,L0055,L0055,264.0,272.65,0.0,official_public_fixed_time_revised_derived,public,all
T00500,14.616666666666667,18.483333333333334,L0069,L0069,232.0,246.04999999999998,0.0,official_public_fixed_time_revised_derived,public,all
