task_id,scenario_id,self_base_loss,outsourced_loss
TSK009357,S001,19.75944249,19.75944249
TSK009357,S002,25.7960702,25.7960702
TSK009357,S003,21.52916801,21.52916801
TSK009357,S004,14.20345124,14.20345124
TSK009357,S005,18.38240897,18.38240897
TSK009357,S006,10.3148836,10.3148836
TSK009357,S007,5.02772127,5.02772127
TSK009357,S008,15.55058974,15.55058974
TSK009357,S009,5.02772127,5.02772127
TSK009357,S010,13.9498555,13.9498555
TSK009357,S011,24.51564144,24.51564144
TSK009357,S012,20.02089897,20.02089897
TSK009357,S013,25.44913742,25.44913742
TSK009357,S014,16.03144685,16.03144685
TSK009357,S015,12.18839198,12.18839198
TSK009357,S016,19.82635468,19.82635468
TSK009357,S017,14.63969012,14.63969012
TSK009357,S018,22.44828481,22.44828481
TSK009357,S019,42.30691244,42.30691244
TSK009357,S020,17.07712276,17.07712276
TSK009357,S021,20.27724538,20.27724538
TSK009357,S022,5.02772127,5.02772127
TSK009357,S023,5.02772127,5.02772127
TSK009357,S024,17.32338729,17.32338729
TSK009357,S025,5.02772127,5.02772127
TSK009357,S026,14.5930292,14.5930292
TSK009357,S027,8.95065005,8.95065005
TSK009357,S028,15.88755639,15.88755639
TSK009357,S029,16.03144685,16.03144685
TSK009357,S030,5.02772127,5.02772127
TSK009357,S031,21.40440572,21.40440572
TSK009357,S032,14.14701627,14.14701627
TSK009357,S033,18.38240897,18.38240897
TSK009357,S034,14.63969012,14.63969012
TSK009357,S035,17.11858027,17.11858027
TSK009357,S036,20.27724538,20.27724538
TSK009357,S037,11.42280959,11.42280959
TSK009357,S038,5.02772127,5.02772127
TSK009357,S039,5.02772127,5.02772127
TSK009357,S040,17.84451177,17.84451177
TSK009357,S041,22.44828481,22.44828481
TSK009357,S042,13.02279283,13.02279283
TSK009357,S043,20.39684653,20.39684653
TSK009357,S044,14.20345124,14.20345124
TSK009357,S045,28.58125415,28.58125415
TSK009357,S046,18.0607582,18.0607582
TSK009357,S047,5.02772127,5.02772127
TSK009357,S048,23.9368388,23.9368388
TSK009357,S049,5.02772127,5.02772127
TSK009357,S050,16.79828836,16.79828836
TSK009357,S051,15.36228715,15.36228715
TSK009357,S052,24.50315112,24.50315112
TSK009357,S053,14.51387437,14.51387437
TSK009357,S054,5.02772127,5.02772127
TSK009357,S055,22.92686862,22.92686862
TSK009357,S056,12.04304856,12.04304856
TSK009357,S057,32.23639824,32.23639824
TSK009357,S058,13.77997641,13.77997641
TSK009357,S059,21.6602672,21.6602672
TSK009357,S060,5.02772127,5.02772127
TSK009357,S061,15.36228715,15.36228715
TSK009357,S062,14.21919149,14.21919149
TSK009357,S063,9.42261272,9.42261272
TSK009357,S064,37.46189468,37.46189468
TSK009357,S065,19.68579815,19.68579815
TSK009357,S066,5.02772127,5.02772127
TSK009357,S067,20.02089897,20.02089897
TSK009357,S068,18.68447707,18.68447707
TSK009357,S069,5.02772127,5.02772127
TSK009357,S070,12.25762575,12.25762575
TSK009357,S071,8.61044013,8.61044013
TSK009357,S072,15.57119832,15.57119832
TSK009357,S073,14.63641415,14.63641415
TSK009357,S074,5.02772127,5.02772127
TSK009357,S075,15.49937744,15.49937744
TSK009357,S076,11.79043855,11.79043855
TSK009357,S077,15.36228715,15.36228715
TSK009357,S078,8.98042485,8.98042485
TSK009357,S079,21.40440572,21.40440572
TSK009357,S080,16.79828836,16.79828836
TSK009357,S081,25.21983408,25.21983408
TSK009357,S082,5.02772127,5.02772127
TSK009357,S083,36.85374023,36.85374023
TSK009357,S084,5.02772127,5.02772127
TSK009357,S085,5.02772127,5.02772127
TSK009357,S086,11.11818395,11.11818395
TSK009357,S087,15.69064567,15.69064567
TSK009357,S088,13.06920126,13.06920126
TSK009357,S089,12.56665538,12.56665538
TSK009357,S090,15.8325308,15.8325308
TSK009357,S091,11.52156571,11.52156571
TSK009357,S092,16.52201313,16.52201313
TSK009357,S093,5.02772127,5.02772127
TSK009357,S094,14.38286454,14.38286454
TSK009357,S095,42.30691244,42.30691244
TSK009357,S096,18.97335478,18.97335478
TSK009357,S097,15.69415782,15.69415782
TSK009357,S098,9.3214638,9.3214638
TSK009357,S099,15.99420866,15.99420866
TSK009357,S100,5.02772127,5.02772127
TSK009369,S001,0.55333371,0.55333371
TSK009369,S002,0.70111146,0.70111146
TSK009369,S003,0.5017232,0.5017232
TSK009369,S004,0.35375282,0.35375282
TSK009369,S005,0.43278812,0.43278812
TSK009369,S006,0.26526128,0.26526128
TSK009369,S007,0.1343125,0.1343125
TSK009369,S008,0.37640074,0.37640074
TSK009369,S009,0.1343125,0.1343125
TSK009369,S010,0.34443928,0.34443928
TSK009369,S011,0.53193086,0.53193086
TSK009369,S012,0.49359395,0.49359395
TSK009369,S013,0.64320263,0.64320263
TSK009369,S014,0.39441368,0.39441368
TSK009369,S015,0.29911787,0.29911787
TSK009369,S016,0.5273308,0.5273308
TSK009369,S017,0.35085558,0.35085558
TSK009369,S018,0.51075354,0.51075354
TSK009369,S019,0.98031561,0.98031561
TSK009369,S020,0.40512551,0.40512551
TSK009369,S021,0.48353115,0.48353115
TSK009369,S022,0.1343125,0.1343125
TSK009369,S023,0.1343125,0.1343125
TSK009369,S024,0.42312292,0.42312292
TSK009369,S025,0.1343125,0.1343125
TSK009369,S026,0.39596989,0.39596989
TSK009369,S027,0.22124701,0.22124701
TSK009369,S028,0.44828454,0.44828454
TSK009369,S029,0.39441368,0.39441368
TSK009369,S030,0.1343125,0.1343125
TSK009369,S031,0.4977849,0.4977849
TSK009369,S032,0.33794225,0.33794225
TSK009369,S033,0.43278812,0.43278812
TSK009369,S034,0.35085558,0.35085558
TSK009369,S035,0.4163821,0.4163821
TSK009369,S036,0.48353115,0.48353115
TSK009369,S037,0.29737177,0.29737177
TSK009369,S038,0.1343125,0.1343125
TSK009369,S039,0.1343125,0.1343125
TSK009369,S040,0.44380609,0.44380609
TSK009369,S041,0.51075354,0.51075354
TSK009369,S042,0.31144835,0.31144835
TSK009369,S043,0.62544572,0.62544572
TSK009369,S044,0.35375282,0.35375282
TSK009369,S045,0.653488,0.653488
TSK009369,S046,0.44845916,0.44845916
TSK009369,S047,0.1343125,0.1343125
TSK009369,S048,0.57022114,0.57022114
TSK009369,S049,0.1343125,0.1343125
TSK009369,S050,0.40786272,0.40786272
TSK009369,S051,0.43844997,0.43844997
TSK009369,S052,0.64100366,0.64100366
TSK009369,S053,0.35022328,0.35022328
TSK009369,S054,0.1343125,0.1343125
TSK009369,S055,0.53574516,0.53574516
TSK009369,S056,0.32002332,0.32002332
TSK009369,S057,0.84583932,0.84583932
TSK009369,S058,0.35947699,0.35947699
TSK009369,S059,0.53009808,0.53009808
TSK009369,S060,0.1343125,0.1343125
TSK009369,S061,0.43844997,0.43844997
TSK009369,S062,0.33760778,0.33760778
TSK009369,S063,0.2511773,0.2511773
TSK009369,S064,0.94317963,0.94317963
TSK009369,S065,0.44433344,0.44433344
TSK009369,S066,0.1343125,0.1343125
TSK009369,S067,0.49359395,0.49359395
TSK009369,S068,0.43563659,0.43563659
TSK009369,S069,0.1343125,0.1343125
TSK009369,S070,0.32006728,0.32006728
TSK009369,S071,0.23152465,0.23152465
TSK009369,S072,0.37430718,0.37430718
TSK009369,S073,0.36344165,0.36344165
TSK009369,S074,0.1343125,0.1343125
TSK009369,S075,0.35269703,0.35269703
TSK009369,S076,0.29747283,0.29747283
TSK009369,S077,0.43844997,0.43844997
TSK009369,S078,0.22621031,0.22621031
TSK009369,S079,0.4977849,0.4977849
TSK009369,S080,0.40786272,0.40786272
TSK009369,S081,0.58022494,0.58022494
TSK009369,S082,0.1343125,0.1343125
TSK009369,S083,0.90727568,0.90727568
TSK009369,S084,0.1343125,0.1343125
TSK009369,S085,0.1343125,0.1343125
TSK009369,S086,0.26412171,0.26412171
TSK009369,S087,0.4555222,0.4555222
TSK009369,S088,0.34106323,0.34106323
TSK009369,S089,0.32627708,0.32627708
TSK009369,S090,0.3835339,0.3835339
TSK009369,S091,0.29470121,0.29470121
TSK009369,S092,0.4173462,0.4173462
TSK009369,S093,0.1343125,0.1343125
TSK009369,S094,0.34105544,0.34105544
TSK009369,S095,0.98031561,0.98031561
TSK009369,S096,0.48376656,0.48376656
TSK009369,S097,0.40040843,0.40040843
TSK009369,S098,0.22419428,0.22419428
TSK009369,S099,0.38341213,0.38341213
TSK009369,S100,0.1343125,0.1343125
TSK009405,S001,76.7643546,76.7643546
TSK009405,S002,131.66046844,131.66046844
TSK009405,S003,116.07216715,116.07216715
TSK009405,S004,62.74110171,62.74110171
TSK009405,S005,74.56871999,74.56871999
TSK009405,S006,51.02173913,51.02173913
TSK009405,S007,23.42478259,23.42478259
TSK009405,S008,68.49000203,68.49000203
TSK009405,S009,23.42478259,23.42478259
TSK009405,S010,83.24949953,83.24949953
TSK009405,S011,171.81958278,171.81958278
TSK009405,S012,130.45363634,130.45363634
TSK009405,S013,128.2959513,128.2959513
TSK009405,S014,77.96448418,77.96448418
TSK009405,S015,84.3871364,84.3871364
TSK009405,S016,78.25119164,78.25119164
TSK009405,S017,54.05997658,54.05997658
TSK009405,S018,116.24918985,116.24918985
TSK009405,S019,184.40300002,184.40300002
TSK009405,S020,89.53544818,89.53544818
TSK009405,S021,116.1660652,116.1660652
TSK009405,S022,23.42478259,23.42478259
TSK009405,S023,23.42478259,23.42478259
TSK009405,S024,72.28140759,72.28140759
TSK009405,S025,23.42478259,23.42478259
TSK009405,S026,54.917387,54.917387
TSK009405,S027,59.1095216,59.1095216
TSK009405,S028,53.3760901,53.3760901
TSK009405,S029,77.96448418,77.96448418
TSK009405,S030,23.42478259,23.42478259
TSK009405,S031,138.52800095,138.52800095
TSK009405,S032,92.3711721,92.3711721
TSK009405,S033,74.56871999,74.56871999
TSK009405,S034,54.05997658,54.05997658
TSK009405,S035,80.58502619,80.58502619
TSK009405,S036,116.1660652,116.1660652
TSK009405,S037,42.51841556,42.51841556
TSK009405,S038,23.42478259,23.42478259
TSK009405,S039,23.42478259,23.42478259
TSK009405,S040,77.94582776,77.94582776
TSK009405,S041,116.24918985,116.24918985
TSK009405,S042,91.60527309,91.60527309
TSK009405,S043,61.08153207,61.08153207
TSK009405,S044,62.74110171,62.74110171
TSK009405,S045,190.79531007,190.79531007
TSK009405,S046,84.34334004,84.34334004
TSK009405,S047,23.42478259,23.42478259
TSK009405,S048,191.2549203,191.2549203
TSK009405,S049,23.42478259,23.42478259
TSK009405,S050,87.84244982,87.84244982
TSK009405,S051,50.13105665,50.13105665
TSK009405,S052,113.34750018,113.34750018
TSK009405,S053,90.62748543,90.62748543
TSK009405,S054,23.42478259,23.42478259
TSK009405,S055,156.6723486,156.6723486
TSK009405,S056,52.4676684,52.4676684
TSK009405,S057,183.49789336,183.49789336
TSK009405,S058,68.83984451,68.83984451
TSK009405,S059,108.16213267,108.16213267
TSK009405,S060,23.42478259,23.42478259
TSK009405,S061,50.13105665,50.13105665
TSK009405,S062,88.16760432,88.16760432
TSK009405,S063,34.84957603,34.84957603
TSK009405,S064,215.32596338,215.32596338
TSK009405,S065,180.37288469,180.37288469
TSK009405,S066,23.42478259,23.42478259
TSK009405,S067,130.45363634,130.45363634
TSK009405,S068,114.153237,114.153237
TSK009405,S069,23.42478259,23.42478259
TSK009405,S070,47.24400671,47.24400671
TSK009405,S071,34.32970569,34.32970569
TSK009405,S072,58.23677683,58.23677683
TSK009405,S073,65.48369073,65.48369073
TSK009405,S074,23.42478259,23.42478259
TSK009405,S075,95.91363921,95.91363921
TSK009405,S076,44.19085664,44.19085664
TSK009405,S077,50.13105665,50.13105665
TSK009405,S078,54.8532744,54.8532744
TSK009405,S079,138.52800095,138.52800095
TSK009405,S080,87.84244982,87.84244982
TSK009405,S081,193.08134688,193.08134688
TSK009405,S082,23.42478259,23.42478259
TSK009405,S083,272.83207432,272.83207432
TSK009405,S084,23.42478259,23.42478259
TSK009405,S085,23.42478259,23.42478259
TSK009405,S086,56.37564158,56.37564158
TSK009405,S087,61.12075197,61.12075197
TSK009405,S088,46.54801017,46.54801017
TSK009405,S089,49.37260302,49.37260302
TSK009405,S090,72.77116832,72.77116832
TSK009405,S091,60.20685005,60.20685005
TSK009405,S092,88.63860363,88.63860363
TSK009405,S093,23.42478259,23.42478259
TSK009405,S094,104.87487917,104.87487917
TSK009405,S095,184.40300002,184.40300002
TSK009405,S096,70.9109403,70.9109403
TSK009405,S097,85.7237104,85.7237104
TSK009405,S098,41.44383061,41.44383061
TSK009405,S099,101.80660718,101.80660718
TSK009405,S100,23.42478259,23.42478259
TSK009415,S001,12.97887728,12.97887728
TSK009415,S002,16.30199306,16.30199306
TSK009415,S003,12.09786722,12.09786722
TSK009415,S004,8.49728597,8.49728597
TSK009415,S005,10.6179379,10.6179379
TSK009415,S006,6.26955471,6.26955471
TSK009415,S007,3.15586622,3.15586622
TSK009415,S008,9.11486685,9.11486685
TSK009415,S009,3.15586622,3.15586622
TSK009415,S010,8.10675749,8.10675749
TSK009415,S011,12.747389,12.747389
TSK009415,S012,11.52718236,11.52718236
TSK009415,S013,15.25134239,15.25134239
TSK009415,S014,9.44437892,9.44437892
TSK009415,S015,6.95074408,6.95074408
TSK009415,S016,12.52626673,12.52626673
TSK009415,S017,8.6098493,8.6098493
TSK009415,S018,12.43958022,12.43958022
TSK009415,S019,24.0523752,24.0523752
TSK009415,S020,9.74271263,9.74271263
TSK009415,S021,11.52681809,11.52681809
TSK009415,S022,3.15586622,3.15586622
TSK009415,S023,3.15586622,3.15586622
TSK009415,S024,10.2550758,10.2550758
TSK009415,S025,3.15586622,3.15586622
TSK009415,S026,9.37950562,9.37950562
TSK009415,S027,5.15668578,5.15668578
TSK009415,S028,10.56651706,10.56651706
TSK009415,S029,9.44437892,9.44437892
TSK009415,S030,3.15586622,3.15586622
TSK009415,S031,11.8102939,11.8102939
TSK009415,S032,7.95467324,7.95467324
TSK009415,S033,10.6179379,10.6179379
TSK009415,S034,8.6098493,8.6098493
TSK009415,S035,10.02453401,10.02453401
TSK009415,S036,11.52681809,11.52681809
TSK009415,S037,7.12667102,7.12667102
TSK009415,S038,3.15586622,3.15586622
TSK009415,S039,3.15586622,3.15586622
TSK009415,S040,10.67214287,10.67214287
TSK009415,S041,12.43958022,12.43958022
TSK009415,S042,7.27212908,7.27212908
TSK009415,S043,14.5001508,14.5001508
TSK009415,S044,8.49728597,8.49728597
TSK009415,S045,15.52476054,15.52476054
TSK009415,S046,10.74179591,10.74179591
TSK009415,S047,3.15586622,3.15586622
TSK009415,S048,13.13025615,13.13025615
TSK009415,S049,3.15586622,3.15586622
TSK009415,S050,9.74866343,9.74866343
TSK009415,S051,10.31686893,10.31686893
TSK009415,S052,15.1507011,15.1507011
TSK009415,S053,8.25797628,8.25797628
TSK009415,S054,3.15586622,3.15586622
TSK009415,S055,12.62334415,12.62334415
TSK009415,S056,7.56113155,7.56113155
TSK009415,S057,19.67993634,19.67993634
TSK009415,S058,8.45885989,8.45885989
TSK009415,S059,12.68726295,12.68726295
TSK009415,S060,3.15586622,3.15586622
TSK009415,S061,10.31686893,10.31686893
TSK009415,S062,7.99969159,7.99969159
TSK009415,S063,5.98313464,5.98313464
TSK009415,S064,22.15876043,22.15876043
TSK009415,S065,10.17009005,10.17009005
TSK009415,S066,3.15586622,3.15586622
TSK009415,S067,11.52718236,11.52718236
TSK009415,S068,10.38722526,10.38722526
TSK009415,S069,3.15586622,3.15586622
TSK009415,S070,7.65033475,7.65033475
TSK009415,S071,5.48081856,5.48081856
TSK009415,S072,9.17097537,9.17097537
TSK009415,S073,8.73006621,8.73006621
TSK009415,S074,3.15586622,3.15586622
TSK009415,S075,8.45473922,8.45473922
TSK009415,S076,7.18832844,7.18832844
TSK009415,S077,10.31686893,10.31686893
TSK009415,S078,5.28594368,5.28594368
TSK009415,S079,11.8102939,11.8102939
TSK009415,S080,9.74866343,9.74866343
TSK009415,S081,13.54827605,13.54827605
TSK009415,S082,3.15586622,3.15586622
TSK009415,S083,20.91387258,20.91387258
TSK009415,S084,3.15586622,3.15586622
TSK009415,S085,3.15586622,3.15586622
TSK009415,S086,6.36590678,6.36590678
TSK009415,S087,10.58608216,10.58608216
TSK009415,S088,8.18643551,8.18643551
TSK009415,S089,7.80270563,7.80270563
TSK009415,S090,9.25929152,9.25929152
TSK009415,S091,6.94750735,6.94750735
TSK009415,S092,9.85127023,9.85127023
TSK009415,S093,3.15586622,3.15586622
TSK009415,S094,7.94877484,7.94877484
TSK009415,S095,24.0523752,24.0523752
TSK009415,S096,11.65767179,11.65767179
TSK009415,S097,9.41377105,9.41377105
TSK009415,S098,5.43540755,5.43540755
TSK009415,S099,9.03940781,9.03940781
TSK009415,S100,3.15586622,3.15586622
TSK009420,S001,32.78882723,32.78882723
TSK009420,S002,51.64735026,51.64735026
TSK009420,S003,43.69492487,43.69492487
TSK009420,S004,25.13109113,25.13109113
TSK009420,S005,30.23180795,30.23180795
TSK009420,S006,19.96022068,19.96022068
TSK009420,S007,9.38159019,9.38159019
TSK009420,S008,27.29769541,27.29769541
TSK009420,S009,9.38159019,9.38159019
TSK009420,S010,30.93264624,30.93264624
TSK009420,S011,60.72126337,60.72126337
TSK009420,S012,47.57706197,47.57706197
TSK009420,S013,49.78540415,49.78540415
TSK009420,S014,30.37501869,30.37501869
TSK009420,S015,30.39016465,30.39016465
TSK009420,S016,32.85231963,32.85231963
TSK009420,S017,22.61635054,22.61635054
TSK009420,S018,43.99009363,43.99009363
TSK009420,S019,73.069747,73.069747
TSK009420,S020,34.02564437,34.02564437
TSK009420,S021,43.30486024,43.30486024
TSK009420,S022,9.38159019,9.38159019
TSK009420,S023,9.38159019,9.38159019
TSK009420,S024,29.29620739,29.29620739
TSK009420,S025,9.38159019,9.38159019
TSK009420,S026,23.51484845,23.51484845
TSK009420,S027,21.50781393,21.50781393
TSK009420,S028,23.9841498,23.9841498
TSK009420,S029,30.37501869,30.37501869
TSK009420,S030,9.38159019,9.38159019
TSK009420,S031,50.15696006,50.15696006
TSK009420,S032,33.5168505,33.5168505
TSK009420,S033,30.23180795,30.23180795
TSK009420,S034,22.61635054,22.61635054
TSK009420,S035,31.5895793,31.5895793
TSK009420,S036,43.30486024,43.30486024
TSK009420,S037,18.08755485,18.08755485
TSK009420,S038,9.38159019,9.38159019
TSK009420,S039,9.38159019,9.38159019
TSK009420,S040,31.30851664,31.30851664
TSK009420,S041,43.99009363,43.99009363
TSK009420,S042,32.77175723,32.77175723
TSK009420,S043,29.34985284,29.34985284
TSK009420,S044,25.13109113,25.13109113
TSK009420,S045,68.50523034,68.50523034
TSK009420,S046,33.2641637,33.2641637
TSK009420,S047,9.38159019,9.38159019
TSK009420,S048,66.86156701,66.86156701
TSK009420,S049,9.38159019,9.38159019
TSK009420,S050,33.53855693,33.53855693
TSK009420,S051,22.83279431,22.83279431
TSK009420,S052,45.28771081,45.28771081
TSK009420,S053,33.23262317,33.23262317
TSK009420,S054,9.38159019,9.38159019
TSK009420,S055,56.17424172,56.17424172
TSK009420,S056,21.38742613,21.38742613
TSK009420,S057,69.62101653,69.62101653
TSK009420,S058,26.93696761,26.93696761
TSK009420,S059,41.82101355,41.82101355
TSK009420,S060,9.38159019,9.38159019
TSK009420,S061,22.83279431,22.83279431
TSK009420,S062,32.29763318,32.29763318
TSK009420,S063,14.94053808,14.94053808
TSK009420,S064,80.93557537,80.93557537
TSK009420,S065,61.34723783,61.34723783
TSK009420,S066,9.38159019,9.38159019
TSK009420,S067,47.57706197,47.57706197
TSK009420,S068,41.82894286,41.82894286
TSK009420,S069,9.38159019,9.38159019
TSK009420,S070,19.89430771,19.89430771
TSK009420,S071,14.40455067,14.40455067
TSK009420,S072,24.28622828,24.28622828
TSK009420,S073,26.12281529,26.12281529
TSK009420,S074,9.38159019,9.38159019
TSK009420,S075,34.92749153,34.92749153
TSK009420,S076,18.62072871,18.62072871
TSK009420,S077,22.83279431,22.83279431
TSK009420,S078,20.34495585,20.34495585
TSK009420,S079,50.15696006,50.15696006
TSK009420,S080,33.53855693,33.53855693
TSK009420,S081,67.69540732,67.69540732
TSK009420,S082,9.38159019,9.38159019
TSK009420,S083,97.0738517,97.0738517
TSK009420,S084,9.38159019,9.38159019
TSK009420,S085,9.38159019,9.38159019
TSK009420,S086,21.60004313,21.60004313
TSK009420,S087,26.31869775,26.31869775
TSK009420,S088,20.09590845,20.09590845
TSK009420,S089,20.64169219,20.64169219
TSK009420,S090,28.68154266,28.68154266
TSK009420,S091,23.20809583,23.20809583
TSK009420,S092,33.87401142,33.87401142
TSK009420,S093,9.38159019,9.38159019
TSK009420,S094,37.22940735,37.22940735
TSK009420,S095,73.069747,73.069747
TSK009420,S096,29.97963872,29.97963872
TSK009420,S097,32.67856881,32.67856881
TSK009420,S098,16.45543603,16.45543603
TSK009420,S099,37.14867216,37.14867216
TSK009420,S100,9.38159019,9.38159019
TSK009439,S001,7.84736987,7.84736987
TSK009439,S002,9.97640427,9.97640427
TSK009439,S003,7.03886523,7.03886523
TSK009439,S004,4.97051248,4.97051248
TSK009439,S005,6.02940051,6.02940051
TSK009439,S006,3.75086249,3.75086249
TSK009439,S007,1.903549,1.903549
TSK009439,S008,5.27164187,5.27164187
TSK009439,S009,1.903549,1.903549
TSK009439,S010,4.8784054,4.8784054
TSK009439,S011,7.4809823,7.4809823
TSK009439,S012,7.01186289,7.01186289
TSK009439,S013,9.08366692,9.08366692
TSK009439,S014,5.54870662,5.54870662
TSK009439,S015,4.25725611,4.25725611
TSK009439,S016,7.44204963,7.44204963
TSK009439,S017,4.88748374,4.88748374
TSK009439,S018,7.13675382,7.13675382
TSK009439,S019,13.65694584,13.65694584
TSK009439,S020,5.68968378,5.68968378
TSK009439,S021,6.8144002,6.8144002
TSK009439,S022,1.903549,1.903549
TSK009439,S023,1.903549,1.903549
TSK009439,S024,5.92396215,5.92396215
TSK009439,S025,1.903549,1.903549
TSK009439,S026,5.5943294,5.5943294
TSK009439,S027,3.14535045,3.14535045
TSK009439,S028,6.34556419,6.34556419
TSK009439,S029,5.54870662,5.54870662
TSK009439,S030,1.903549,1.903549
TSK009439,S031,7.02836227,7.02836227
TSK009439,S032,4.78619291,4.78619291
TSK009439,S033,6.02940051,6.02940051
TSK009439,S034,4.88748374,4.88748374
TSK009439,S035,5.84519157,5.84519157
TSK009439,S036,6.8144002,6.8144002
TSK009439,S037,4.18210477,4.18210477
TSK009439,S038,1.903549,1.903549
TSK009439,S039,1.903549,1.903549
TSK009439,S040,6.23310576,6.23310576
TSK009439,S041,7.13675382,7.13675382
TSK009439,S042,4.42465413,4.42465413
TSK009439,S043,8.90959674,8.90959674
TSK009439,S044,4.97051248,4.97051248
TSK009439,S045,9.22206063,9.22206063
TSK009439,S046,6.30826983,6.30826983
TSK009439,S047,1.903549,1.903549
TSK009439,S048,8.14372482,8.14372482
TSK009439,S049,1.903549,1.903549
TSK009439,S050,5.74203655,5.74203655
TSK009439,S051,6.21049797,6.21049797
TSK009439,S052,9.06387981,9.06387981
TSK009439,S053,4.95682113,4.95682113
TSK009439,S054,1.903549,1.903549
TSK009439,S055,7.58468178,7.58468178
TSK009439,S056,4.52584948,4.52584948
TSK009439,S057,12.03282696,12.03282696
TSK009439,S058,5.09181374,5.09181374
TSK009439,S059,7.4589713,7.4589713
TSK009439,S060,1.903549,1.903549
TSK009439,S061,6.21049797,6.21049797
TSK009439,S062,4.7691676,4.7691676
TSK009439,S063,3.54091726,3.54091726
TSK009439,S064,13.36785481,13.36785481
TSK009439,S065,6.36010005,6.36010005
TSK009439,S066,1.903549,1.903549
TSK009439,S067,7.01186289,7.01186289
TSK009439,S068,6.13892139,6.13892139
TSK009439,S069,1.903549,1.903549
TSK009439,S070,4.50598805,4.50598805
TSK009439,S071,3.27180991,3.27180991
TSK009439,S072,5.21750655,5.21750655
TSK009439,S073,5.10663652,5.10663652
TSK009439,S074,1.903549,1.903549
TSK009439,S075,4.95967063,4.95967063
TSK009439,S076,4.16976376,4.16976376
TSK009439,S077,6.21049797,6.21049797
TSK009439,S078,3.21275688,3.21275688
TSK009439,S079,7.02836227,7.02836227
TSK009439,S080,5.74203655,5.74203655
TSK009439,S081,8.2429957,8.2429957
TSK009439,S082,1.903549,1.903549
TSK009439,S083,12.95223209,12.95223209
TSK009439,S084,1.903549,1.903549
TSK009439,S085,1.903549,1.903549
TSK009439,S086,3.70610566,3.70610566
TSK009439,S087,6.48310443,6.48310443
TSK009439,S088,4.79361705,4.79361705
TSK009439,S089,4.59249515,4.59249515
TSK009439,S090,5.37812215,5.37812215
TSK009439,S091,4.17130275,4.17130275
TSK009439,S092,5.90437247,5.90437247
TSK009439,S093,1.903549,1.903549
TSK009439,S094,4.84867968,4.84867968
TSK009439,S095,13.65694584,13.65694584
TSK009439,S096,6.78862055,6.78862055
TSK009439,S097,5.67350338,5.67350338
TSK009439,S098,3.13845448,3.13845448
TSK009439,S099,5.42681703,5.42681703
TSK009439,S100,1.903549,1.903549
TSK009447,S001,53.8650592,53.8650592
TSK009447,S002,91.18701777,91.18701777
TSK009447,S003,79.37825383,79.37825383
TSK009447,S004,43.32817548,43.32817548
TSK009447,S005,51.3648068,51.3648068
TSK009447,S006,35.21423344,35.21423344
TSK009447,S007,16.24823228,16.24823228
TSK009447,S008,47.18768054,47.18768054
TSK009447,S009,16.24823228,16.24823228
TSK009447,S010,57.02927084,57.02927084
TSK009447,S011,116.56584072,116.56584072
TSK009447,S012,89.20074373,89.20074373
TSK009447,S013,88.3820588,88.3820588
TSK009447,S014,53.64788078,53.64788078
TSK009447,S015,57.62226022,57.62226022
TSK009447,S016,54.57729042,54.57729042
TSK009447,S017,37.39944624,37.39944624
TSK009447,S018,79.432031,79.432031
TSK009447,S019,126.62417222,126.62417222
TSK009447,S020,61.3391829,61.3391829
TSK009447,S021,79.46776426,79.46776426
TSK009447,S022,16.24823228,16.24823228
TSK009447,S023,16.24823228,16.24823228
TSK009447,S024,49.91333054,49.91333054
TSK009447,S025,16.24823228,16.24823228
TSK009447,S026,38.45686846,38.45686846
TSK009447,S027,40.41329658,40.41329658
TSK009447,S028,37.74788209,37.74788209
TSK009447,S029,53.64788078,53.64788078
TSK009447,S030,16.24823228,16.24823228
TSK009447,S031,94.41957994,94.41957994
TSK009447,S032,63.04454146,63.04454146
TSK009447,S033,51.3648068,51.3648068
TSK009447,S034,37.39944624,37.39944624
TSK009447,S035,55.44729485,55.44729485
TSK009447,S036,79.46776426,79.46776426
TSK009447,S037,29.65591965,29.65591965
TSK009447,S038,16.24823228,16.24823228
TSK009447,S039,16.24823228,16.24823228
TSK009447,S040,53.83920502,53.83920502
TSK009447,S041,79.432031,79.432031
TSK009447,S042,62.44790742,62.44790742
TSK009447,S043,43.99383351,43.99383351
TSK009447,S044,43.32817548,43.32817548
TSK009447,S045,129.86338405,129.86338405
TSK009447,S046,58.14128459,58.14128459
TSK009447,S047,16.24823228,16.24823228
TSK009447,S048,130.10422294,130.10422294
TSK009447,S049,16.24823228,16.24823228
TSK009447,S050,60.28097312,60.28097312
TSK009447,S051,35.55944118,35.55944118
TSK009447,S052,78.4976386,78.4976386
TSK009447,S053,61.94034359,61.94034359
TSK009447,S054,16.24823228,16.24823228
TSK009447,S055,106.72312099,106.72312099
TSK009447,S056,36.4590625,36.4590625
TSK009447,S057,126.3552444,126.3552444
TSK009447,S058,47.55240946,47.55240946
TSK009447,S059,74.34850437,74.34850437
TSK009447,S060,16.24823228,16.24823228
TSK009447,S061,35.55944118,35.55944118
TSK009447,S062,60.20915727,60.20915727
TSK009447,S063,24.37479565,24.37479565
TSK009447,S064,147.81646597,147.81646597
TSK009447,S065,122.22181293,122.22181293
TSK009447,S066,16.24823228,16.24823228
TSK009447,S067,89.20074373,89.20074373
TSK009447,S068,77.89135806,77.89135806
TSK009447,S069,16.24823228,16.24823228
TSK009447,S070,32.91871368,32.91871368
TSK009447,S071,23.96080692,23.96080692
TSK009447,S072,40.28529743,40.28529743
TSK009447,S073,45.19415372,45.19415372
TSK009447,S074,16.24823228,16.24823228
TSK009447,S075,65.34032032,65.34032032
TSK009447,S076,30.71473208,30.71473208
TSK009447,S077,35.55944118,35.55944118
TSK009447,S078,37.60564658,37.60564658
TSK009447,S079,94.41957994,94.41957994
TSK009447,S080,60.28097312,60.28097312
TSK009447,S081,131.21118488,131.21118488
TSK009447,S082,16.24823228,16.24823228
TSK009447,S083,186.11391082,186.11391082
TSK009447,S084,16.24823228,16.24823228
TSK009447,S085,16.24823228,16.24823228
TSK009447,S086,38.65335925,38.65335925
TSK009447,S087,43.0525259,43.0525259
TSK009447,S088,32.53145079,32.53145079
TSK009447,S089,34.35787604,34.35787604
TSK009447,S090,50.08498011,50.08498011
TSK009447,S091,41.47421917,41.47421917
TSK009447,S092,60.96269826,60.96269826
TSK009447,S093,16.24823228,16.24823228
TSK009447,S094,71.42242054,71.42242054
TSK009447,S095,126.62417222,126.62417222
TSK009447,S096,49.34464555,49.34464555
TSK009447,S097,58.9736458,58.9736458
TSK009447,S098,28.5314791,28.5314791
TSK009447,S099,69.5295108,69.5295108
TSK009447,S100,16.24823228,16.24823228
TSK009455,S001,89.82785,89.82785
TSK009455,S002,154.33638391,154.33638391
TSK009455,S003,135.78521131,135.78521131
TSK009455,S004,73.32684792,73.32684792
TSK009455,S005,86.96459618,86.96459618
TSK009455,S006,59.73350806,59.73350806
TSK009455,S007,27.42912656,27.42912656
TSK009455,S008,79.99928301,79.99928301
TSK009455,S009,27.42912656,27.42912656
TSK009455,S010,97.55968471,97.55968471
TSK009455,S011,201.30437791,201.30437791
TSK009455,S012,152.98033023,152.98033023
TSK009455,S013,150.18268159,150.18268159
TSK009455,S014,91.19048172,91.19048172
TSK009455,S015,98.99736314,98.99736314
TSK009455,S016,91.46950086,91.46950086
TSK009455,S017,62.99018016,62.99018016
TSK009455,S018,135.88675905,135.88675905
TSK009455,S019,215.18889535,215.18889535
TSK009455,S020,104.74086488,104.74086488
TSK009455,S021,136.01902523,136.01902523
TSK009455,S022,27.42912656,27.42912656
TSK009455,S023,27.42912656,27.42912656
TSK009455,S024,84.38910421,84.38910421
TSK009455,S025,27.42912656,27.42912656
TSK009455,S026,64.19192715,64.19192715
TSK009455,S027,69.32580978,69.32580978
TSK009455,S028,62.37856104,62.37856104
TSK009455,S029,91.19048172,91.19048172
TSK009455,S030,27.42912656,27.42912656
TSK009455,S031,162.32037699,162.32037699
TSK009455,S032,108.2799023,108.2799023
TSK009455,S033,86.96459618,86.96459618
TSK009455,S034,62.99018016,62.99018016
TSK009455,S035,94.20475506,94.20475506
TSK009455,S036,136.01902523,136.01902523
TSK009455,S037,49.64251176,49.64251176
TSK009455,S038,27.42912656,27.42912656
TSK009455,S039,27.42912656,27.42912656
TSK009455,S040,91.08316418,91.08316418
TSK009455,S041,135.88675905,135.88675905
TSK009455,S042,107.44449103,107.44449103
TSK009455,S043,71.48883745,71.48883745
TSK009455,S044,73.32684792,73.32684792
TSK009455,S045,223.57632199,223.57632199
TSK009455,S046,98.62664706,98.62664706
TSK009455,S047,27.42912656,27.42912656
TSK009455,S048,224.51174518,224.51174518
TSK009455,S049,27.42912656,27.42912656
TSK009455,S050,102.79526209,102.79526209
TSK009455,S051,58.58726914,58.58726914
TSK009455,S052,132.660435,132.660435
TSK009455,S053,106.21168575,106.21168575
TSK009455,S054,27.42912656,27.42912656
TSK009455,S055,183.67209914,183.67209914
TSK009455,S056,61.3914781,61.3914781
TSK009455,S057,215.15561434,215.15561434
TSK009455,S058,80.62181162,80.62181162
TSK009455,S059,126.53311471,126.53311471
TSK009455,S060,27.42912656,27.42912656
TSK009455,S061,58.58726914,58.58726914
TSK009455,S062,103.30075951,103.30075951
TSK009455,S063,40.70924827,40.70924827
TSK009455,S064,252.33354637,252.33354637
TSK009455,S065,211.81408206,211.81408206
TSK009455,S066,27.42912656,27.42912656
TSK009455,S067,152.98033023,152.98033023
TSK009455,S068,133.69768161,133.69768161
TSK009455,S069,27.42912656,27.42912656
TSK009455,S070,55.1863232,55.1863232
TSK009455,S071,40.14316751,40.14316751
TSK009455,S072,67.87349782,67.87349782
TSK009455,S073,76.5383714,76.5383714
TSK009455,S074,27.42912656,27.42912656
TSK009455,S075,112.31288868,112.31288868
TSK009455,S076,51.56133587,51.56133587
TSK009455,S077,58.58726914,58.58726914
TSK009455,S078,64.3123691,64.3123691
TSK009455,S079,162.32037699,162.32037699
TSK009455,S080,102.79526209,102.79526209
TSK009455,S081,226.5089941,226.5089941
TSK009455,S082,27.42912656,27.42912656
TSK009455,S083,320.22760701,320.22760701
TSK009455,S084,27.42912656,27.42912656
TSK009455,S085,27.42912656,27.42912656
TSK009455,S086,65.92875539,65.92875539
TSK009455,S087,71.58878107,71.58878107
TSK009455,S088,54.32135787,54.32135787
TSK009455,S089,57.67783279,57.67783279
TSK009455,S090,85.04199902,85.04199902
TSK009455,S091,70.51511556,70.51511556
TSK009455,S092,103.81730891,103.81730891
TSK009455,S093,27.42912656,27.42912656
TSK009455,S094,123.02856547,123.02856547
TSK009455,S095,215.18889535,215.18889535
TSK009455,S096,82.75540978,82.75540978
TSK009455,S097,100.4348921,100.4348921
TSK009455,S098,48.40766411,48.40766411
TSK009455,S099,119.32143444,119.32143444
TSK009455,S100,27.42912656,27.42912656
TSK009503,S001,33.94335358,33.94335358
TSK009503,S002,52.75075366,52.75075366
TSK009503,S003,45.56943259,45.56943259
TSK009503,S004,26.37082238,26.37082238
TSK009503,S005,32.30654718,32.30654718
TSK009503,S006,20.63333937,20.63333937
TSK009503,S007,9.67554708,9.67554708
TSK009503,S008,28.80156184,28.80156184
TSK009503,S009,9.67554708,9.67554708
TSK009503,S010,31.72079153,31.72079153
TSK009503,S011,62.5105662,62.5105662
TSK009503,S012,48.48023387,48.48023387
TSK009503,S013,51.54062502,51.54062502
TSK009503,S014,31.68291386,31.68291386
TSK009503,S015,30.85027109,30.85027109
TSK009503,S016,34.34766557,34.34766557
TSK009503,S017,24.30340749,24.30340749
TSK009503,S018,46.20968119,46.20968119
TSK009503,S019,77.77305729,77.77305729
TSK009503,S020,35.47412761,35.47412761
TSK009503,S021,44.77890495,44.77890495
TSK009503,S022,9.67554708,9.67554708
TSK009503,S023,9.67554708,9.67554708
TSK009503,S024,31.00882581,31.00882581
TSK009503,S025,9.67554708,9.67554708
TSK009503,S026,24.57138917,24.57138917
TSK009503,S027,21.88697572,21.88697572
TSK009503,S028,25.04921101,25.04921101
TSK009503,S029,31.68291386,31.68291386
TSK009503,S030,9.67554708,9.67554708
TSK009503,S031,51.53301914,51.53301914
TSK009503,S032,34.29221506,34.29221506
TSK009503,S033,32.30654718,32.30654718
TSK009503,S034,24.30340749,24.30340749
TSK009503,S035,33.10622645,33.10622645
TSK009503,S036,44.77890495,44.77890495
TSK009503,S037,19.08871239,19.08871239
TSK009503,S038,9.67554708,9.67554708
TSK009503,S039,9.67554708,9.67554708
TSK009503,S040,32.89332771,32.89332771
TSK009503,S041,46.20968119,46.20968119
TSK009503,S042,33.33836979,33.33836979
TSK009503,S043,30.22746327,30.22746327
TSK009503,S044,26.37082238,26.37082238
TSK009503,S045,70.36269708,70.36269708
TSK009503,S046,34.75950963,34.75950963
TSK009503,S047,9.67554708,9.67554708
TSK009503,S048,67.43670006,67.43670006
TSK009503,S049,9.67554708,9.67554708
TSK009503,S050,34.84645209,34.84645209
TSK009503,S051,23.8296916,23.8296916
TSK009503,S052,46.91512434,46.91512434
TSK009503,S053,34.0718914,34.0718914
TSK009503,S054,9.67554708,9.67554708
TSK009503,S055,57.43527419,57.43527419
TSK009503,S056,22.1926124,22.1926124
TSK009503,S057,70.98429487,70.98429487
TSK009503,S058,27.75493461,27.75493461
TSK009503,S059,43.56345368,43.56345368
TSK009503,S060,9.67554708,9.67554708
TSK009503,S061,23.8296916,23.8296916
TSK009503,S062,33.20506533,33.20506533
TSK009503,S063,15.69460142,15.69460142
TSK009503,S064,82.99327362,82.99327362
TSK009503,S065,61.64119473,61.64119473
TSK009503,S066,9.67554708,9.67554708
TSK009503,S067,48.48023387,48.48023387
TSK009503,S068,43.16239949,43.16239949
TSK009503,S069,9.67554708,9.67554708
TSK009503,S070,20.92102671,20.92102671
TSK009503,S071,15.01376568,15.01376568
TSK009503,S072,26.04996964,26.04996964
TSK009503,S073,27.39662849,27.39662849
TSK009503,S074,9.67554708,9.67554708
TSK009503,S075,36.12036008,36.12036008
TSK009503,S076,19.77099482,19.77099482
TSK009503,S077,23.8296916,23.8296916
TSK009503,S078,20.76672009,20.76672009
TSK009503,S079,51.53301914,51.53301914
TSK009503,S080,34.84645209,34.84645209
TSK009503,S081,68.75194803,68.75194803
TSK009503,S082,9.67554708,9.67554708
TSK009503,S083,98.04518752,98.04518752
TSK009503,S084,9.67554708,9.67554708
TSK009503,S085,9.67554708,9.67554708
TSK009503,S086,22.57989944,22.57989944
TSK009503,S087,27.02163814,27.02163814
TSK009503,S088,21.27599627,21.27599627
TSK009503,S089,21.69823291,21.69823291
TSK009503,S090,30.14280663,30.14280663
TSK009503,S091,23.91103622,23.91103622
TSK009503,S092,34.90073042,34.90073042
TSK009503,S093,9.67554708,9.67554708
TSK009503,S094,37.8130609,37.8130609
TSK009503,S095,77.77305729,77.77305729
TSK009503,S096,31.76894154,31.76894154
TSK009503,S097,33.56895998,33.56895998
TSK009503,S098,17.36712842,17.36712842
TSK009503,S099,38.06462479,38.06462479
TSK009503,S100,9.67554708,9.67554708
TSK009507,S001,31.13779761,31.13779761
TSK009507,S002,46.98541609,46.98541609
TSK009507,S003,40.78157605,40.78157605
TSK009507,S004,24.06329968,24.06329968
TSK009507,S005,29.92675272,29.92675272
TSK009507,S006,18.52603933,18.52603933
TSK009507,S007,8.72266349,8.72266349
TSK009507,S008,26.34967341,26.34967341
TSK009507,S009,8.72266349,8.72266349
TSK009507,S010,27.94389956,27.94389956
TSK009507,S011,54.47687806,54.47687806
TSK009507,S012,42.28893826,42.28893826
TSK009507,S013,46.23319777,46.23319777
TSK009507,S014,28.60056532,28.60056532
TSK009507,S015,26.73784929,26.73784929
TSK009507,S016,31.59999453,31.59999453
TSK009507,S017,22.7500529,22.7500529
TSK009507,S018,41.62325035,41.62325035
TSK009507,S019,71.48032229,71.48032229
TSK009507,S020,31.81575037,31.81575037
TSK009507,S021,39.72558454,39.72558454
TSK009507,S022,8.72266349,8.72266349
TSK009507,S023,8.72266349,8.72266349
TSK009507,S024,28.53995708,28.53995708
TSK009507,S025,8.72266349,8.72266349
TSK009507,S026,22.69485633,22.69485633
TSK009507,S027,19.06021336,19.06021336
TSK009507,S028,23.36404794,23.36404794
TSK009507,S029,28.60056532,28.60056532
TSK009507,S030,8.72266349,8.72266349
TSK009507,S031,45.14557322,45.14557322
TSK009507,S032,29.96375588,29.96375588
TSK009507,S033,29.92675272,29.92675272
TSK009507,S034,22.7500529,22.7500529
TSK009507,S035,30.02952039,30.02952039
TSK009507,S036,39.72558454,39.72558454
TSK009507,S037,17.72241211,17.72241211
TSK009507,S038,8.72266349,8.72266349
TSK009507,S039,8.72266349,8.72266349
TSK009507,S040,30.05982116,30.05982116
TSK009507,S041,41.62325035,41.62325035
TSK009507,S042,28.88767378,28.88767378
TSK009507,S043,28.31377576,28.31377576
TSK009507,S044,24.06329968,24.06329968
TSK009507,S045,61.48457453,61.48457453
TSK009507,S046,31.51065689,31.51065689
TSK009507,S047,8.72266349,8.72266349
TSK009507,S048,57.65306362,57.65306362
TSK009507,S049,8.72266349,8.72266349
TSK009507,S050,31.21245563,31.21245563
TSK009507,S051,22.2772153,22.2772153
TSK009507,S052,42.40378217,42.40378217
TSK009507,S053,29.90399846,29.90399846
TSK009507,S054,8.72266349,8.72266349
TSK009507,S055,49.99398488,49.99398488
TSK009507,S056,20.17670964,20.17670964
TSK009507,S057,62.60786476,62.60786476
TSK009507,S058,24.86362336,24.86362336
TSK009507,S059,39.21496521,39.21496521
TSK009507,S060,8.72266349,8.72266349
TSK009507,S061,22.2772153,22.2772153
TSK009507,S062,29.1959715,29.1959715
TSK009507,S063,14.55086888,14.55086888
TSK009507,S064,73.33166019,73.33166019
TSK009507,S065,52.10122384,52.10122384
TSK009507,S066,8.72266349,8.72266349
TSK009507,S067,42.28893826,42.28893826
TSK009507,S068,38.05863065,38.05863065
TSK009507,S069,8.72266349,8.72266349
TSK009507,S070,19.335298,19.335298
TSK009507,S071,13.78219701,13.78219701
TSK009507,S072,24.33951147,24.33951147
TSK009507,S073,24.96620544,24.96620544
TSK009507,S074,8.72266349,8.72266349
TSK009507,S075,31.84843144,31.84843144
TSK009507,S076,18.39157134,18.39157134
TSK009507,S077,22.2772153,22.2772153
TSK009507,S078,18.22160339,18.22160339
TSK009507,S079,45.14557322,45.14557322
TSK009507,S080,31.21245563,31.21245563
TSK009507,S081,59.15234429,59.15234429
TSK009507,S082,8.72266349,8.72266349
TSK009507,S083,84.34704718,84.34704718
TSK009507,S084,8.72266349,8.72266349
TSK009507,S085,8.72266349,8.72266349
TSK009507,S086,20.33144505,20.33144505
TSK009507,S087,24.69314256,24.69314256
TSK009507,S088,19.85635952,19.85635952
TSK009507,S089,20.01660407,20.01660407
TSK009507,S090,27.43015513,27.43015513
TSK009507,S091,21.33891064,21.33891064
TSK009507,S092,31.07882638,31.07882638
TSK009507,S093,8.72266349,8.72266349
TSK009507,S094,32.65224984,32.65224984
TSK009507,S095,71.48032229,71.48032229
TSK009507,S096,29.53538755,29.53538755
TSK009507,S097,29.80882442,29.80882442
TSK009507,S098,15.87783795,15.87783795
TSK009507,S099,33.34895016,33.34895016
TSK009507,S100,8.72266349,8.72266349
TSK009546,S001,6.36603999,6.36603999
TSK009546,S002,8.00075959,8.00075959
TSK009546,S003,5.92295875,5.92295875
TSK009546,S004,4.16121567,4.16121567
TSK009546,S005,5.19251173,5.19251173
TSK009546,S006,3.07358523,3.07358523
TSK009546,S007,1.54774674,1.54774674
TSK009546,S008,4.46126438,4.46126438
TSK009546,S009,1.54774674,1.54774674
TSK009546,S010,3.97538314,3.97538314
TSK009546,S011,6.24350578,6.24350578
TSK009546,S012,5.65567147,5.65567147
TSK009546,S013,7.47519905,7.47519905
TSK009546,S014,4.62597817,4.62597817
TSK009546,S015,3.41145701,3.41145701
TSK009546,S016,6.13880994,6.13880994
TSK009546,S017,4.21042765,4.21042765
TSK009546,S018,6.08624924,6.08624924
TSK009546,S019,11.76233401,11.76233401
TSK009546,S020,4.77074392,4.77074392
TSK009546,S021,5.64766057,5.64766057
TSK009546,S022,1.54774674,1.54774674
TSK009546,S023,1.54774674,1.54774674
TSK009546,S024,5.01905575,5.01905575
TSK009546,S025,1.54774674,1.54774674
TSK009546,S026,4.59752746,4.59752746
TSK009546,S027,2.53040622,2.53040622
TSK009546,S028,5.18107918,5.18107918
TSK009546,S029,4.62597817,4.62597817
TSK009546,S030,1.54774674,1.54774674
TSK009546,S031,5.78839349,5.78839349
TSK009546,S032,3.90077672,3.90077672
TSK009546,S033,5.19251173,5.19251173
TSK009546,S034,4.21042765,4.21042765
TSK009546,S035,4.90838394,4.90838394
TSK009546,S036,5.64766057,5.64766057
TSK009546,S037,3.49053986,3.49053986
TSK009546,S038,1.54774674,1.54774674
TSK009546,S039,1.54774674,1.54774674
TSK009546,S040,5.2258863,5.2258863
TSK009546,S041,6.08624924,6.08624924
TSK009546,S042,3.56802494,3.56802494
TSK009546,S043,7.1178685,7.1178685
TSK009546,S044,4.16121567,4.16121567
TSK009546,S045,7.60823952,7.60823952
TSK009546,S046,5.26136296,5.26136296
TSK009546,S047,1.54774674,1.54774674
TSK009546,S048,6.44842357,6.44842357
TSK009546,S049,1.54774674,1.54774674
TSK009546,S050,4.77559873,4.77559873
TSK009546,S051,5.05925916,5.05925916
TSK009546,S052,7.42746584,7.42746584
TSK009546,S053,4.04903799,4.04903799
TSK009546,S054,1.54774674,1.54774674
TSK009546,S055,6.18975867,6.18975867
TSK009546,S056,3.70685815,3.70685815
TSK009546,S057,9.65817202,9.65817202
TSK009546,S058,4.14810724,4.14810724
TSK009546,S059,6.21458395,6.21458395
TSK009546,S060,1.54774674,1.54774674
TSK009546,S061,5.05925916,5.05925916
TSK009546,S062,3.92110098,3.92110098
TSK009546,S063,2.93163837,2.93163837
TSK009546,S064,10.8675146,10.8675146
TSK009546,S065,4.99672973,4.99672973
TSK009546,S066,1.54774674,1.54774674
TSK009546,S067,5.65567147,5.65567147
TSK009546,S068,5.08923702,5.08923702
TSK009546,S069,1.54774674,1.54774674
TSK009546,S070,3.7476813,3.7476813
TSK009546,S071,2.68663034,2.68663034
TSK009546,S072,4.48528843,4.48528843
TSK009546,S073,4.2752091,4.2752091
TSK009546,S074,1.54774674,1.54774674
TSK009546,S075,4.1409378,4.1409378
TSK009546,S076,3.51881199,3.51881199
TSK009546,S077,5.05925916,5.05925916
TSK009546,S078,2.59337951,2.59337951
TSK009546,S079,5.78839349,5.78839349
TSK009546,S080,4.77559873,4.77559873
TSK009546,S081,6.64736486,6.64736486
TSK009546,S082,1.54774674,1.54774674
TSK009546,S083,10.27029119,10.27029119
TSK009546,S084,1.54774674,1.54774674
TSK009546,S085,1.54774674,1.54774674
TSK009546,S086,3.11675465,3.11675465
TSK009546,S087,5.19566751,5.19566751
TSK009546,S088,4.00918479,4.00918479
TSK009546,S089,3.82219487,3.82219487
TSK009546,S090,4.53286428,4.53286428
TSK009546,S091,3.40653404,3.40653404
TSK009546,S092,4.82990924,4.82990924
TSK009546,S093,1.54774674,1.54774674
TSK009546,S094,3.90050648,3.90050648
TSK009546,S095,11.76233401,11.76233401
TSK009546,S096,5.70767799,5.70767799
TSK009546,S097,4.61665561,4.61665561
TSK009546,S098,2.66015149,2.66015149
TSK009546,S099,4.43222577,4.43222577
TSK009546,S100,1.54774674,1.54774674
TSK009565,S001,25.54127539,25.54127539
TSK009565,S002,31.24125041,31.24125041
TSK009565,S003,21.95108731,21.95108731
TSK009565,S004,14.85001389,14.85001389
TSK009565,S005,18.53947515,18.53947515
TSK009565,S006,11.72652722,11.72652722
TSK009565,S007,6.06667062,6.06667062
TSK009565,S008,16.36610853,16.36610853
TSK009565,S009,6.06667062,6.06667062
TSK009565,S010,14.38348011,14.38348011
TSK009565,S011,23.1212874,23.1212874
TSK009565,S012,20.1797559,20.1797559
TSK009565,S013,26.59567553,26.59567553
TSK009565,S014,16.96764549,16.96764549
TSK009565,S015,14.05327883,14.05327883
TSK009565,S016,23.24157329,23.24157329
TSK009565,S017,14.95049301,14.95049301
TSK009565,S018,21.48352711,21.48352711
TSK009565,S019,43.53144614,43.53144614
TSK009565,S020,17.26696069,17.26696069
TSK009565,S021,21.05545194,21.05545194
TSK009565,S022,6.06667062,6.06667062
TSK009565,S023,6.06667062,6.06667062
TSK009565,S024,17.70982476,17.70982476
TSK009565,S025,6.06667062,6.06667062
TSK009565,S026,16.22099074,16.22099074
TSK009565,S027,10.26060412,10.26060412
TSK009565,S028,19.9528237,19.9528237
TSK009565,S029,16.96764549,16.96764549
TSK009565,S030,6.06667062,6.06667062
TSK009565,S031,20.66504364,20.66504364
TSK009565,S032,14.20151359,14.20151359
TSK009565,S033,18.53947515,18.53947515
TSK009565,S034,14.95049301,14.95049301
TSK009565,S035,17.40543846,17.40543846
TSK009565,S036,21.05545194,21.05545194
TSK009565,S037,12.52791227,12.52791227
TSK009565,S038,6.06667062,6.06667062
TSK009565,S039,6.06667062,6.06667062
TSK009565,S040,18.42285421,18.42285421
TSK009565,S041,21.48352711,21.48352711
TSK009565,S042,13.11201969,13.11201969
TSK009565,S043,28.7736138,28.7736138
TSK009565,S044,14.85001389,14.85001389
TSK009565,S045,28.19901496,28.19901496
TSK009565,S046,18.58186451,18.58186451
TSK009565,S047,6.06667062,6.06667062
TSK009565,S048,25.42461808,25.42461808
TSK009565,S049,6.06667062,6.06667062
TSK009565,S050,18.02191456,18.02191456
TSK009565,S051,18.71658746,18.71658746
TSK009565,S052,28.67924794,28.67924794
TSK009565,S053,15.92299776,15.92299776
TSK009565,S054,6.06667062,6.06667062
TSK009565,S055,24.59615793,24.59615793
TSK009565,S056,13.30092578,13.30092578
TSK009565,S057,38.06092408,38.06092408
TSK009565,S058,14.84982593,14.84982593
TSK009565,S059,22.34947774,22.34947774
TSK009565,S060,6.06667062,6.06667062
TSK009565,S061,18.71658746,18.71658746
TSK009565,S062,14.73903327,14.73903327
TSK009565,S063,10.65469113,10.65469113
TSK009565,S064,39.24184457,39.24184457
TSK009565,S065,22.11839774,22.11839774
TSK009565,S066,6.06667062,6.06667062
TSK009565,S067,20.1797559,20.1797559
TSK009565,S068,19.47137791,19.47137791
TSK009565,S069,6.06667062,6.06667062
TSK009565,S070,13.39812588,13.39812588
TSK009565,S071,9.85275005,9.85275005
TSK009565,S072,15.87461177,15.87461177
TSK009565,S073,15.49004365,15.49004365
TSK009565,S074,6.06667062,6.06667062
TSK009565,S075,15.00693045,15.00693045
TSK009565,S076,12.63078583,12.63078583
TSK009565,S077,18.71658746,18.71658746
TSK009565,S078,10.43721001,10.43721001
TSK009565,S079,20.66504364,20.66504364
TSK009565,S080,18.02191456,18.02191456
TSK009565,S081,26.83381187,26.83381187
TSK009565,S082,6.06667062,6.06667062
TSK009565,S083,41.77379206,41.77379206
TSK009565,S084,6.06667062,6.06667062
TSK009565,S085,6.06667062,6.06667062
TSK009565,S086,11.40214484,11.40214484
TSK009565,S087,20.05379112,20.05379112
TSK009565,S088,14.24565935,14.24565935
TSK009565,S089,13.65531003,13.65531003
TSK009565,S090,16.12854671,16.12854671
TSK009565,S091,12.37392199,12.37392199
TSK009565,S092,17.70545349,17.70545349
TSK009565,S093,6.06667062,6.06667062
TSK009565,S094,14.28535868,14.28535868
TSK009565,S095,43.53144614,43.53144614
TSK009565,S096,21.2177577,21.2177577
TSK009565,S097,17.49092192,17.49092192
TSK009565,S098,9.81305896,9.81305896
TSK009565,S099,16.49745756,16.49745756
TSK009565,S100,6.06667062,6.06667062
TSK009622,S001,27.13932889,27.13932889
TSK009622,S002,39.62370911,39.62370911
TSK009622,S003,34.02245754,34.02245754
TSK009622,S004,20.5791437,20.5791437
TSK009622,S005,25.79706825,25.79706825
TSK009622,S006,15.65346889,15.65346889
TSK009622,S007,7.43075534,7.43075534
TSK009622,S008,22.52183886,22.52183886
TSK009622,S009,7.43075534,7.43075534
TSK009622,S010,23.07722516,23.07722516
TSK009622,S011,44.04911201,44.04911201
TSK009622,S012,34.57315338,34.57315338
TSK009622,S013,38.95800443,38.95800443
TSK009622,S014,24.1810245,24.1810245
TSK009622,S015,21.7070108,21.7070108
TSK009622,S016,27.43835681,27.43835681
TSK009622,S017,19.83027048,19.83027048
TSK009622,S018,34.86287023,34.86287023
TSK009622,S019,61.08784919,61.08784919
TSK009622,S020,26.64024003,26.64024003
TSK009622,S021,32.93152799,32.93152799
TSK009622,S022,7.43075534,7.43075534
TSK009622,S023,7.43075534,7.43075534
TSK009622,S024,24.55198895,24.55198895
TSK009622,S025,7.43075534,7.43075534
TSK009622,S026,19.82887481,19.82887481
TSK009622,S027,15.55978177,15.55978177
TSK009622,S028,20.71200886,20.71200886
TSK009622,S029,24.1810245,24.1810245
TSK009622,S030,7.43075534,7.43075534
TSK009622,S031,36.88602261,36.88602261
TSK009622,S032,24.47252064,24.47252064
TSK009622,S033,25.79706825,25.79706825
TSK009622,S034,19.83027048,19.83027048
TSK009622,S035,25.47581582,25.47581582
TSK009622,S036,32.93152799,32.93152799
TSK009622,S037,15.47946492,15.47946492
TSK009622,S038,7.43075534,7.43075534
TSK009622,S039,7.43075534,7.43075534
TSK009622,S040,25.73937383,25.73937383
TSK009622,S041,34.86287023,34.86287023
TSK009622,S042,23.39675781,23.39675781
TSK009622,S043,25.52569199,25.52569199
TSK009622,S044,20.5791437,20.5791437
TSK009622,S045,50.04151649,50.04151649
TSK009622,S046,26.77368767,26.77368767
TSK009622,S047,7.43075534,7.43075534
TSK009622,S048,46.0344588,46.0344588
TSK009622,S049,7.43075534,7.43075534
TSK009622,S050,26.15965063,26.15965063
TSK009622,S051,19.82341759,19.82341759
TSK009622,S052,36.12856138,36.12856138
TSK009622,S053,24.55403184,24.55403184
TSK009622,S054,7.43075534,7.43075534
TSK009622,S055,40.60217094,40.60217094
TSK009622,S056,17.32008172,17.32008172
TSK009622,S057,52.07367064,52.07367064
TSK009622,S058,20.99345968,20.99345968
TSK009622,S059,33.04919622,33.04919622
TSK009622,S060,7.43075534,7.43075534
TSK009622,S061,19.82341759,19.82341759
TSK009622,S062,23.9823747,23.9823747
TSK009622,S063,12.72989137,12.72989137
TSK009622,S064,60.85429329,60.85429329
TSK009622,S065,40.95176974,40.95176974
TSK009622,S066,7.43075534,7.43075534
TSK009622,S067,34.57315338,34.57315338
TSK009622,S068,31.30137926,31.30137926
TSK009622,S069,7.43075534,7.43075534
TSK009622,S070,16.82323662,16.82323662
TSK009622,S071,11.95797567,11.95797567
TSK009622,S072,21.18771795,21.18771795
TSK009622,S073,21.31800422,21.31800422
TSK009622,S074,7.43075534,7.43075534
TSK009622,S075,26.14080834,26.14080834
TSK009622,S076,16.0331015,16.0331015
TSK009622,S077,19.82341759,19.82341759
TSK009622,S078,15.01578464,15.01578464
TSK009622,S079,36.88602261,36.88602261
TSK009622,S080,26.15965063,26.15965063
TSK009622,S081,47.42066433,47.42066433
TSK009622,S082,7.43075534,7.43075534
TSK009622,S083,67.96785709,67.96785709
TSK009622,S084,7.43075534,7.43075534
TSK009622,S085,7.43075534,7.43075534
TSK009622,S086,17.09018028,17.09018028
TSK009622,S087,21.54655914,21.54655914
TSK009622,S088,17.43163529,17.43163529
TSK009622,S089,17.37436258,17.37436258
TSK009622,S090,23.33167987,23.33167987
TSK009622,S091,17.91265219,17.91265219
TSK009622,S092,25.99974776,25.99974776
TSK009622,S093,7.43075534,7.43075534
TSK009622,S094,26.33467649,26.33467649
TSK009622,S095,61.08784919,61.08784919
TSK009622,S096,25.76588488,25.76588488
TSK009622,S097,24.89250013,24.89250013
TSK009622,S098,13.55397891,13.55397891
TSK009622,S099,27.31849355,27.31849355
TSK009622,S100,7.43075534,7.43075534
TSK009692,S001,26.96802848,26.96802848
TSK009692,S002,39.45999396,39.45999396
TSK009692,S003,33.74433142,33.74433142
TSK009692,S004,20.3952012,20.3952012
TSK009692,S005,25.4892332,25.4892332
TSK009692,S006,15.55359633,15.55359633
TSK009692,S007,7.38714011,7.38714011
TSK009692,S008,22.29870586,22.29870586
TSK009692,S009,7.38714011,7.38714011
TSK009692,S010,22.96028577,22.96028577
TSK009692,S011,43.78362799,43.78362799
TSK009692,S012,34.43914716,34.43914716
TSK009692,S013,38.69757724,38.69757724
TSK009692,S014,23.98696832,23.98696832
TSK009692,S015,21.63874348,21.63874348
TSK009692,S016,27.21648802,27.21648802
TSK009692,S017,19.57995697,19.57995697
TSK009692,S018,34.53354362,34.53354362
TSK009692,S019,60.39000546,60.39000546
TSK009692,S020,26.42532439,26.42532439
TSK009692,S021,32.71281972,32.71281972
TSK009692,S022,7.38714011,7.38714011
TSK009692,S023,7.38714011,7.38714011
TSK009692,S024,24.29788281,24.29788281
TSK009692,S025,7.38714011,7.38714011
TSK009692,S026,19.67211282,19.67211282
TSK009692,S027,15.50352444,15.50352444
TSK009692,S028,20.55398265,20.55398265
TSK009692,S029,23.98696832,23.98696832
TSK009692,S030,7.38714011,7.38714011
TSK009692,S031,36.68185275,36.68185275
TSK009692,S032,24.35747757,24.35747757
TSK009692,S033,25.4892332,25.4892332
TSK009692,S034,19.57995697,19.57995697
TSK009692,S035,25.25078651,25.25078651
TSK009692,S036,32.71281972,32.71281972
TSK009692,S037,15.33092029,15.33092029
TSK009692,S038,7.38714011,7.38714011
TSK009692,S039,7.38714011,7.38714011
TSK009692,S040,25.50423084,25.50423084
TSK009692,S041,34.53354362,34.53354362
TSK009692,S042,23.31268787,23.31268787
TSK009692,S043,25.3954784,25.3954784
TSK009692,S044,20.3952012,20.3952012
TSK009692,S045,49.76591878,49.76591878
TSK009692,S046,26.55181888,26.55181888
TSK009692,S047,7.38714011,7.38714011
TSK009692,S048,45.94912465,45.94912465
TSK009692,S049,7.38714011,7.38714011
TSK009692,S050,25.96559445,25.96559445
TSK009692,S051,19.67550507,19.67550507
TSK009692,S052,35.88709734,35.88709734
TSK009692,S053,24.42950719,24.42950719
TSK009692,S054,7.38714011,7.38714011
TSK009692,S055,40.41506791,40.41506791
TSK009692,S056,17.20061391,17.20061391
TSK009692,S057,51.8713971,51.8713971
TSK009692,S058,20.87209556,20.87209556
TSK009692,S059,32.79066534,32.79066534
TSK009692,S060,7.38714011,7.38714011
TSK009692,S061,19.67550507,19.67550507
TSK009692,S062,23.84773637,23.84773637
TSK009692,S063,12.61800881,12.61800881
TSK009692,S064,60.54898666,60.54898666
TSK009692,S065,40.90815451,40.90815451
TSK009692,S066,7.38714011,7.38714011
TSK009692,S067,34.43914716,34.43914716
TSK009692,S068,31.10353045,31.10353045
TSK009692,S069,7.38714011,7.38714011
TSK009692,S070,16.67089935,16.67089935
TSK009692,S071,11.86758468,11.86758468
TSK009692,S072,20.92602655,20.92602655
TSK009692,S073,21.12900488,21.12900488
TSK009692,S074,7.38714011,7.38714011
TSK009692,S075,25.96381899,25.96381899
TSK009692,S076,15.86243319,15.86243319
TSK009692,S077,19.67550507,19.67550507
TSK009692,S078,14.95320626,14.95320626
TSK009692,S079,36.68185275,36.68185275
TSK009692,S080,25.96559445,25.96559445
TSK009692,S081,47.26390234,47.26390234
TSK009692,S082,7.38714011,7.38714011
TSK009692,S083,67.82373719,67.82373719
TSK009692,S084,7.38714011,7.38714011
TSK009692,S085,7.38714011,7.38714011
TSK009692,S086,16.94479617,16.94479617
TSK009692,S087,21.44226184,21.44226184
TSK009692,S088,17.25654225,17.25654225
TSK009692,S089,17.21760058,17.21760058
TSK009692,S090,23.11486792,23.11486792
TSK009692,S091,17.80835489,17.80835489
TSK009692,S092,25.8474105,25.8474105
TSK009692,S093,7.38714011,7.38714011
TSK009692,S094,26.24807813,26.24807813
TSK009692,S095,60.39000546,60.39000546
TSK009692,S096,25.50040086,25.50040086
TSK009692,S097,24.76039022,24.76039022
TSK009692,S098,13.41870848,13.41870848
TSK009692,S099,27.18259102,27.18259102
TSK009692,S100,7.38714011,7.38714011
TSK009714,S001,65.94028907,65.94028907
TSK009714,S002,100.38558567,100.38558567
TSK009714,S003,87.26838666,87.26838666
TSK009714,S004,45.68225997,45.68225997
TSK009714,S005,56.17011168,56.17011168
TSK009714,S006,41.04544022,41.04544022
TSK009714,S007,18.65964564,18.65964564
TSK009714,S008,53.41992199,53.41992199
TSK009714,S009,18.65964564,18.65964564
TSK009714,S010,57.25086396,57.25086396
TSK009714,S011,118.09863366,118.09863366
TSK009714,S012,87.31776929,87.31776929
TSK009714,S013,92.95937757,92.95937757
TSK009714,S014,59.17376732,59.17376732
TSK009714,S015,68.75252214,68.75252214
TSK009714,S016,59.72903251,59.72903251
TSK009714,S017,40.73606241,40.73606241
TSK009714,S018,79.79400106,79.79400106
TSK009714,S019,140.14727638,140.14727638
TSK009714,S020,64.14644043,64.14644043
TSK009714,S021,86.8746558,86.8746558
TSK009714,S022,18.65964564,18.65964564
TSK009714,S023,18.65964564,18.65964564
TSK009714,S024,52.60384296,52.60384296
TSK009714,S025,18.65964564,18.65964564
TSK009714,S026,41.86764561,41.86764561
TSK009714,S027,46.80091394,46.80091394
TSK009714,S028,43.76825201,43.76825201
TSK009714,S029,59.17376732,59.17376732
TSK009714,S030,18.65964564,18.65964564
TSK009714,S031,92.20600037,92.20600037
TSK009714,S032,62.40863858,62.40863858
TSK009714,S033,56.17011168,56.17011168
TSK009714,S034,40.73606241,40.73606241
TSK009714,S035,57.23000374,57.23000374
TSK009714,S036,86.8746558,86.8746558
TSK009714,S037,32.88250995,32.88250995
TSK009714,S038,18.65964564,18.65964564
TSK009714,S039,18.65964564,18.65964564
TSK009714,S040,56.22094243,56.22094243
TSK009714,S041,79.79400106,79.79400106
TSK009714,S042,61.42253037,61.42253037
TSK009714,S043,53.84603803,53.84603803
TSK009714,S044,45.68225997,45.68225997
TSK009714,S045,135.23257942,135.23257942
TSK009714,S046,59.98218937,59.98218937
TSK009714,S047,18.65964564,18.65964564
TSK009714,S048,141.45123004,141.45123004
TSK009714,S049,18.65964564,18.65964564
TSK009714,S050,69.05669477,69.05669477
TSK009714,S051,40.8738436,40.8738436
TSK009714,S052,89.9900541,89.9900541
TSK009714,S053,71.44405591,71.44405591
TSK009714,S054,18.65964564,18.65964564
TSK009714,S055,122.96967004,122.96967004
TSK009714,S056,38.995476,38.995476
TSK009714,S057,135.87418249,135.87418249
TSK009714,S058,49.19265525,49.19265525
TSK009714,S059,79.24608973,79.24608973
TSK009714,S060,18.65964564,18.65964564
TSK009714,S061,40.8738436,40.8738436
TSK009714,S062,63.92931289,63.92931289
TSK009714,S063,27.53161102,27.53161102
TSK009714,S064,156.71633652,156.71633652
TSK009714,S065,144.54505181,144.54505181
TSK009714,S066,18.65964564,18.65964564
TSK009714,S067,87.31776929,87.31776929
TSK009714,S068,86.75830591,86.75830591
TSK009714,S069,18.65964564,18.65964564
TSK009714,S070,36.03774785,36.03774785
TSK009714,S071,26.83099833,26.83099833
TSK009714,S072,43.60238839,43.60238839
TSK009714,S073,49.4163263,49.4163263
TSK009714,S074,18.65964564,18.65964564
TSK009714,S075,64.84960866,64.84960866
TSK009714,S076,33.89605926,33.89605926
TSK009714,S077,40.8738436,40.8738436
TSK009714,S078,44.44010885,44.44010885
TSK009714,S079,92.20600037,92.20600037
TSK009714,S080,69.05669477,69.05669477
TSK009714,S081,148.71292842,148.71292842
TSK009714,S082,18.65964564,18.65964564
TSK009714,S083,208.51383947,208.51383947
TSK009714,S084,18.65964564,18.65964564
TSK009714,S085,18.65964564,18.65964564
TSK009714,S086,40.29239511,40.29239511
TSK009714,S087,48.2763001,48.2763001
TSK009714,S088,36.06153285,36.06153285
TSK009714,S089,37.39140603,37.39140603
TSK009714,S090,52.09397394,52.09397394
TSK009714,S091,42.98462955,42.98462955
TSK009714,S092,65.68642116,65.68642116
TSK009714,S093,18.65964564,18.65964564
TSK009714,S094,69.64619274,69.64619274
TSK009714,S095,140.14727638,140.14727638
TSK009714,S096,55.91782479,55.91782479
TSK009714,S097,67.57249136,67.57249136
TSK009714,S098,30.904055,30.904055
TSK009714,S099,72.65872824,72.65872824
TSK009714,S100,18.65964564,18.65964564
TSK009723,S001,22.49749357,22.49749357
TSK009723,S002,30.39286263,30.39286263
TSK009723,S003,26.12411578,26.12411578
TSK009723,S004,16.69089691,16.69089691
TSK009723,S005,21.59382202,21.59382202
TSK009723,S006,12.2140051,12.2140051
TSK009723,S007,5.87801864,5.87801864
TSK009723,S008,18.34505309,18.34505309
TSK009723,S009,5.87801864,5.87801864
TSK009723,S010,17.014219,17.014219
TSK009723,S011,31.12532322,31.12532322
TSK009723,S012,24.72868499,24.72868499
TSK009723,S013,30.28086214,30.28086214
TSK009723,S014,19.07165422,19.07165422
TSK009723,S015,15.20198341,15.20198341
TSK009723,S016,22.80380104,22.80380104
TSK009723,S017,17.00593107,17.00593107
TSK009723,S018,27.19392947,27.19392947
TSK009723,S019,50.16344901,50.16344901
TSK009723,S020,20.60122968,20.60122968
TSK009723,S021,24.71766903,24.71766903
TSK009723,S022,5.87801864,5.87801864
TSK009723,S023,5.87801864,5.87801864
TSK009723,S024,20.2981442,20.2981442
TSK009723,S025,5.87801864,5.87801864
TSK009723,S026,16.6551227,16.6551227
TSK009723,S027,11.07314585,11.07314585
TSK009723,S028,17.83370153,17.83370153
TSK009723,S029,19.07165422,19.07165422
TSK009723,S030,5.87801864,5.87801864
TSK009723,S031,26.62184786,26.62184786
TSK009723,S032,17.55512343,17.55512343
TSK009723,S033,21.59382202,21.59382202
TSK009723,S034,17.00593107,17.00593107
TSK009723,S035,20.32455704,20.32455704
TSK009723,S036,24.71766903,24.71766903
TSK009723,S037,13.11238526,13.11238526
TSK009723,S038,5.87801864,5.87801864
TSK009723,S039,5.87801864,5.87801864
TSK009723,S040,20.94966239,20.94966239
TSK009723,S041,27.19392947,27.19392947
TSK009723,S042,16.33998595,16.33998595
TSK009723,S043,22.33760079,22.33760079
TSK009723,S044,16.69089691,16.69089691
TSK009723,S045,35.7883874,35.7883874
TSK009723,S046,21.35997088,21.35997088
TSK009723,S047,5.87801864,5.87801864
TSK009723,S048,30.68477527,30.68477527
TSK009723,S049,5.87801864,5.87801864
TSK009723,S050,20.19266215,20.19266215
TSK009723,S051,17.16793369,17.16793369
TSK009723,S052,28.72006768,28.72006768
TSK009723,S053,17.87075022,17.87075022
TSK009723,S054,5.87801864,5.87801864
TSK009723,S055,28.72755594,28.72755594
TSK009723,S056,13.99065794,13.99065794
TSK009723,S057,38.72042775,38.72042775
TSK009723,S058,16.29998238,16.29998238
TSK009723,S059,25.86596762,25.86596762
TSK009723,S060,5.87801864,5.87801864
TSK009723,S061,17.16793369,17.16793369
TSK009723,S062,17.52942754,17.52942754
TSK009723,S063,10.76879173,10.76879173
TSK009723,S064,45.33451907,45.33451907
TSK009723,S065,26.04913701,26.04913701
TSK009723,S066,5.87801864,5.87801864
TSK009723,S067,24.72868499,24.72868499
TSK009723,S068,23.0432091,23.0432091
TSK009723,S069,5.87801864,5.87801864
TSK009723,S070,14.1088197,14.1088197
TSK009723,S071,9.89547402,9.89547402
TSK009723,S072,18.1005278,18.1005278
TSK009723,S073,17.23041956,17.23041956
TSK009723,S074,5.87801864,5.87801864
TSK009723,S075,19.20997503,19.20997503
TSK009723,S076,13.60943376,13.60943376
TSK009723,S077,17.16793369,17.16793369
TSK009723,S078,10.95666962,10.95666962
TSK009723,S079,26.62184786,26.62184786
TSK009723,S080,20.19266215,20.19266215
TSK009723,S081,32.24025732,32.24025732
TSK009723,S082,5.87801864,5.87801864
TSK009723,S083,46.43634714,46.43634714
TSK009723,S084,5.87801864,5.87801864
TSK009723,S085,5.87801864,5.87801864
TSK009723,S086,13.35683117,13.35683117
TSK009723,S087,17.75597695,17.75597695
TSK009723,S088,14.93821286,14.93821286
TSK009723,S089,14.50361752,14.50361752
TSK009723,S090,18.75983825,18.75983825
TSK009723,S091,13.74331117,13.74331117
TSK009723,S092,19.80886587,19.80886587
TSK009723,S093,5.87801864,5.87801864
TSK009723,S094,18.16979031,18.16979031
TSK009723,S095,50.16344901,50.16344901
TSK009723,S096,21.85926165,21.85926165
TSK009723,S097,18.83073093,18.83073093
TSK009723,S098,11.0174045,11.0174045
TSK009723,S099,19.76499435,19.76499435
TSK009723,S100,5.87801864,5.87801864
TSK009728,S001,31.13779761,31.13779761
TSK009728,S002,46.98541609,46.98541609
TSK009728,S003,40.78157605,40.78157605
TSK009728,S004,24.06329968,24.06329968
TSK009728,S005,29.92675272,29.92675272
TSK009728,S006,18.52603933,18.52603933
TSK009728,S007,8.72266349,8.72266349
TSK009728,S008,26.34967341,26.34967341
TSK009728,S009,8.72266349,8.72266349
TSK009728,S010,27.94389956,27.94389956
TSK009728,S011,54.47687806,54.47687806
TSK009728,S012,42.28893826,42.28893826
TSK009728,S013,46.23319777,46.23319777
TSK009728,S014,28.60056532,28.60056532
TSK009728,S015,26.73784929,26.73784929
TSK009728,S016,31.59999453,31.59999453
TSK009728,S017,22.7500529,22.7500529
TSK009728,S018,41.62325035,41.62325035
TSK009728,S019,71.48032229,71.48032229
TSK009728,S020,31.81575037,31.81575037
TSK009728,S021,39.72558454,39.72558454
TSK009728,S022,8.72266349,8.72266349
TSK009728,S023,8.72266349,8.72266349
TSK009728,S024,28.53995708,28.53995708
TSK009728,S025,8.72266349,8.72266349
TSK009728,S026,22.69485633,22.69485633
TSK009728,S027,19.06021336,19.06021336
TSK009728,S028,23.36404794,23.36404794
TSK009728,S029,28.60056532,28.60056532
TSK009728,S030,8.72266349,8.72266349
TSK009728,S031,45.14557322,45.14557322
TSK009728,S032,29.96375588,29.96375588
TSK009728,S033,29.92675272,29.92675272
TSK009728,S034,22.7500529,22.7500529
TSK009728,S035,30.02952039,30.02952039
TSK009728,S036,39.72558454,39.72558454
TSK009728,S037,17.72241211,17.72241211
TSK009728,S038,8.72266349,8.72266349
TSK009728,S039,8.72266349,8.72266349
TSK009728,S040,30.05982116,30.05982116
TSK009728,S041,41.62325035,41.62325035
TSK009728,S042,28.88767378,28.88767378
TSK009728,S043,28.31377576,28.31377576
TSK009728,S044,24.06329968,24.06329968
TSK009728,S045,61.48457453,61.48457453
TSK009728,S046,31.51065689,31.51065689
TSK009728,S047,8.72266349,8.72266349
TSK009728,S048,57.65306362,57.65306362
TSK009728,S049,8.72266349,8.72266349
TSK009728,S050,31.21245563,31.21245563
TSK009728,S051,22.2772153,22.2772153
TSK009728,S052,42.40378217,42.40378217
TSK009728,S053,29.90399846,29.90399846
TSK009728,S054,8.72266349,8.72266349
TSK009728,S055,49.99398488,49.99398488
TSK009728,S056,20.17670964,20.17670964
TSK009728,S057,62.60786476,62.60786476
TSK009728,S058,24.86362336,24.86362336
TSK009728,S059,39.21496521,39.21496521
TSK009728,S060,8.72266349,8.72266349
TSK009728,S061,22.2772153,22.2772153
TSK009728,S062,29.1959715,29.1959715
TSK009728,S063,14.55086888,14.55086888
TSK009728,S064,73.33166019,73.33166019
TSK009728,S065,52.10122384,52.10122384
TSK009728,S066,8.72266349,8.72266349
TSK009728,S067,42.28893826,42.28893826
TSK009728,S068,38.05863065,38.05863065
TSK009728,S069,8.72266349,8.72266349
TSK009728,S070,19.335298,19.335298
TSK009728,S071,13.78219701,13.78219701
TSK009728,S072,24.33951147,24.33951147
TSK009728,S073,24.96620544,24.96620544
TSK009728,S074,8.72266349,8.72266349
TSK009728,S075,31.84843144,31.84843144
TSK009728,S076,18.39157134,18.39157134
TSK009728,S077,22.2772153,22.2772153
TSK009728,S078,18.22160339,18.22160339
TSK009728,S079,45.14557322,45.14557322
TSK009728,S080,31.21245563,31.21245563
TSK009728,S081,59.15234429,59.15234429
TSK009728,S082,8.72266349,8.72266349
TSK009728,S083,84.34704718,84.34704718
TSK009728,S084,8.72266349,8.72266349
TSK009728,S085,8.72266349,8.72266349
TSK009728,S086,20.33144505,20.33144505
TSK009728,S087,24.69314256,24.69314256
TSK009728,S088,19.85635952,19.85635952
TSK009728,S089,20.01660407,20.01660407
TSK009728,S090,27.43015513,27.43015513
TSK009728,S091,21.33891064,21.33891064
TSK009728,S092,31.07882638,31.07882638
TSK009728,S093,8.72266349,8.72266349
TSK009728,S094,32.65224984,32.65224984
TSK009728,S095,71.48032229,71.48032229
TSK009728,S096,29.53538755,29.53538755
TSK009728,S097,29.80882442,29.80882442
TSK009728,S098,15.87783795,15.87783795
TSK009728,S099,33.34895016,33.34895016
TSK009728,S100,8.72266349,8.72266349
TSK009739,S001,27.18650948,27.18650948
TSK009739,S002,39.66880052,39.66880052
TSK009739,S003,34.09906071,34.09906071
TSK009739,S004,20.62980626,20.62980626
TSK009739,S005,25.88185403,25.88185403
TSK009739,S006,15.6809764,15.6809764
TSK009739,S007,7.44276811,7.44276811
TSK009739,S008,22.5832955,22.5832955
TSK009739,S009,7.44276811,7.44276811
TSK009739,S010,23.10943331,23.10943331
TSK009739,S011,44.12223322,44.12223322
TSK009739,S012,34.61006218,34.61006218
TSK009739,S013,39.02973286,39.02973286
TSK009739,S014,24.23447262,24.23447262
TSK009739,S015,21.7258134,21.7258134
TSK009739,S016,27.49946525,27.49946525
TSK009739,S017,19.89921334,19.89921334
TSK009739,S018,34.95357535,34.95357535
TSK009739,S019,61.28005352,61.28005352
TSK009739,S020,26.69943339,26.69943339
TSK009739,S021,32.99176594,32.99176594
TSK009739,S022,7.44276811,7.44276811
TSK009739,S023,7.44276811,7.44276811
TSK009739,S024,24.6219764,24.6219764
TSK009739,S025,7.44276811,7.44276811
TSK009739,S026,19.87205115,19.87205115
TSK009739,S027,15.5752765,15.5752765
TSK009739,S028,20.75553339,20.75553339
TSK009739,S029,24.23447262,24.23447262
TSK009739,S030,7.44276811,7.44276811
TSK009739,S031,36.9422563,36.9422563
TSK009739,S032,24.5042065,24.5042065
TSK009739,S033,25.88185403,25.88185403
TSK009739,S034,19.89921334,19.89921334
TSK009739,S035,25.53779476,25.53779476
TSK009739,S036,32.99176594,32.99176594
TSK009739,S037,15.52037798,15.52037798
TSK009739,S038,7.44276811,7.44276811
TSK009739,S039,7.44276811,7.44276811
TSK009739,S040,25.80413833,25.80413833
TSK009739,S041,34.95357535,34.95357535
TSK009739,S042,23.41991286,23.41991286
TSK009739,S043,25.56155621,25.56155621
TSK009739,S044,20.62980626,20.62980626
TSK009739,S045,50.11742327,50.11742327
TSK009739,S046,26.83479612,26.83479612
TSK009739,S047,7.44276811,7.44276811
TSK009739,S048,46.05796205,46.05796205
TSK009739,S049,7.44276811,7.44276811
TSK009739,S050,26.21309876,26.21309876
TSK009739,S051,19.86415656,19.86415656
TSK009739,S052,36.19506687,36.19506687
TSK009739,S053,24.58832917,24.58832917
TSK009739,S054,7.44276811,7.44276811
TSK009739,S055,40.65370398,40.65370398
TSK009739,S056,17.35298627,17.35298627
TSK009739,S057,52.12938204,52.12938204
TSK009739,S058,21.02688652,21.02688652
TSK009739,S059,33.12040235,33.12040235
TSK009739,S060,7.44276811,7.44276811
TSK009739,S061,19.86415656,19.86415656
TSK009739,S062,24.0194576,24.0194576
TSK009739,S063,12.76070674,12.76070674
TSK009739,S064,60.93838269,60.93838269
TSK009739,S065,40.96378251,40.96378251
TSK009739,S066,7.44276811,7.44276811
TSK009739,S067,34.61006218,34.61006218
TSK009739,S068,31.35587197,31.35587197
TSK009739,S069,7.44276811,7.44276811
TSK009739,S070,16.86519426,16.86519426
TSK009739,S071,11.9828717,11.9828717
TSK009739,S072,21.25979457,21.25979457
TSK009739,S073,21.37005956,21.37005956
TSK009739,S074,7.44276811,7.44276811
TSK009739,S075,26.18955582,26.18955582
TSK009739,S076,16.08010799,16.08010799
TSK009739,S077,19.86415656,19.86415656
TSK009739,S078,15.03302036,15.03302036
TSK009739,S079,36.9422563,36.9422563
TSK009739,S080,26.21309876,26.21309876
TSK009739,S081,47.46384067,47.46384067
TSK009739,S082,7.44276811,7.44276811
TSK009739,S083,68.00755146,68.00755146
TSK009739,S084,7.44276811,7.44276811
TSK009739,S085,7.44276811,7.44276811
TSK009739,S086,17.13022285,17.13022285
TSK009739,S087,21.57528533,21.57528533
TSK009739,S088,17.47986047,17.47986047
TSK009739,S089,17.41753891,17.41753891
TSK009739,S090,23.39139553,23.39139553
TSK009739,S091,17.94137838,17.94137838
TSK009739,S092,26.04170541,26.04170541
TSK009739,S093,7.44276811,7.44276811
TSK009739,S094,26.35852793,26.35852793
TSK009739,S095,61.28005352,61.28005352
TSK009739,S096,25.8390061,25.8390061
TSK009739,S097,24.92888664,24.92888664
TSK009739,S098,13.59123591,13.59123591
TSK009739,S099,27.35592465,27.35592465
TSK009739,S100,7.44276811,7.44276811
TSK009756,S001,1.32316639,1.32316639
TSK009756,S002,1.69527502,1.69527502
TSK009756,S003,1.15661844,1.15661844
TSK009756,S004,0.81977372,0.81977372
TSK009756,S005,0.97384572,0.97384572
TSK009756,S006,0.62807377,0.62807377
TSK009756,S007,0.32046175,0.32046175
TSK009756,S008,0.86262818,0.86262818
TSK009756,S009,0.32046175,0.32046175
TSK009756,S010,0.82002418,0.82002418
TSK009756,S011,1.23657801,1.23657801
TSK009756,S012,1.18691626,1.18691626
TSK009756,S013,1.51653362,1.51653362
TSK009756,S014,0.91787352,0.91787352
TSK009756,S015,0.72381632,0.72381632
TSK009756,S016,1.24039736,1.24039736
TSK009756,S017,0.78921835,0.78921835
TSK009756,S018,1.16121052,1.16121052
TSK009756,S019,2.20567702,2.20567702
TSK009756,S020,0.93732638,0.93732638
TSK009756,S021,1.13200835,1.13200835
TSK009756,S022,0.32046175,0.32046175
TSK009756,S023,0.32046175,0.32046175
TSK009756,S024,0.96855457,0.96855457
TSK009756,S025,0.32046175,0.32046175
TSK009756,S026,0.93486335,0.93486335
TSK009756,S027,0.53335758,0.53335758
TSK009756,S028,1.06520591,1.06520591
TSK009756,S029,0.91787352,0.91787352
TSK009756,S030,0.32046175,0.32046175
TSK009756,S031,1.17274922,1.17274922
TSK009756,S032,0.80444767,0.80444767
TSK009756,S033,0.97384572,0.97384572
TSK009756,S034,0.78921835,0.78921835
TSK009756,S035,0.9619155,0.9619155
TSK009756,S036,1.13200835,1.13200835
TSK009756,S037,0.69125433,0.69125433
TSK009756,S038,0.32046175,0.32046175
TSK009756,S039,0.32046175,0.32046175
TSK009756,S040,1.02692313,1.02692313
TSK009756,S041,1.16121052,1.16121052
TSK009756,S042,0.74909198,0.74909198
TSK009756,S043,1.51787782,1.51787782
TSK009756,S044,0.81977372,0.81977372
TSK009756,S045,1.53691853,1.53691853
TSK009756,S046,1.04321826,1.04321826
TSK009756,S047,0.32046175,0.32046175
TSK009756,S048,1.39557991,1.39557991
TSK009756,S049,0.32046175,0.32046175
TSK009756,S050,0.95149611,0.95149611
TSK009756,S051,1.04417184,1.04417184
TSK009756,S052,1.51769684,1.51769684
TSK009756,S053,0.83181992,0.83181992
TSK009756,S054,0.32046175,0.32046175
TSK009756,S055,1.27364445,1.27364445
TSK009756,S056,0.75809618,0.75809618
TSK009756,S057,2.04355135,2.04355135
TSK009756,S058,0.8560643,0.8560643
TSK009756,S059,1.23443831,1.23443831
TSK009756,S060,0.32046175,0.32046175
TSK009756,S061,1.04417184,1.04417184
TSK009756,S062,0.79672881,0.79672881
TSK009756,S063,0.5886454,0.5886454
TSK009756,S064,2.25071256,2.25071256
TSK009756,S065,1.09551411,1.09551411
TSK009756,S066,0.32046175,0.32046175
TSK009756,S067,1.18691626,1.18691626
TSK009756,S068,1.01959867,1.01959867
TSK009756,S069,0.32046175,0.32046175
TSK009756,S070,0.74666096,0.74666096
TSK009756,S071,0.54706251,0.54706251
TSK009756,S072,0.84385094,0.84385094
TSK009756,S073,0.84221962,0.84221962
TSK009756,S074,0.32046175,0.32046175
TSK009756,S075,0.81957649,0.81957649
TSK009756,S076,0.6837362,0.6837362
TSK009756,S077,1.04417184,1.04417184
TSK009756,S078,0.54354562,0.54354562
TSK009756,S079,1.17274922,1.17274922
TSK009756,S080,0.95149611,0.95149611
TSK009756,S081,1.39550096,1.39550096
TSK009756,S082,0.32046175,0.32046175
TSK009756,S083,2.21756823,2.21756823
TSK009756,S084,0.32046175,0.32046175
TSK009756,S085,0.32046175,0.32046175
TSK009756,S086,0.60923928,0.60923928
TSK009756,S087,1.10217191,1.10217191
TSK009756,S088,0.79115805,0.79115805
TSK009756,S089,0.7606313,0.7606313
TSK009756,S090,0.88268131,0.88268131
TSK009756,S091,0.70011945,0.70011945
TSK009756,S092,0.98985825,0.98985825
TSK009756,S093,0.32046175,0.32046175
TSK009756,S094,0.82222162,0.82222162
TSK009756,S095,2.20567702,2.20567702
TSK009756,S096,1.11616727,1.11616727
TSK009756,S097,0.95461853,0.95461853
TSK009756,S098,0.51297305,0.51297305
TSK009756,S099,0.91079566,0.91079566
TSK009756,S100,0.32046175,0.32046175
TSK009765,S001,21.33062459,21.33062459
TSK009765,S002,28.66500533,28.66500533
TSK009765,S003,24.18333906,24.18333906
TSK009765,S004,15.57798161,15.57798161
TSK009765,S005,20.02570982,20.02570982
TSK009765,S006,11.44000645,11.44000645
TSK009765,S007,5.533529,5.533529
TSK009765,S008,17.06400938,17.06400938
TSK009765,S009,5.533529,5.533529
TSK009765,S010,15.84781791,15.84781791
TSK009765,S011,28.58472606,28.58472606
TSK009765,S012,23.02192011,23.02192011
TSK009765,S013,28.29984665,28.29984665
TSK009765,S014,17.76882818,17.76882818
TSK009765,S015,14.14211431,14.14211431
TSK009765,S016,21.46849669,21.46849669
TSK009765,S017,15.80667172,15.80667172
TSK009765,S018,25.11098343,25.11098343
TSK009765,S019,46.43026222,46.43026222
TSK009765,S020,19.10974904,19.10974904
TSK009765,S021,22.93557941,22.93557941
TSK009765,S022,5.533529,5.533529
TSK009765,S023,5.533529,5.533529
TSK009765,S024,18.90351734,18.90351734
TSK009765,S025,5.533529,5.533529
TSK009765,S026,15.72454097,15.72454097
TSK009765,S027,10.31141523,10.31141523
TSK009765,S028,16.93663819,16.93663819
TSK009765,S029,17.76882818,17.76882818
TSK009765,S030,5.533529,5.533529
TSK009765,S031,24.62645733,24.62645733
TSK009765,S032,16.28589772,16.28589772
TSK009765,S033,20.02570982,20.02570982
TSK009765,S034,15.80667172,15.80667172
TSK009765,S035,18.91264199,18.91264199
TSK009765,S036,22.93557941,22.93557941
TSK009765,S037,12.31240368,12.31240368
TSK009765,S038,5.533529,5.533529
TSK009765,S039,5.533529,5.533529
TSK009765,S040,19.55007347,19.55007347
TSK009765,S041,25.11098343,25.11098343
TSK009765,S042,15.15668708,15.15668708
TSK009765,S043,21.49410371,21.49410371
TSK009765,S044,15.57798161,15.57798161
TSK009765,S045,33.04405134,33.04405134
TSK009765,S046,19.92510376,19.92510376
TSK009765,S047,5.533529,5.533529
TSK009765,S048,28.43755718,28.43755718
TSK009765,S049,5.533529,5.533529
TSK009765,S050,18.78024791,18.78024791
TSK009765,S051,16.3332163,16.3332163
TSK009765,S052,26.96467476,26.96467476
TSK009765,S053,16.59968424,16.59968424
TSK009765,S054,5.533529,5.533529
TSK009765,S055,26.58354096,26.58354096
TSK009765,S056,13.16509127,13.16509127
TSK009765,S057,36.33666103,36.33666103
TSK009765,S058,15.29376298,15.29376298
TSK009765,S059,24.08219865,24.08219865
TSK009765,S060,5.533529,5.533529
TSK009765,S061,16.3332163,16.3332163
TSK009765,S062,16.25392105,16.25392105
TSK009765,S063,10.14347713,10.14347713
TSK009765,S064,42.32882625,42.32882625
TSK009765,S065,23.99877058,23.99877058
TSK009765,S066,5.533529,5.533529
TSK009765,S067,23.02192011,23.02192011
TSK009765,S068,21.3253206,21.3253206
TSK009765,S069,5.533529,5.533529
TSK009765,S070,13.25175224,13.25175224
TSK009765,S071,9.32918243,9.32918243
TSK009765,S072,16.82957359,16.82957359
TSK009765,S073,16.07509591,16.07509591
TSK009765,S074,5.533529,5.533529
TSK009765,S075,17.73155962,17.73155962
TSK009765,S076,12.7281238,12.7281238
TSK009765,S077,16.3332163,16.3332163
TSK009765,S078,10.22839778,10.22839778
TSK009765,S079,24.62645733,24.62645733
TSK009765,S080,18.78024791,18.78024791
TSK009765,S081,29.77544087,29.77544087
TSK009765,S082,5.533529,5.533529
TSK009765,S083,43.20231526,43.20231526
TSK009765,S084,5.533529,5.533529
TSK009765,S085,5.533529,5.533529
TSK009765,S086,12.39285025,12.39285025
TSK009765,S087,16.92229219,16.92229219
TSK009765,S088,14.03317002,14.03317002
TSK009765,S089,13.61175465,13.61175465
TSK009765,S090,17.4494842,17.4494842
TSK009765,S091,12.86122785,12.86122785
TSK009765,S092,18.50756867,18.50756867
TSK009765,S093,5.533529,5.533529
TSK009765,S094,16.83642606,16.83642606
TSK009765,S095,46.43026222,46.43026222
TSK009765,S096,20.4708962,20.4708962
TSK009765,S097,17.61367823,17.61367823
TSK009765,S098,10.24022299,10.24022299
TSK009765,S099,18.34462295,18.34462295
TSK009765,S100,5.533529,5.533529
