task_id,scenario_id,self_base_loss,outsourced_loss
TSK009800,S001,16.4432332,16.4432332
TSK009800,S002,11.28477769,11.28477769
TSK009800,S003,2.17812577,2.17812577
TSK009800,S004,2.17812577,2.17812577
TSK009800,S005,5.26006894,5.26006894
TSK009800,S006,6.49636194,6.49636194
TSK009800,S007,3.65277883,3.65277883
TSK009800,S008,11.28477769,11.28477769
TSK009800,S009,3.65277883,3.65277883
TSK009800,S010,6.68248051,6.68248051
TSK009800,S011,9.4518896,9.4518896
TSK009800,S012,7.56261292,7.56261292
TSK009800,S013,14.25648864,14.25648864
TSK009800,S014,2.17812577,2.17812577
TSK009800,S015,2.17812577,2.17812577
TSK009800,S016,5.21212139,5.21212139
TSK009800,S017,7.09175092,7.09175092
TSK009800,S018,4.95044156,4.95044156
TSK009800,S019,3.56551929,3.56551929
TSK009800,S020,7.82230904,7.82230904
TSK009800,S021,6.93541794,6.93541794
TSK009800,S022,2.17812577,2.17812577
TSK009800,S023,7.56872881,7.56872881
TSK009800,S024,2.17812577,2.17812577
TSK009800,S025,2.17812577,2.17812577
TSK009800,S026,8.83143946,8.83143946
TSK009800,S027,4.12353939,4.12353939
TSK009800,S028,9.22505978,9.22505978
TSK009800,S029,2.17812577,2.17812577
TSK009800,S030,15.6081931,15.6081931
TSK009800,S031,3.81210673,3.81210673
TSK009800,S032,2.17812577,2.17812577
TSK009800,S033,2.17812577,2.17812577
TSK009800,S034,2.17812577,2.17812577
TSK009800,S035,2.72586775,2.72586775
TSK009800,S036,10.24947823,10.24947823
TSK009800,S037,11.06240849,11.06240849
TSK009800,S038,6.92161827,6.92161827
TSK009800,S039,7.56261292,7.56261292
TSK009800,S040,5.80942883,5.80942883
TSK009800,S041,6.74691831,6.74691831
TSK009800,S042,5.58194951,5.58194951
TSK009800,S043,12.24812231,12.24812231
TSK009800,S044,6.48846174,6.48846174
TSK009800,S045,6.12760994,6.12760994
TSK009800,S046,4.22811762,4.22811762
TSK009800,S047,7.56872881,7.56872881
TSK009800,S048,5.36423451,5.36423451
TSK009800,S049,6.04827804,6.04827804
TSK009800,S050,3.51663151,3.51663151
TSK009800,S051,2.17812577,2.17812577
TSK009800,S052,9.08167157,9.08167157
TSK009800,S053,2.17812577,2.17812577
TSK009800,S054,2.17812577,2.17812577
TSK009800,S055,12.7147235,12.7147235
TSK009800,S056,7.6794794,7.6794794
TSK009800,S057,4.72827618,4.72827618
TSK009800,S058,5.31718503,5.31718503
TSK009800,S059,2.17812577,2.17812577
TSK009800,S060,5.54321274,5.54321274
TSK009800,S061,2.17812577,2.17812577
TSK009800,S062,2.17812577,2.17812577
TSK009800,S063,16.4432332,16.4432332
TSK009800,S064,2.17812577,2.17812577
TSK009800,S065,2.17812577,2.17812577
TSK009800,S066,4.56288969,4.56288969
TSK009800,S067,8.8429167,8.8429167
TSK009800,S068,2.17812577,2.17812577
TSK009800,S069,6.98232381,6.98232381
TSK009800,S070,2.17812577,2.17812577
TSK009800,S071,6.87789076,6.87789076
TSK009800,S072,11.27787232,11.27787232
TSK009800,S073,6.9746373,6.9746373
TSK009800,S074,7.8562664,7.8562664
TSK009800,S075,2.17812577,2.17812577
TSK009800,S076,12.25261537,12.25261537
TSK009800,S077,7.38220375,7.38220375
TSK009800,S078,2.17812577,2.17812577
TSK009800,S079,5.51088669,5.51088669
TSK009800,S080,5.97654466,5.97654466
TSK009800,S081,4.80925167,4.80925167
TSK009800,S082,6.80963672,6.80963672
TSK009800,S083,8.83143946,8.83143946
TSK009800,S084,8.62578732,8.62578732
TSK009800,S085,21.78329381,21.78329381
TSK009800,S086,4.58761011,4.58761011
TSK009800,S087,6.04827804,6.04827804
TSK009800,S088,7.10684616,7.10684616
TSK009800,S089,3.92025604,3.92025604
TSK009800,S090,4.82888382,4.82888382
TSK009800,S091,4.56288969,4.56288969
TSK009800,S092,4.51972626,4.51972626
TSK009800,S093,6.00054578,6.00054578
TSK009800,S094,6.5432157,6.5432157
TSK009800,S095,21.45895728,21.45895728
TSK009800,S096,3.59313249,3.59313249
TSK009800,S097,6.70282468,6.70282468
TSK009800,S098,5.51845581,5.51845581
TSK009800,S099,17.15552815,17.15552815
TSK009800,S100,8.96127779,8.96127779
TSK009803,S001,68.02962676,68.02962676
TSK009803,S002,62.11439995,62.11439995
TSK009803,S003,8.65101417,8.65101417
TSK009803,S004,8.65101417,8.65101417
TSK009803,S005,18.61454691,18.61454691
TSK009803,S006,29.85059037,29.85059037
TSK009803,S007,18.45578506,18.45578506
TSK009803,S008,62.11439995,62.11439995
TSK009803,S009,18.45578506,18.45578506
TSK009803,S010,28.92018228,28.92018228
TSK009803,S011,53.59297178,53.59297178
TSK009803,S012,44.00040964,44.00040964
TSK009803,S013,54.60701054,54.60701054
TSK009803,S014,8.65101417,8.65101417
TSK009803,S015,8.65101417,8.65101417
TSK009803,S016,19.81918572,19.81918572
TSK009803,S017,42.5347113,42.5347113
TSK009803,S018,21.66287587,21.66287587
TSK009803,S019,19.42413793,19.42413793
TSK009803,S020,36.71188844,36.71188844
TSK009803,S021,27.4822676,27.4822676
TSK009803,S022,8.65101417,8.65101417
TSK009803,S023,32.83579624,32.83579624
TSK009803,S024,8.65101417,8.65101417
TSK009803,S025,8.65101417,8.65101417
TSK009803,S026,40.06257086,40.06257086
TSK009803,S027,26.90524769,26.90524769
TSK009803,S028,38.40392821,38.40392821
TSK009803,S029,8.65101417,8.65101417
TSK009803,S030,95.28580012,95.28580012
TSK009803,S031,16.71021387,16.71021387
TSK009803,S032,8.65101417,8.65101417
TSK009803,S033,8.65101417,8.65101417
TSK009803,S034,8.65101417,8.65101417
TSK009803,S035,12.70378168,12.70378168
TSK009803,S036,57.11253242,57.11253242
TSK009803,S037,65.06934996,65.06934996
TSK009803,S038,39.25353712,39.25353712
TSK009803,S039,44.00040964,44.00040964
TSK009803,S040,31.73092303,31.73092303
TSK009803,S041,31.33292395,31.33292395
TSK009803,S042,21.22538059,21.22538059
TSK009803,S043,58.99827742,58.99827742
TSK009803,S044,30.37203614,30.37203614
TSK009803,S045,25.52914354,25.52914354
TSK009803,S046,17.00814634,17.00814634
TSK009803,S047,32.83579624,32.83579624
TSK009803,S048,19.29044379,19.29044379
TSK009803,S049,21.77999637,21.77999637
TSK009803,S050,12.20666013,12.20666013
TSK009803,S051,8.65101417,8.65101417
TSK009803,S052,46.51135549,46.51135549
TSK009803,S053,8.65101417,8.65101417
TSK009803,S054,8.65101417,8.65101417
TSK009803,S055,82.87222025,82.87222025
TSK009803,S056,32.0808359,32.0808359
TSK009803,S057,24.95955631,24.95955631
TSK009803,S058,18.11644928,18.11644928
TSK009803,S059,8.65101417,8.65101417
TSK009803,S060,19.19250194,19.19250194
TSK009803,S061,8.65101417,8.65101417
TSK009803,S062,8.65101417,8.65101417
TSK009803,S063,68.02962676,68.02962676
TSK009803,S064,8.65101417,8.65101417
TSK009803,S065,8.65101417,8.65101417
TSK009803,S066,17.51828548,17.51828548
TSK009803,S067,37.28119054,37.28119054
TSK009803,S068,8.65101417,8.65101417
TSK009803,S069,33.48669157,33.48669157
TSK009803,S070,8.65101417,8.65101417
TSK009803,S071,28.6915691,28.6915691
TSK009803,S072,47.30468931,47.30468931
TSK009803,S073,35.81914708,35.81914708
TSK009803,S074,51.11163436,51.11163436
TSK009803,S075,8.65101417,8.65101417
TSK009803,S076,59.33694107,59.33694107
TSK009803,S077,30.74215097,30.74215097
TSK009803,S078,8.65101417,8.65101417
TSK009803,S079,29.31040483,29.31040483
TSK009803,S080,23.16579018,23.16579018
TSK009803,S081,27.37146663,27.37146663
TSK009803,S082,31.65121379,31.65121379
TSK009803,S083,40.06257086,40.06257086
TSK009803,S084,46.68971201,46.68971201
TSK009803,S085,77.10362959,77.10362959
TSK009803,S086,25.68516051,25.68516051
TSK009803,S087,21.77999637,21.77999637
TSK009803,S088,33.19100048,33.19100048
TSK009803,S089,12.31801214,12.31801214
TSK009803,S090,18.41311043,18.41311043
TSK009803,S091,17.51828548,17.51828548
TSK009803,S092,26.72939835,26.72939835
TSK009803,S093,21.15175784,21.15175784
TSK009803,S094,39.63107587,39.63107587
TSK009803,S095,115.67268863,115.67268863
TSK009803,S096,13.27824629,13.27824629
TSK009803,S097,30.76892289,30.76892289
TSK009803,S098,20.0137606,20.0137606
TSK009803,S099,75.68406962,75.68406962
TSK009803,S100,30.57360122,30.57360122
TSK009846,S001,75.07391861,75.07391861
TSK009846,S002,68.38039734,68.38039734
TSK009846,S003,9.39544667,9.39544667
TSK009846,S004,9.39544667,9.39544667
TSK009846,S005,20.26755148,20.26755148
TSK009846,S006,32.58045558,32.58045558
TSK009846,S007,20.16415177,20.16415177
TSK009846,S008,68.38039734,68.38039734
TSK009846,S009,20.16415177,20.16415177
TSK009846,S010,31.61418443,31.61418443
TSK009846,S011,58.88452228,58.88452228
TSK009846,S012,48.22226163,48.22226163
TSK009846,S013,59.20334174,59.20334174
TSK009846,S014,9.39544667,9.39544667
TSK009846,S015,9.39544667,9.39544667
TSK009846,S016,21.5353221,21.5353221
TSK009846,S017,46.88602902,46.88602902
TSK009846,S018,23.98395211,23.98395211
TSK009846,S019,21.25276841,21.25276841
TSK009846,S020,40.08586733,40.08586733
TSK009846,S021,30.10040883,30.10040883
TSK009846,S022,9.39544667,9.39544667
TSK009846,S023,36.10338865,36.10338865
TSK009846,S024,9.39544667,9.39544667
TSK009846,S025,9.39544667,9.39544667
TSK009846,S026,44.05358344,44.05358344
TSK009846,S027,29.50930918,29.50930918
TSK009846,S028,41.43875006,41.43875006
TSK009846,S029,9.39544667,9.39544667
TSK009846,S030,104.88003599,104.88003599
TSK009846,S031,18.31863989,18.31863989
TSK009846,S032,9.39544667,9.39544667
TSK009846,S033,9.39544667,9.39544667
TSK009846,S034,9.39544667,9.39544667
TSK009846,S035,13.84965188,13.84965188
TSK009846,S036,62.80560156,62.80560156
TSK009846,S037,71.44632814,71.44632814
TSK009846,S038,43.17864825,43.17864825
TSK009846,S039,48.22226163,48.22226163
TSK009846,S040,34.97203067,34.97203067
TSK009846,S041,34.41213486,34.41213486
TSK009846,S042,23.23943304,23.23943304
TSK009846,S043,64.56885313,64.56885313
TSK009846,S044,33.37142706,33.37142706
TSK009846,S045,28.02843991,28.02843991
TSK009846,S046,18.53967115,18.53967115
TSK009846,S047,36.10338865,36.10338865
TSK009846,S048,21.01855237,21.01855237
TSK009846,S049,23.90605612,23.90605612
TSK009846,S050,13.2353744,13.2353744
TSK009846,S051,9.39544667,9.39544667
TSK009846,S052,51.10267354,51.10267354
TSK009846,S053,9.39544667,9.39544667
TSK009846,S054,9.39544667,9.39544667
TSK009846,S055,91.01590012,91.01590012
TSK009846,S056,34.8977639,34.8977639
TSK009846,S057,27.36703367,27.36703367
TSK009846,S058,19.77737225,19.77737225
TSK009846,S059,9.39544667,9.39544667
TSK009846,S060,20.99725488,20.99725488
TSK009846,S061,9.39544667,9.39544667
TSK009846,S062,9.39544667,9.39544667
TSK009846,S063,75.07391861,75.07391861
TSK009846,S064,9.39544667,9.39544667
TSK009846,S065,9.39544667,9.39544667
TSK009846,S066,19.02205506,19.02205506
TSK009846,S067,40.99829896,40.99829896
TSK009846,S068,9.39544667,9.39544667
TSK009846,S069,36.80083568,36.80083568
TSK009846,S070,9.39544667,9.39544667
TSK009846,S071,31.40338101,31.40338101
TSK009846,S072,51.2886081,51.2886081
TSK009846,S073,39.36358959,39.36358959
TSK009846,S074,56.16345489,56.16345489
TSK009846,S075,9.39544667,9.39544667
TSK009846,S076,65.78115775,65.78115775
TSK009846,S077,33.66022191,33.66022191
TSK009846,S078,9.39544667,9.39544667
TSK009846,S079,32.18872144,32.18872144
TSK009846,S080,25.2316913,25.2316913
TSK009846,S081,29.96128557,29.96128557
TSK009846,S082,34.74000528,34.74000528
TSK009846,S083,44.05358344,44.05358344
TSK009846,S084,51.31944698,51.31944698
TSK009846,S085,82.88580197,82.88580197
TSK009846,S086,28.08411144,28.08411144
TSK009846,S087,23.90605612,23.90605612
TSK009846,S088,36.30983099,36.30983099
TSK009846,S089,13.21943606,13.21943606
TSK009846,S090,20.1116666,20.1116666
TSK009846,S091,19.02205506,19.02205506
TSK009846,S092,29.27071995,29.27071995
TSK009846,S093,23.15947271,23.15947271
TSK009846,S094,43.48009675,43.48009675
TSK009846,S095,127.58360872,127.58360872
TSK009846,S096,14.40546876,14.40546876
TSK009846,S097,33.75190932,33.75190932
TSK009846,S098,21.87375386,21.87375386
TSK009846,S099,83.53000723,83.53000723
TSK009846,S100,32.98811852,32.98811852
TSK009880,S001,45.08428253,45.08428253
TSK009880,S002,33.37871299,33.37871299
TSK009880,S003,5.40961028,5.40961028
TSK009880,S004,5.40961028,5.40961028
TSK009880,S005,12.92080238,12.92080238
TSK009880,S006,17.21007257,17.21007257
TSK009880,S007,10.00065421,10.00065421
TSK009880,S008,33.37871299,33.37871299
TSK009880,S009,10.00065421,10.00065421
TSK009880,S010,17.58906581,17.58906581
TSK009880,S011,27.87234628,27.87234628
TSK009880,S012,22.10064009,22.10064009
TSK009880,S013,34.79881999,34.79881999
TSK009880,S014,5.40961028,5.40961028
TSK009880,S015,5.40961028,5.40961028
TSK009880,S016,12.85956835,12.85956835
TSK009880,S017,21.81846164,21.81846164
TSK009880,S018,14.05507623,14.05507623
TSK009880,S019,10.08311149,10.08311149
TSK009880,S020,20.89503006,20.89503006
TSK009880,S021,18.04081226,18.04081226
TSK009880,S022,5.40961028,5.40961028
TSK009880,S023,20.61452984,20.61452984
TSK009880,S024,5.40961028,5.40961028
TSK009880,S025,5.40961028,5.40961028
TSK009880,S026,24.38215859,24.38215859
TSK009880,S027,12.6140763,12.6140763
TSK009880,S028,22.27266378,22.27266378
TSK009880,S029,5.40961028,5.40961028
TSK009880,S030,47.83603118,47.83603118
TSK009880,S031,10.23643489,10.23643489
TSK009880,S032,5.40961028,5.40961028
TSK009880,S033,5.40961028,5.40961028
TSK009880,S034,5.40961028,5.40961028
TSK009880,S035,7.19697539,7.19697539
TSK009880,S036,30.22232946,30.22232946
TSK009880,S037,32.8820697,32.8820697
TSK009880,S038,20.57300943,20.57300943
TSK009880,S039,22.10064009,22.10064009
TSK009880,S040,17.26885778,17.26885778
TSK009880,S041,18.62080606,18.62080606
TSK009880,S042,14.34558587,14.34558587
TSK009880,S043,33.43546301,33.43546301
TSK009880,S044,17.997164,17.997164
TSK009880,S045,16.36561041,16.36561041
TSK009880,S046,10.75149132,10.75149132
TSK009880,S047,20.61452984,20.61452984
TSK009880,S048,13.27034557,13.27034557
TSK009880,S049,15.53652654,15.53652654
TSK009880,S050,8.42377192,8.42377192
TSK009880,S051,5.40961028,5.40961028
TSK009880,S052,25.89359339,25.89359339
TSK009880,S053,5.40961028,5.40961028
TSK009880,S054,5.40961028,5.40961028
TSK009880,S055,39.2794607,39.2794607
TSK009880,S056,19.47115092,19.47115092
TSK009880,S057,13.42954177,13.42954177
TSK009880,S058,13.12936457,13.12936457
TSK009880,S059,5.40961028,5.40961028
TSK009880,S060,13.88181409,13.88181409
TSK009880,S061,5.40961028,5.40961028
TSK009880,S062,5.40961028,5.40961028
TSK009880,S063,45.08428253,45.08428253
TSK009880,S064,5.40961028,5.40961028
TSK009880,S065,5.40961028,5.40961028
TSK009880,S066,11.23812225,11.23812225
TSK009880,S067,23.91348622,23.91348622
TSK009880,S068,5.40961028,5.40961028
TSK009880,S069,19.53278732,19.53278732
TSK009880,S070,5.40961028,5.40961028
TSK009880,S071,18.05972819,18.05972819
TSK009880,S072,28.06917389,28.06917389
TSK009880,S073,19.9315453,19.9315453
TSK009880,S074,24.34877688,24.34877688
TSK009880,S075,5.40961028,5.40961028
TSK009880,S076,36.24003338,36.24003338
TSK009880,S077,19.41575848,19.41575848
TSK009880,S078,5.40961028,5.40961028
TSK009880,S079,15.85631968,15.85631968
TSK009880,S080,15.0015174,15.0015174
TSK009880,S081,13.83298478,13.83298478
TSK009880,S082,18.72800083,18.72800083
TSK009880,S083,24.38215859,24.38215859
TSK009880,S084,25.10709905,25.10709905
TSK009880,S085,50.04370766,50.04370766
TSK009880,S086,13.02385447,13.02385447
TSK009880,S087,15.53652654,15.53652654
TSK009880,S088,19.18141971,19.18141971
TSK009880,S089,8.77757959,8.77757959
TSK009880,S090,12.26027428,12.26027428
TSK009880,S091,11.23812225,11.23812225
TSK009880,S092,13.20500735,13.20500735
TSK009880,S093,15.14897984,15.14897984
TSK009880,S094,19.53552436,19.53552436
TSK009880,S095,63.81022649,63.81022649
TSK009880,S096,8.7387324,8.7387324
TSK009880,S097,18.30309738,18.30309738
TSK009880,S098,13.8952054,13.8952054
TSK009880,S099,47.97541004,47.97541004
TSK009880,S100,20.86890197,20.86890197
TSK009902,S001,60.97155813,60.97155813
TSK009902,S002,51.00814675,51.00814675
TSK009902,S003,7.43159313,7.43159313
TSK009902,S004,7.43159313,7.43159313
TSK009902,S005,16.77887519,16.77887519
TSK009902,S006,24.94158339,24.94158339
TSK009902,S007,15.06787142,15.06787142
TSK009902,S008,51.00814675,51.00814675
TSK009902,S009,15.06787142,15.06787142
TSK009902,S010,24.73869645,24.73869645
TSK009902,S011,43.37086573,43.37086573
TSK009902,S012,35.04525086,35.04525086
TSK009902,S013,47.19692526,47.19692526
TSK009902,S014,7.43159313,7.43159313
TSK009902,S015,7.43159313,7.43159313
TSK009902,S016,17.30542195,17.30542195
TSK009902,S017,34.38071623,34.38071623
TSK009902,S018,19.30979171,19.30979171
TSK009902,S019,15.62915808,15.62915808
TSK009902,S020,30.53221105,30.53221105
TSK009902,S021,24.32932252,24.32932252
TSK009902,S022,7.43159313,7.43159313
TSK009902,S023,28.64686512,28.64686512
TSK009902,S024,7.43159313,7.43159313
TSK009902,S025,7.43159313,7.43159313
TSK009902,S026,34.50931129,34.50931129
TSK009902,S027,20.92743111,20.92743111
TSK009902,S028,31.74110173,31.74110173
TSK009902,S029,7.43159313,7.43159313
TSK009902,S030,76.2791795,76.2791795
TSK009902,S031,14.38265496,14.38265496
TSK009902,S032,7.43159313,7.43159313
TSK009902,S033,7.43159313,7.43159313
TSK009902,S034,7.43159313,7.43159313
TSK009902,S035,10.52670258,10.52670258
TSK009902,S036,46.5683164,46.5683164
TSK009902,S037,52.05993134,52.05993134
TSK009902,S038,31.90203756,31.90203756
TSK009902,S039,35.04525086,35.04525086
TSK009902,S040,26.21904623,26.21904623
TSK009902,S041,26.69225555,26.69225555
TSK009902,S042,19.02214982,19.02214982
TSK009902,S043,49.11517472,49.11517472
TSK009902,S044,25.85614072,25.85614072
TSK009902,S045,22.43195532,22.43195532
TSK009902,S046,14.73828984,14.73828984
TSK009902,S047,28.64686512,28.64686512
TSK009902,S048,17.33213254,17.33213254
TSK009902,S049,20.04512208,20.04512208
TSK009902,S050,10.92537872,10.92537872
TSK009902,S051,7.43159313,7.43159313
TSK009902,S052,38.62734767,38.62734767
TSK009902,S053,7.43159313,7.43159313
TSK009902,S054,7.43159313,7.43159313
TSK009902,S055,64.81570247,64.81570247
TSK009902,S056,27.26693136,27.26693136
TSK009902,S057,20.40858859,20.40858859
TSK009902,S058,16.69759777,16.69759777
TSK009902,S059,7.43159313,7.43159313
TSK009902,S060,17.713564,17.713564
TSK009902,S061,7.43159313,7.43159313
TSK009902,S062,7.43159313,7.43159313
TSK009902,S063,60.97155813,60.97155813
TSK009902,S064,7.43159313,7.43159313
TSK009902,S065,7.43159313,7.43159313
TSK009902,S066,15.21017829,15.21017829
TSK009902,S067,32.82614056,32.82614056
TSK009902,S068,7.43159313,7.43159313
TSK009902,S069,28.3342821,28.3342821
TSK009902,S070,7.43159313,7.43159313
TSK009902,S071,24.93139466,24.93139466
TSK009902,S072,39.68350937,39.68350937
TSK009902,S073,29.74964163,29.74964163
TSK009902,S074,40.07249709,40.07249709
TSK009902,S075,7.43159313,7.43159313
TSK009902,S076,51.65872971,51.65872971
TSK009902,S077,26.76214742,26.76214742
TSK009902,S078,7.43159313,7.43159313
TSK009902,S079,24.06127692,24.06127692
TSK009902,S080,20.26367021,20.26367021
TSK009902,S081,21.81750706,21.81750706
TSK009902,S082,26.89662764,26.89662764
TSK009902,S083,34.50931129,34.50931129
TSK009902,S084,38.28025539,38.28025539
TSK009902,S085,66.5400245,66.5400245
TSK009902,S086,20.47058649,20.47058649
TSK009902,S087,20.04512208,20.04512208
TSK009902,S088,27.83306606,27.83306606
TSK009902,S089,11.0644294,11.0644294
TSK009902,S090,16.35161139,16.35161139
TSK009902,S091,15.21017829,15.21017829
TSK009902,S092,21.14059435,21.14059435
TSK009902,S093,19.45149374,19.45149374
TSK009902,S094,31.39150448,31.39150448
TSK009902,S095,96.16195209,96.16195209
TSK009902,S096,11.64556657,11.64556657
TSK009902,S097,26.18573266,26.18573266
TSK009902,S098,18.11533154,18.11533154
TSK009902,S099,66.57475977,66.57475977
TSK009902,S100,27.08739042,27.08739042
TSK009920,S001,16.7897458,16.7897458
TSK009920,S002,11.44045726,11.44045726
TSK009920,S003,2.19978281,2.19978281
TSK009920,S004,2.19978281,2.19978281
TSK009920,S005,5.33571164,5.33571164
TSK009920,S006,6.5619608,6.5619608
TSK009920,S007,3.68385197,3.68385197
TSK009920,S008,11.44045726,11.44045726
TSK009920,S009,3.68385197,3.68385197
TSK009920,S010,6.76816705,6.76816705
TSK009920,S011,9.55672222,9.55672222
TSK009920,S012,7.62099276,7.62099276
TSK009920,S013,14.39396375,14.39396375
TSK009920,S014,2.19978281,2.19978281
TSK009920,S015,2.19978281,2.19978281
TSK009920,S016,5.27144284,5.27144284
TSK009920,S017,7.18591196,7.18591196
TSK009920,S018,5.06374867,5.06374867
TSK009920,S019,3.59345373,3.59345373
TSK009920,S020,7.89983496,7.89983496
TSK009920,S021,7.04746957,7.04746957
TSK009920,S022,2.19978281,2.19978281
TSK009920,S023,7.70055426,7.70055426
TSK009920,S024,2.19978281,2.19978281
TSK009920,S025,2.19978281,2.19978281
TSK009920,S026,8.97864455,8.97864455
TSK009920,S027,4.14519643,4.14519643
TSK009920,S028,9.25989936,9.25989936
TSK009920,S029,2.19978281,2.19978281
TSK009920,S030,15.78333262,15.78333262
TSK009920,S031,3.86860335,3.86860335
TSK009920,S032,2.19978281,2.19978281
TSK009920,S033,2.19978281,2.19978281
TSK009920,S034,2.19978281,2.19978281
TSK009920,S035,2.74972188,2.74972188
TSK009920,S036,10.37659562,10.37659562
TSK009920,S037,11.16692723,11.16692723
TSK009920,S038,7.00667707,7.00667707
TSK009920,S039,7.62099276,7.62099276
TSK009920,S040,5.89731246,5.89731246
TSK009920,S041,6.84923997,6.84923997
TSK009920,S042,5.67516893,5.67516893
TSK009920,S043,12.38622516,12.38622516
TSK009920,S044,6.58827243,6.58827243
TSK009920,S045,6.23181481,6.23181481
TSK009920,S046,4.28022006,4.28022006
TSK009920,S047,7.70055426,7.70055426
TSK009920,S048,5.44207429,5.44207429
TSK009920,S049,6.16535159,6.16535159
TSK009920,S050,3.55931784,3.55931784
TSK009920,S051,2.19978281,2.19978281
TSK009920,S052,9.20376704,9.20376704
TSK009920,S053,2.19978281,2.19978281
TSK009920,S054,2.19978281,2.19978281
TSK009920,S055,12.80260713,12.80260713
TSK009920,S056,7.75512209,7.75512209
TSK009920,S057,4.77912314,4.77912314
TSK009920,S058,5.40663801,5.40663801
TSK009920,S059,2.19978281,2.19978281
TSK009920,S060,5.64239569,5.64239569
TSK009920,S061,2.19978281,2.19978281
TSK009920,S062,2.19978281,2.19978281
TSK009920,S063,16.7897458,16.7897458
TSK009920,S064,2.19978281,2.19978281
TSK009920,S065,2.19978281,2.19978281
TSK009920,S066,4.61153955,4.61153955
TSK009920,S067,9.00267658,9.00267658
TSK009920,S068,2.19978281,2.19978281
TSK009920,S069,7.08747029,7.08747029
TSK009920,S070,2.19978281,2.19978281
TSK009920,S071,6.9783292,6.9783292
TSK009920,S072,11.35916468,11.35916468
TSK009920,S073,7.06942607,7.06942607
TSK009920,S074,7.91590172,7.91590172
TSK009920,S075,2.19978281,2.19978281
TSK009920,S076,12.53101815,12.53101815
TSK009920,S077,7.49237216,7.49237216
TSK009920,S078,2.19978281,2.19978281
TSK009920,S079,5.57774103,5.57774103
TSK009920,S080,6.05187349,6.05187349
TSK009920,S081,4.84314964,4.84314964
TSK009920,S082,6.90913354,6.90913354
TSK009920,S083,8.97864455,8.97864455
TSK009920,S084,8.73438638,8.73438638
TSK009920,S085,21.91700248,21.91700248
TSK009920,S086,4.61680003,4.61680003
TSK009920,S087,6.16535159,6.16535159
TSK009920,S088,7.18970787,7.18970787
TSK009920,S089,3.95352627,3.95352627
TSK009920,S090,4.90107394,4.90107394
TSK009920,S091,4.61153955,4.61153955
TSK009920,S092,4.54860231,4.54860231
TSK009920,S093,6.10914484,6.10914484
TSK009920,S094,6.59406266,6.59406266
TSK009920,S095,21.80546988,21.80546988
TSK009920,S096,3.63268013,3.63268013
TSK009920,S097,6.79918281,6.79918281
TSK009920,S098,5.6088504,5.6088504
TSK009920,S099,17.50204075,17.50204075
TSK009920,S100,9.04633659,9.04633659
TSK009930,S001,189.33586361,189.33586361
TSK009930,S002,198.31962708,198.31962708
TSK009930,S003,24.59690903,24.59690903
TSK009930,S004,24.59690903,24.59690903
TSK009930,S005,48.82821275,48.82821275
TSK009930,S006,90.34628481,90.34628481
TSK009930,S007,58.07716381,58.07716381
TSK009930,S008,198.31962708,198.31962708
TSK009930,S009,58.07716381,58.07716381
TSK009930,S010,84.64891787,84.64891787
TSK009930,S011,173.7889476,173.7889476
TSK009930,S012,144.84730971,144.84730971
TSK009930,S013,152.6952593,152.6952593
TSK009930,S014,24.59690903,24.59690903
TSK009930,S015,24.59690903,24.59690903
TSK009930,S016,54.82924231,54.82924231
TSK009930,S017,139.50744659,139.50744659
TSK009930,S018,61.58929662,61.58929662
TSK009930,S019,62.71895393,62.71895393
TSK009930,S020,112.08148525,112.08148525
TSK009930,S021,76.21629504,76.21629504
TSK009930,S022,24.59690903,24.59690903
TSK009930,S023,94.73099062,94.73099062
TSK009930,S024,24.59690903,24.59690903
TSK009930,S025,24.59690903,24.59690903
TSK009930,S026,118.17173015,118.17173015
TSK009930,S027,91.66735929,91.66735929
TSK009930,S028,114.01866842,114.01866842
TSK009930,S029,24.59690903,24.59690903
TSK009930,S030,315.43822834,315.43822834
TSK009930,S031,48.85766103,48.85766103
TSK009930,S032,24.59690903,24.59690903
TSK009930,S033,24.59690903,24.59690903
TSK009930,S034,24.59690903,24.59690903
TSK009930,S035,38.81635716,38.81635716
TSK009930,S036,183.66370104,183.66370104
TSK009930,S037,214.03650428,214.03650428
TSK009930,S038,126.94365179,126.94365179
TSK009930,S039,144.84730971,144.84730971
TSK009930,S040,100.73227351,100.73227351
TSK009930,S041,93.76655796,93.76655796
TSK009930,S042,57.45462223,57.45462223
TSK009930,S043,181.15658694,181.15658694
TSK009930,S044,91.12146312,91.12146312
TSK009930,S045,72.36574171,72.36574171
TSK009930,S046,48.22261672,48.22261672
TSK009930,S047,94.73099062,94.73099062
TSK009930,S048,51.05772975,51.05772975
TSK009930,S049,56.44480851,56.44480851
TSK009930,S050,31.97850983,31.97850983
TSK009930,S051,24.59690903,24.59690903
TSK009930,S052,145.11593845,145.11593845
TSK009930,S053,24.59690903,24.59690903
TSK009930,S054,24.59690903,24.59690903
TSK009930,S055,281.37934702,281.37934702
TSK009930,S056,93.39652841,93.39652841
TSK009930,S057,79.22377264,79.22377264
TSK009930,S058,45.86004275,45.86004275
TSK009930,S059,24.59690903,24.59690903
TSK009930,S060,48.84376236,48.84376236
TSK009930,S061,24.59690903,24.59690903
TSK009930,S062,24.59690903,24.59690903
TSK009930,S063,189.33586361,189.33586361
TSK009930,S064,24.59690903,24.59690903
TSK009930,S065,24.59690903,24.59690903
TSK009930,S066,48.84524489,48.84524489
TSK009930,S067,105.88147982,105.88147982
TSK009930,S068,24.59690903,24.59690903
TSK009930,S069,101.53039517,101.53039517
TSK009930,S070,24.59690903,24.59690903
TSK009930,S071,82.0841678,82.0841678
TSK009930,S072,139.23485666,139.23485666
TSK009930,S073,111.82001409,111.82001409
TSK009930,S074,173.23794189,173.23794189
TSK009930,S075,24.59690903,24.59690903
TSK009930,S076,176.58197722,176.58197722
TSK009930,S077,87.77840288,87.77840288
TSK009930,S078,24.59690903,24.59690903
TSK009930,S079,92.93695895,92.93695895
TSK009930,S080,64.40941745,64.40941745
TSK009930,S081,89.6860516,89.6860516
TSK009930,S082,94.91270822,94.91270822
TSK009930,S083,118.17173015,118.17173015
TSK009930,S084,148.71522679,148.71522679
TSK009930,S085,209.92597273,209.92597273
TSK009930,S086,83.89986595,83.89986595
TSK009930,S087,56.44480851,56.44480851
TSK009930,S088,100.61486192,100.61486192
TSK009930,S089,30.83444566,30.83444566
TSK009930,S090,50.27906683,50.27906683
TSK009930,S091,48.84524489,48.84524489
TSK009930,S092,88.64382902,88.64382902
TSK009930,S093,54.40162387,54.40162387
TSK009930,S094,131.87660325,131.87660325
TSK009930,S095,364.69600897,364.69600897
TSK009930,S096,36.23755626,36.23755626
TSK009930,S097,91.86843411,91.86843411
TSK009930,S098,52.79575917,52.79575917
TSK009930,S099,217.97626881,217.97626881
TSK009930,S100,80.26180651,80.26180651
TSK009934,S001,53.8801561,53.8801561
TSK009934,S002,40.82268313,40.82268313
TSK009934,S003,6.30186908,6.30186908
TSK009934,S004,6.30186908,6.30186908
TSK009934,S005,14.97070492,14.97070492
TSK009934,S006,20.44759349,20.44759349
TSK009934,S007,12.00185164,12.00185164
TSK009934,S008,40.82268313,40.82268313
TSK009934,S009,12.00185164,12.00185164
TSK009934,S010,20.83625145,20.83625145
TSK009934,S011,34.09231187,34.09231187
TSK009934,S012,27.00028752,27.00028752
TSK009934,S013,40.31723616,40.31723616
TSK009934,S014,6.30186908,6.30186908
TSK009934,S015,6.30186908,6.30186908
TSK009934,S016,14.93989764,14.93989764
TSK009934,S017,26.95305046,26.95305046
TSK009934,S018,16.95113173,16.95113173
TSK009934,S019,12.21191661,12.21191661
TSK009934,S020,24.88759877,24.88759877
TSK009934,S021,21.26826192,21.26826192
TSK009934,S022,6.30186908,6.30186908
TSK009934,S023,24.62258849,24.62258849
TSK009934,S024,6.30186908,6.30186908
TSK009934,S025,6.30186908,6.30186908
TSK009934,S026,29.24317366,29.24317366
TSK009934,S027,15.60044688,15.60044688
TSK009934,S028,25.77695497,25.77695497
TSK009934,S029,6.30186908,6.30186908
TSK009934,S030,59.07638702,59.07638702
TSK009934,S031,12.18843424,12.18843424
TSK009934,S032,6.30186908,6.30186908
TSK009934,S033,6.30186908,6.30186908
TSK009934,S034,6.30186908,6.30186908
TSK009934,S035,8.54676382,8.54676382
TSK009934,S036,36.94996563,36.94996563
TSK009934,S037,40.3235438,40.3235438
TSK009934,S038,25.20497197,25.20497197
TSK009934,S039,27.00028752,27.00028752
TSK009934,S040,21.13760826,21.13760826
TSK009934,S041,22.34321935,22.34321935
TSK009934,S042,16.84585483,16.84585483
TSK009934,S043,40.05253139,40.05253139
TSK009934,S044,21.62343649,21.62343649
TSK009934,S045,19.43967922,19.43967922
TSK009934,S046,12.6059445,12.6059445
TSK009934,S047,24.62258849,24.62258849
TSK009934,S048,15.41029629,15.41029629
TSK009934,S049,18.22236003,18.22236003
TSK009934,S050,9.68855375,9.68855375
TSK009934,S051,6.30186908,6.30186908
TSK009934,S052,31.36804494,31.36804494
TSK009934,S053,6.30186908,6.30186908
TSK009934,S054,6.30186908,6.30186908
TSK009934,S055,48.6689545,48.6689545
TSK009934,S056,22.83173737,22.83173737
TSK009934,S057,16.26726927,16.26726927
TSK009934,S058,15.22259318,15.22259318
TSK009934,S059,6.30186908,6.30186908
TSK009934,S060,16.16125124,16.16125124
TSK009934,S061,6.30186908,6.30186908
TSK009934,S062,6.30186908,6.30186908
TSK009934,S063,53.8801561,53.8801561
TSK009934,S064,6.30186908,6.30186908
TSK009934,S065,6.30186908,6.30186908
TSK009934,S066,13.0527182,13.0527182
TSK009934,S067,28.49734135,28.49734135
TSK009934,S068,6.30186908,6.30186908
TSK009934,S069,23.52679506,23.52679506
TSK009934,S070,6.30186908,6.30186908
TSK009934,S071,21.36372454,21.36372454
TSK009934,S072,32.75797487,32.75797487
TSK009934,S073,24.15908312,24.15908312
TSK009934,S074,30.18617266,30.18617266
TSK009934,S075,6.30186908,6.30186908
TSK009934,S076,44.19046757,44.19046757
TSK009934,S077,22.97626417,22.97626417
TSK009934,S078,6.30186908,6.30186908
TSK009934,S079,19.26413854,19.26413854
TSK009934,S080,17.51559708,17.51559708
TSK009934,S081,16.83381603,16.83381603
TSK009934,S082,22.45416448,22.45416448
TSK009934,S083,29.24317366,29.24317366
TSK009934,S084,30.59118436,30.59118436
TSK009934,S085,56.88810479,56.88810479
TSK009934,S086,15.79802053,15.79802053
TSK009934,S087,18.22236003,18.22236003
TSK009934,S088,22.89996255,22.89996255
TSK009934,S089,9.87556007,9.87556007
TSK009934,S090,14.35286978,14.35286978
TSK009934,S091,13.0527182,13.0527182
TSK009934,S092,16.13871372,16.13871372
TSK009934,S093,17.68043145,17.68043145
TSK009934,S094,23.99656131,23.99656131
TSK009934,S095,78.08636716,78.08636716
TSK009934,S096,10.10662318,10.10662318
TSK009934,S097,21.90229461,21.90229461
TSK009934,S098,16.21495139,16.21495139
TSK009934,S099,57.67400982,57.67400982
TSK009934,S100,23.79979813,23.79979813
TSK010003,S001,68.02962676,68.02962676
TSK010003,S002,62.11439995,62.11439995
TSK010003,S003,8.65101417,8.65101417
TSK010003,S004,8.65101417,8.65101417
TSK010003,S005,18.61454691,18.61454691
TSK010003,S006,29.85059037,29.85059037
TSK010003,S007,18.45578506,18.45578506
TSK010003,S008,62.11439995,62.11439995
TSK010003,S009,18.45578506,18.45578506
TSK010003,S010,28.92018228,28.92018228
TSK010003,S011,53.59297178,53.59297178
TSK010003,S012,44.00040964,44.00040964
TSK010003,S013,54.60701054,54.60701054
TSK010003,S014,8.65101417,8.65101417
TSK010003,S015,8.65101417,8.65101417
TSK010003,S016,19.81918572,19.81918572
TSK010003,S017,42.5347113,42.5347113
TSK010003,S018,21.66287587,21.66287587
TSK010003,S019,19.42413793,19.42413793
TSK010003,S020,36.71188844,36.71188844
TSK010003,S021,27.4822676,27.4822676
TSK010003,S022,8.65101417,8.65101417
TSK010003,S023,32.83579624,32.83579624
TSK010003,S024,8.65101417,8.65101417
TSK010003,S025,8.65101417,8.65101417
TSK010003,S026,40.06257086,40.06257086
TSK010003,S027,26.90524769,26.90524769
TSK010003,S028,38.40392821,38.40392821
TSK010003,S029,8.65101417,8.65101417
TSK010003,S030,95.28580012,95.28580012
TSK010003,S031,16.71021387,16.71021387
TSK010003,S032,8.65101417,8.65101417
TSK010003,S033,8.65101417,8.65101417
TSK010003,S034,8.65101417,8.65101417
TSK010003,S035,12.70378168,12.70378168
TSK010003,S036,57.11253242,57.11253242
TSK010003,S037,65.06934996,65.06934996
TSK010003,S038,39.25353712,39.25353712
TSK010003,S039,44.00040964,44.00040964
TSK010003,S040,31.73092303,31.73092303
TSK010003,S041,31.33292395,31.33292395
TSK010003,S042,21.22538059,21.22538059
TSK010003,S043,58.99827742,58.99827742
TSK010003,S044,30.37203614,30.37203614
TSK010003,S045,25.52914354,25.52914354
TSK010003,S046,17.00814634,17.00814634
TSK010003,S047,32.83579624,32.83579624
TSK010003,S048,19.29044379,19.29044379
TSK010003,S049,21.77999637,21.77999637
TSK010003,S050,12.20666013,12.20666013
TSK010003,S051,8.65101417,8.65101417
TSK010003,S052,46.51135549,46.51135549
TSK010003,S053,8.65101417,8.65101417
TSK010003,S054,8.65101417,8.65101417
TSK010003,S055,82.87222025,82.87222025
TSK010003,S056,32.0808359,32.0808359
TSK010003,S057,24.95955631,24.95955631
TSK010003,S058,18.11644928,18.11644928
TSK010003,S059,8.65101417,8.65101417
TSK010003,S060,19.19250194,19.19250194
TSK010003,S061,8.65101417,8.65101417
TSK010003,S062,8.65101417,8.65101417
TSK010003,S063,68.02962676,68.02962676
TSK010003,S064,8.65101417,8.65101417
TSK010003,S065,8.65101417,8.65101417
TSK010003,S066,17.51828548,17.51828548
TSK010003,S067,37.28119054,37.28119054
TSK010003,S068,8.65101417,8.65101417
TSK010003,S069,33.48669157,33.48669157
TSK010003,S070,8.65101417,8.65101417
TSK010003,S071,28.6915691,28.6915691
TSK010003,S072,47.30468931,47.30468931
TSK010003,S073,35.81914708,35.81914708
TSK010003,S074,51.11163436,51.11163436
TSK010003,S075,8.65101417,8.65101417
TSK010003,S076,59.33694107,59.33694107
TSK010003,S077,30.74215097,30.74215097
TSK010003,S078,8.65101417,8.65101417
TSK010003,S079,29.31040483,29.31040483
TSK010003,S080,23.16579018,23.16579018
TSK010003,S081,27.37146663,27.37146663
TSK010003,S082,31.65121379,31.65121379
TSK010003,S083,40.06257086,40.06257086
TSK010003,S084,46.68971201,46.68971201
TSK010003,S085,77.10362959,77.10362959
TSK010003,S086,25.68516051,25.68516051
TSK010003,S087,21.77999637,21.77999637
TSK010003,S088,33.19100048,33.19100048
TSK010003,S089,12.31801214,12.31801214
TSK010003,S090,18.41311043,18.41311043
TSK010003,S091,17.51828548,17.51828548
TSK010003,S092,26.72939835,26.72939835
TSK010003,S093,21.15175784,21.15175784
TSK010003,S094,39.63107587,39.63107587
TSK010003,S095,115.67268863,115.67268863
TSK010003,S096,13.27824629,13.27824629
TSK010003,S097,30.76892289,30.76892289
TSK010003,S098,20.0137606,20.0137606
TSK010003,S099,75.68406962,75.68406962
TSK010003,S100,30.57360122,30.57360122
TSK010014,S001,60.71698978,60.71698978
TSK010014,S002,50.89377546,50.89377546
TSK010014,S003,7.41568261,7.41568261
TSK010014,S004,7.41568261,7.41568261
TSK010014,S005,16.72330366,16.72330366
TSK010014,S006,24.89339065,24.89339065
TSK010014,S007,15.04504328,15.04504328
TSK010014,S008,50.89377546,50.89377546
TSK010014,S009,15.04504328,15.04504328
TSK010014,S010,24.67574613,24.67574613
TSK010014,S011,43.29384958,43.29384958
TSK010014,S012,35.00236162,35.00236162
TSK010014,S013,47.09592803,47.09592803
TSK010014,S014,7.41568261,7.41568261
TSK010014,S015,7.41568261,7.41568261
TSK010014,S016,17.26184095,17.26184095
TSK010014,S017,34.31154005,34.31154005
TSK010014,S018,19.22654971,19.22654971
TSK010014,S019,15.60863581,15.60863581
TSK010014,S020,30.47525599,30.47525599
TSK010014,S021,24.24700286,24.24700286
TSK010014,S022,7.41568261,7.41568261
TSK010014,S023,28.55001846,28.55001846
TSK010014,S024,7.41568261,7.41568261
TSK010014,S025,7.41568261,7.41568261
TSK010014,S026,34.40116585,34.40116585
TSK010014,S027,20.91152058,20.91152058
TSK010014,S028,31.71550654,31.71550654
TSK010014,S029,7.41568261,7.41568261
TSK010014,S030,76.1505118,76.1505118
TSK010014,S031,14.34114925,14.34114925
TSK010014,S032,7.41568261,7.41568261
TSK010014,S033,7.41568261,7.41568261
TSK010014,S034,7.41568261,7.41568261
TSK010014,S035,10.50917794,10.50917794
TSK010014,S036,46.47492856,46.47492856
TSK010014,S037,51.98314578,51.98314578
TSK010014,S038,31.83954841,31.83954841
TSK010014,S039,35.00236162,35.00236162
TSK010014,S040,26.15448179,26.15448179
TSK010014,S041,26.6170841,26.6170841
TSK010014,S042,18.9536654,18.9536654
TSK010014,S043,49.01371632,49.01371632
TSK010014,S044,25.78281397,25.78281397
TSK010014,S045,22.35540034,22.35540034
TSK010014,S046,14.70001235,14.70001235
TSK010014,S047,28.55001846,28.55001846
TSK010014,S048,17.2749469,17.2749469
TSK010014,S049,19.95911302,19.95911302
TSK010014,S050,10.89401885,10.89401885
TSK010014,S051,7.41568261,7.41568261
TSK010014,S052,38.53764922,38.53764922
TSK010014,S053,7.41568261,7.41568261
TSK010014,S054,7.41568261,7.41568261
TSK010014,S055,64.75113804,64.75113804
TSK010014,S056,27.21135983,27.21135983
TSK010014,S057,20.37123345,20.37123345
TSK010014,S058,16.6318804,16.6318804
TSK010014,S059,7.41568261,7.41568261
TSK010014,S060,17.64069842,17.64069842
TSK010014,S061,7.41568261,7.41568261
TSK010014,S062,7.41568261,7.41568261
TSK010014,S063,60.71698978,60.71698978
TSK010014,S064,7.41568261,7.41568261
TSK010014,S065,7.41568261,7.41568261
TSK010014,S066,15.17443726,15.17443726
TSK010014,S067,32.70877164,32.70877164
TSK010014,S068,7.41568261,7.41568261
TSK010014,S069,28.25703536,28.25703536
TSK010014,S070,7.41568261,7.41568261
TSK010014,S071,24.85760673,24.85760673
TSK010014,S072,39.62378726,39.62378726
TSK010014,S073,29.68000427,29.68000427
TSK010014,S074,40.0286855,40.0286855
TSK010014,S075,7.41568261,7.41568261
TSK010014,S076,51.4541988,51.4541988
TSK010014,S077,26.68121128,26.68121128
TSK010014,S078,7.41568261,7.41568261
TSK010014,S079,24.01216183,24.01216183
TSK010014,S080,20.20832927,20.20832927
TSK010014,S081,21.79260363,21.79260363
TSK010014,S082,26.82353148,26.82353148
TSK010014,S083,34.40116585,34.40116585
TSK010014,S084,38.20047219,38.20047219
TSK010014,S085,66.44179431,66.44179431
TSK010014,S086,20.44914187,20.44914187
TSK010014,S087,19.95911302,19.95911302
TSK010014,S088,27.77219102,27.77219102
TSK010014,S089,11.03998715,11.03998715
TSK010014,S090,16.29857631,16.29857631
TSK010014,S091,15.17443726,15.17443726
TSK010014,S092,21.11938032,21.11938032
TSK010014,S093,19.37171054,19.37171054
TSK010014,S094,31.35414934,31.35414934
TSK010014,S095,95.90738373,95.90738373
TSK010014,S096,11.61651258,11.61651258
TSK010014,S097,26.11494237,26.11494237
TSK010014,S098,18.0489224,18.0489224
TSK010014,S099,66.32019141,66.32019141
TSK010014,S100,27.02490127,27.02490127
TSK010039,S001,35.14729522,35.14729522
TSK010039,S002,24.38965849,24.38965849
TSK010039,S003,4.34477262,4.34477262
TSK010039,S004,4.34477262,4.34477262
TSK010039,S005,10.58342813,10.58342813
TSK010039,S006,13.29168395,13.29168395
TSK010039,S007,7.53869217,7.53869217
TSK010039,S008,24.38965849,24.38965849
TSK010039,S009,7.53869217,7.53869217
TSK010039,S010,13.74274873,13.74274873
TSK010039,S011,20.25502531,20.25502531
TSK010039,S012,15.9983446,15.9983446
TSK010039,S013,28.22791406,28.22791406
TSK010039,S014,4.34477262,4.34477262
TSK010039,S015,4.34477262,4.34477262
TSK010039,S016,10.41404003,10.41404003
TSK010039,S017,15.56245045,15.56245045
TSK010039,S018,10.780011,10.780011
TSK010039,S019,7.44259896,7.44259896
TSK010039,S020,16.04860393,16.04860393
TSK010039,S021,14.3310947,14.3310947
TSK010039,S022,4.34477262,4.34477262
TSK010039,S023,15.97670115,15.97670115
TSK010039,S024,4.34477262,4.34477262
TSK010039,S025,4.34477262,4.34477262
TSK010039,S026,18.70397822,18.70397822
TSK010039,S027,8.83603815,8.83603815
TSK010039,S028,17.87910502,17.87910502
TSK010039,S029,4.34477262,4.34477262
TSK010039,S030,34.01020373,34.01020373
TSK010039,S031,7.94527912,7.94527912
TSK010039,S032,4.34477262,4.34477262
TSK010039,S033,4.34477262,4.34477262
TSK010039,S034,4.34477262,4.34477262
TSK010039,S035,5.5485996,5.5485996
TSK010039,S036,22.04109959,22.04109959
TSK010039,S037,23.68080014,23.68080014
TSK010039,S038,14.92988605,14.92988605
TSK010039,S039,15.9983446,15.9983446
TSK010039,S040,12.62647313,12.62647313
TSK010039,S041,14.22882229,14.22882229
TSK010039,S042,11.49872131,11.49872131
TSK010039,S043,25.4437505,25.4437505
TSK010039,S044,13.71916925,13.71916925
TSK010039,S045,12.82157382,12.82157382
TSK010039,S046,8.56821476,8.56821476
TSK010039,S047,15.97670115,15.97670115
TSK010039,S048,10.82555434,10.82555434
TSK010039,S049,12.54969317,12.54969317
TSK010039,S050,6.96483986,6.96483986
TSK010039,S051,4.34477262,4.34477262
TSK010039,S052,19.3148826,19.3148826
TSK010039,S053,4.34477262,4.34477262
TSK010039,S054,4.34477262,4.34477262
TSK010039,S055,27.48421841,27.48421841
TSK010039,S056,15.43561127,15.43561127
TSK010039,S057,9.96701538,9.96701538
TSK010039,S058,10.79401365,10.79401365
TSK010039,S059,4.34477262,4.34477262
TSK010039,S060,11.3461802,11.3461802
TSK010039,S061,4.34477262,4.34477262
TSK010039,S062,4.34477262,4.34477262
TSK010039,S063,35.14729522,35.14729522
TSK010039,S064,4.34477262,4.34477262
TSK010039,S065,4.34477262,4.34477262
TSK010039,S066,9.09194653,9.09194653
TSK010039,S067,18.64727436,18.64727436
TSK010039,S068,4.34477262,4.34477262
TSK010039,S069,14.80081274,14.80081274
TSK010039,S070,4.34477262,4.34477262
TSK010039,S071,14.2019286,14.2019286
TSK010039,S072,22.33654747,22.33654747
TSK010039,S073,14.85338292,14.85338292
TSK010039,S074,17.03679069,17.03679069
TSK010039,S075,4.34477262,4.34477262
TSK010039,S076,27.11160056,27.11160056
TSK010039,S077,15.26659187,15.26659187
TSK010039,S078,4.34477262,4.34477262
TSK010039,S079,11.72257451,11.72257451
TSK010039,S080,12.06141813,12.06141813
TSK010039,S081,10.08776004,10.08776004
TSK010039,S082,14.31926202,14.31926202
TSK010039,S083,18.70397822,18.70397822
TSK010039,S084,18.45907019,18.45907019
TSK010039,S085,41.73895567,41.73895567
TSK010039,S086,9.55247807,9.55247807
TSK010039,S087,12.54969317,12.54969317
TSK010039,S088,14.71250068,14.71250068
TSK010039,S089,7.49510771,7.49510771
TSK010039,S090,9.85304612,9.85304612
TSK010039,S091,9.09194653,9.09194653
TSK010039,S092,9.52560345,9.52560345
TSK010039,S093,12.32648087,12.32648087
TSK010039,S094,13.96978457,13.96978457
TSK010039,S095,46.77282386,46.77282386
TSK010039,S096,7.13299128,7.13299128
TSK010039,S097,14.04564273,14.04564273
TSK010039,S098,11.27033639,11.27033639
TSK010039,S099,36.8688208,36.8688208
TSK010039,S100,17.42973646,17.42973646
TSK010047,S001,19.18758451,19.18758451
TSK010047,S002,12.64146896,12.64146896
TSK010047,S003,2.38616912,2.38616912
TSK010047,S004,2.38616912,2.38616912
TSK010047,S005,5.91218649,5.91218649
TSK010047,S006,7.12331112,7.12331112
TSK010047,S007,3.96802634,3.96802634
TSK010047,S008,12.64146896,12.64146896
TSK010047,S009,3.96802634,3.96802634
TSK010047,S010,7.44416975,7.44416975
TSK010047,S011,10.42428914,10.42428914
TSK010047,S012,8.17711251,8.17711251
TSK010047,S013,15.59076637,15.59076637
TSK010047,S014,2.38616912,2.38616912
TSK010047,S015,2.38616912,2.38616912
TSK010047,S016,5.75804118,5.75804118
TSK010047,S017,7.92078367,7.92078367
TSK010047,S018,5.83428879,5.83428879
TSK010047,S019,3.85786673,3.85786673
TSK010047,S020,8.5678455,8.5678455
TSK010047,S021,7.87422833,7.87422833
TSK010047,S022,2.38616912,2.38616912
TSK010047,S023,8.65446284,8.65446284
TSK010047,S024,2.38616912,2.38616912
TSK010047,S025,2.38616912,2.38616912
TSK010047,S026,10.05589618,10.05589618
TSK010047,S027,4.39334189,4.39334189
TSK010047,S028,9.74136101,9.74136101
TSK010047,S029,2.38616912,2.38616912
TSK010047,S030,17.22694121,17.22694121
TSK010047,S031,4.29546467,4.29546467
TSK010047,S032,2.38616912,2.38616912
TSK010047,S033,2.38616912,2.38616912
TSK010047,S034,2.38616912,2.38616912
TSK010047,S035,2.96539068,2.96539068
TSK010047,S036,11.39012052,11.39012052
TSK010047,S037,12.08392262,12.08392262
TSK010047,S038,7.6868732,7.6868732
TSK010047,S039,8.17711251,8.17711251
TSK010047,S040,6.55749308,6.55749308
TSK010047,S041,7.6173418,7.6173418
TSK010047,S042,6.35701308,6.35701308
TSK010047,S043,13.52266836,13.52266836
TSK010047,S044,7.33457632,7.33457632
TSK010047,S045,6.9904508,6.9904508
TSK010047,S046,4.69650036,4.69650036
TSK010047,S047,8.65446284,8.65446284
TSK010047,S048,6.03374985,6.03374985
TSK010047,S049,6.99113313,6.99113313
TSK010047,S050,3.9020376,3.9020376
TSK010047,S051,2.38616912,2.38616912
TSK010047,S052,10.15303275,10.15303275
TSK010047,S053,2.38616912,2.38616912
TSK010047,S054,2.38616912,2.38616912
TSK010047,S055,13.68200347,13.68200347
TSK010047,S056,8.40840363,8.40840363
TSK010047,S057,5.204485,5.204485
TSK010047,S058,6.05968747,6.05968747
TSK010047,S059,2.38616912,2.38616912
TSK010047,S060,6.35529343,6.35529343
TSK010047,S061,2.38616912,2.38616912
TSK010047,S062,2.38616912,2.38616912
TSK010047,S063,19.18758451,19.18758451
TSK010047,S064,2.38616912,2.38616912
TSK010047,S065,2.38616912,2.38616912
TSK010047,S066,5.01975719,5.01975719
TSK010047,S067,10.14825748,10.14825748
TSK010047,S068,2.38616912,2.38616912
TSK010047,S069,7.87833742,7.87833742
TSK010047,S070,2.38616912,2.38616912
TSK010047,S071,7.74039416,7.74039416
TSK010047,S072,12.15726512,12.15726512
TSK010047,S073,7.80397815,7.80397815
TSK010047,S074,8.48814029,8.48814029
TSK010047,S075,2.38616912,2.38616912
TSK010047,S076,14.42711178,14.42711178
TSK010047,S077,8.32311985,8.32311985
TSK010047,S078,2.38616912,2.38616912
TSK010047,S079,6.11460291,6.11460291
TSK010047,S080,6.64939448,6.64939448
TSK010047,S081,5.17932953,5.17932953
TSK010047,S082,7.66393434,7.66393434
TSK010047,S083,10.05589618,10.05589618
TSK010047,S084,9.5961173,9.5961173
TSK010047,S085,23.33236183,23.33236183
TSK010047,S086,4.92045684,4.92045684
TSK010047,S087,6.99113313,6.99113313
TSK010047,S088,7.86389039,7.86389039
TSK010047,S089,4.25808584,4.25808584
TSK010047,S090,5.44517003,5.44517003
TSK010047,S091,5.01975719,5.01975719
TSK010047,S092,4.84840496,4.84840496
TSK010047,S093,6.88753476,6.88753476
TSK010047,S094,7.07704165,7.07704165
TSK010047,S095,24.36253793,24.36253793
TSK010047,S096,3.96083727,3.96083727
TSK010047,S097,7.53360152,7.53360152
TSK010047,S098,6.27338678,6.27338678
TSK010047,S099,19.92249199,19.92249199
TSK010047,S100,9.79128382,9.79128382
TSK010058,S001,60.53714333,60.53714333
TSK010058,S002,49.88605274,49.88605274
TSK010058,S003,7.31352925,7.31352925
TSK010058,S004,7.31352925,7.31352925
TSK010058,S005,16.64959432,16.64959432
TSK010058,S006,24.44199782,24.44199782
TSK010058,S007,14.707103,14.707103
TSK010058,S008,49.88605274,49.88605274
TSK010058,S009,14.707103,14.707103
TSK010058,S010,24.34670457,24.34670457
TSK010058,S011,42.29481494,42.29481494
TSK010058,S012,34.06490474,34.06490474
TSK010058,S013,46.48609247,46.48609247
TSK010058,S014,7.31352925,7.31352925
TSK010058,S015,7.31352925,7.31352925
TSK010058,S016,17.07856087,17.07856087
TSK010058,S017,33.53423111,33.53423111
TSK010058,S018,19.16246758,19.16246758
TSK010058,S019,15.21730688,15.21730688
TSK010058,S020,29.89762278,29.89762278
TSK010058,S021,24.0871527,24.0871527
TSK010058,S022,7.31352925,7.31352925
TSK010058,S023,28.30593882,28.30593882
TSK010058,S024,7.31352925,7.31352925
TSK010058,S025,7.31352925,7.31352925
TSK010058,S026,34.02632832,34.02632832
TSK010058,S027,20.25353476,20.25353476
TSK010058,S028,31.00202742,31.00202742
TSK010058,S029,7.31352925,7.31352925
TSK010058,S030,74.25614114,74.25614114
TSK010058,S031,14.17436493,14.17436493
TSK010058,S032,7.31352925,7.31352925
TSK010058,S033,7.31352925,7.31352925
TSK010058,S034,7.31352925,7.31352925
TSK010058,S035,10.2992469,10.2992469
TSK010058,S036,45.47972405,45.47972405
TSK010058,S037,50.65793877,50.65793877
TSK010058,S038,31.13904692,31.13904692
TSK010058,S039,34.06490474,34.06490474
TSK010058,S040,25.67412328,25.67412328
TSK010058,S041,26.26535111,26.26535111
TSK010058,S042,18.86971892,18.86971892
TSK010058,S043,48.11617315,48.11617315
TSK010058,S044,25.44098471,25.44098471
TSK010058,S045,22.18746599,22.18746599
TSK010058,S046,14.53179386,14.53179386
TSK010058,S047,28.30593882,28.30593882
TSK010058,S048,17.19099915,17.19099915
TSK010058,S049,19.97425121,19.97425121
TSK010058,S050,10.82376005,10.82376005
TSK010058,S051,7.31352925,7.31352925
TSK010058,S052,37.84384381,37.84384381
TSK010058,S053,7.31352925,7.31352925
TSK010058,S054,7.31352925,7.31352925
TSK010058,S055,62.80542875,62.80542875
TSK010058,S056,26.78976044,26.78976044
TSK010058,S057,19.93422076,19.93422076
TSK010058,S058,16.6325513,16.6325513
TSK010058,S059,7.31352925,7.31352925
TSK010058,S060,17.65245111,17.65245111
TSK010058,S061,7.31352925,7.31352925
TSK010058,S062,7.31352925,7.31352925
TSK010058,S063,60.53714333,60.53714333
TSK010058,S064,7.31352925,7.31352925
TSK010058,S065,7.31352925,7.31352925
TSK010058,S066,14.9953279,14.9953279
TSK010058,S067,32.48557249,32.48557249
TSK010058,S068,7.31352925,7.31352925
TSK010058,S069,27.85078043,27.85078043
TSK010058,S070,7.31352925,7.31352925
TSK010058,S071,24.60522169,24.60522169
TSK010058,S072,38.88477751,38.88477751
TSK010058,S073,29.14735421,29.14735421
TSK010058,S074,38.85013277,38.85013277
TSK010058,S075,7.31352925,7.31352925
TSK010058,S076,51.07520912,51.07520912
TSK010058,S077,26.42124835,26.42124835
TSK010058,S078,7.31352925,7.31352925
TSK010058,S079,23.52337473,23.52337473
TSK010058,S080,20.00946326,20.00946326
TSK010058,S081,21.20690058,21.20690058
TSK010058,S082,26.45323665,26.45323665
TSK010058,S083,34.02632832,34.02632832
TSK010058,S084,37.42018143,37.42018143
TSK010058,S085,65.45658661,65.45658661
TSK010058,S086,19.89432443,19.89432443
TSK010058,S087,19.97425121,19.97425121
TSK010058,S088,27.30047245,27.30047245
TSK010058,S089,10.9554472,10.9554472
TSK010058,S090,16.19206511,16.19206511
TSK010058,S091,14.9953279,14.9953279
TSK010058,S092,20.52026485,20.52026485
TSK010058,S093,19.37512658,19.37512658
TSK010058,S094,30.48626753,30.48626753
TSK010058,S095,94.27292996,94.27292996
TSK010058,S096,11.49936774,11.49936774
TSK010058,S097,25.75882957,25.75882957
TSK010058,S098,17.99532508,17.99532508
TSK010058,S099,65.90073764,65.90073764
TSK010058,S100,26.77590764,26.77590764
TSK010074,S001,60.71806226,60.71806226
TSK010074,S002,50.8942573,50.8942573
TSK010074,S003,7.41574964,7.41574964
TSK010074,S004,7.41574964,7.41574964
TSK010074,S005,16.72353777,16.72353777
TSK010074,S006,24.89359368,24.89359368
TSK010074,S007,15.04513945,15.04513945
TSK010074,S008,50.8942573,50.8942573
TSK010074,S009,15.04513945,15.04513945
TSK010074,S010,24.67601133,24.67601133
TSK010074,S011,43.29417404,43.29417404
TSK010074,S012,35.00254231,35.00254231
TSK010074,S013,47.09635353,47.09635353
TSK010074,S014,7.41574964,7.41574964
TSK010074,S015,7.41574964,7.41574964
TSK010074,S016,17.26202456,17.26202456
TSK010074,S017,34.31183148,34.31183148
TSK010074,S018,19.2269004,19.2269004
TSK010074,S019,15.60872227,15.60872227
TSK010074,S020,30.47549594,30.47549594
TSK010074,S021,24.24734967,24.24734967
TSK010074,S022,7.41574964,7.41574964
TSK010074,S023,28.55042647,28.55042647
TSK010074,S024,7.41574964,7.41574964
TSK010074,S025,7.41574964,7.41574964
TSK010074,S026,34.40162146,34.40162146
TSK010074,S027,20.91158761,20.91158761
TSK010074,S028,31.71561438,31.71561438
TSK010074,S029,7.41574964,7.41574964
TSK010074,S030,76.15105386,76.15105386
TSK010074,S031,14.34132411,14.34132411
TSK010074,S032,7.41574964,7.41574964
TSK010074,S033,7.41574964,7.41574964
TSK010074,S034,7.41574964,7.41574964
TSK010074,S035,10.50925177,10.50925177
TSK010074,S036,46.47532199,46.47532199
TSK010074,S037,51.98346927,51.98346927
TSK010074,S038,31.83981167,31.83981167
TSK010074,S039,35.00254231,35.00254231
TSK010074,S040,26.1547538,26.1547538
TSK010074,S041,26.61740079,26.61740079
TSK010074,S042,18.95395392,18.95395392
TSK010074,S043,49.01414376,49.01414376
TSK010074,S044,25.78312289,25.78312289
TSK010074,S045,22.35572287,22.35572287
TSK010074,S046,14.70017361,14.70017361
TSK010074,S047,28.55042647,28.55042647
TSK010074,S048,17.27518782,17.27518782
TSK010074,S049,19.95947537,19.95947537
TSK010074,S050,10.89415097,10.89415097
TSK010074,S051,7.41574964,7.41574964
TSK010074,S052,38.53802711,38.53802711
TSK010074,S053,7.41574964,7.41574964
TSK010074,S054,7.41574964,7.41574964
TSK010074,S055,64.75141004,64.75141004
TSK010074,S056,27.21159394,27.21159394
TSK010074,S057,20.37139082,20.37139082
TSK010074,S058,16.63215726,16.63215726
TSK010074,S059,7.41574964,7.41574964
TSK010074,S060,17.64100539,17.64100539
TSK010074,S061,7.41574964,7.41574964
TSK010074,S062,7.41574964,7.41574964
TSK010074,S063,60.71806226,60.71806226
TSK010074,S064,7.41574964,7.41574964
TSK010074,S065,7.41574964,7.41574964
TSK010074,S066,15.17458783,15.17458783
TSK010074,S067,32.7092661,32.7092661
TSK010074,S068,7.41574964,7.41574964
TSK010074,S069,28.2573608,28.2573608
TSK010074,S070,7.41574964,7.41574964
TSK010074,S071,24.85791759,24.85791759
TSK010074,S072,39.62403887,39.62403887
TSK010074,S073,29.68029765,29.68029765
TSK010074,S074,40.02887008,40.02887008
TSK010074,S075,7.41574964,7.41574964
TSK010074,S076,51.45506047,51.45506047
TSK010074,S077,26.68155226,26.68155226
TSK010074,S078,7.41574964,7.41574964
TSK010074,S079,24.01236875,24.01236875
TSK010074,S080,20.20856242,20.20856242
TSK010074,S081,21.79270855,21.79270855
TSK010074,S082,26.82383943,26.82383943
TSK010074,S083,34.40162146,34.40162146
TSK010074,S084,38.20080832,38.20080832
TSK010074,S085,66.44220815,66.44220815
TSK010074,S086,20.44923222,20.44923222
TSK010074,S087,19.95947537,19.95947537
TSK010074,S088,27.77244749,27.77244749
TSK010074,S089,11.04009012,11.04009012
TSK010074,S090,16.29879975,16.29879975
TSK010074,S091,15.17458783,15.17458783
TSK010074,S092,21.1194697,21.1194697
TSK010074,S093,19.37204666,19.37204666
TSK010074,S094,31.35430671,31.35430671
TSK010074,S095,95.90845621,95.90845621
TSK010074,S096,11.61663498,11.61663498
TSK010074,S097,26.1152406,26.1152406
TSK010074,S098,18.04920218,18.04920218
TSK010074,S099,66.32126389,66.32126389
TSK010074,S100,27.02516453,27.02516453
TSK010084,S001,10.91962516,10.91962516
TSK010084,S002,7.65872961,7.65872961
TSK010084,S003,1.49507744,1.49507744
TSK010084,S004,1.49507744,1.49507744
TSK010084,S005,3.5637204,3.5637204
TSK010084,S006,4.45712106,4.45712106
TSK010084,S007,2.51781051,2.51781051
TSK010084,S008,7.65872961,7.65872961
TSK010084,S009,2.51781051,2.51781051
TSK010084,S010,4.54829361,4.54829361
TSK010084,S011,6.46606007,6.46606007
TSK010084,S012,5.22474658,5.22474658
TSK010084,S013,9.79431004,9.79431004
TSK010084,S014,1.49507744,1.49507744
TSK010084,S015,1.49507744,1.49507744
TSK010084,S016,3.56259006,3.56259006
TSK010084,S017,4.82038319,4.82038319
TSK010084,S018,3.26946757,3.26946757
TSK010084,S019,2.46247045,2.46247045
TSK010084,S020,5.36977927,5.36977927
TSK010084,S021,4.67407232,4.67407232
TSK010084,S022,1.49507744,1.49507744
TSK010084,S023,5.08174836,5.08174836
TSK010084,S024,1.49507744,1.49507744
TSK010084,S025,1.49507744,1.49507744
TSK010084,S026,5.94281435,5.94281435
TSK010084,S027,2.8692188,2.8692188
TSK010084,S028,6.44623196,6.44623196
TSK010084,S029,1.49507744,1.49507744
TSK010084,S030,10.67353764,10.67353764
TSK010084,S031,2.5793569,2.5793569
TSK010084,S032,1.49507744,1.49507744
TSK010084,S033,1.49507744,1.49507744
TSK010084,S034,1.49507744,1.49507744
TSK010084,S035,1.8775676,1.8775676
TSK010084,S036,6.98473706,6.98473706
TSK010084,S037,7.60427837,7.60427837
TSK010084,S038,4.71846751,4.71846751
TSK010084,S039,5.22474658,5.22474658
TSK010084,S040,3.92720729,3.92720729
TSK010084,S041,4.56044226,4.56044226
TSK010084,S042,3.75582485,3.75582485
TSK010084,S043,8.37444295,8.37444295
TSK010084,S044,4.38291818,4.38291818
TSK010084,S045,4.11921689,4.11921689
TSK010084,S046,2.88201976,2.88201976
TSK010084,S047,5.08174836,5.08174836
TSK010084,S048,3.63289071,3.63289071
TSK010084,S049,4.03736871,4.03736871
TSK010084,S050,2.39834906,2.39834906
TSK010084,S051,1.49507744,1.49507744
TSK010084,S052,6.16993079,6.16993079
TSK010084,S053,1.49507744,1.49507744
TSK010084,S054,1.49507744,1.49507744
TSK010084,S055,8.8047567,8.8047567
TSK010084,S056,5.27266906,5.27266906
TSK010084,S057,3.23782463,3.23782463
TSK010084,S058,3.57636345,3.57636345
TSK010084,S059,1.49507744,1.49507744
TSK010084,S060,3.71650143,3.71650143
TSK010084,S061,1.49507744,1.49507744
TSK010084,S062,1.49507744,1.49507744
TSK010084,S063,10.91962516,10.91962516
TSK010084,S064,1.49507744,1.49507744
TSK010084,S065,1.49507744,1.49507744
TSK010084,S066,3.12541096,3.12541096
TSK010084,S067,5.9257387,5.9257387
TSK010084,S068,1.49507744,1.49507744
TSK010084,S069,4.72105466,4.72105466
TSK010084,S070,1.49507744,1.49507744
TSK010084,S071,4.65673194,4.65673194
TSK010084,S072,7.80305888,7.80305888
TSK010084,S073,4.73640095,4.73640095
TSK010084,S074,5.42965022,5.42965022
TSK010084,S075,1.49507744,1.49507744
TSK010084,S076,8.09620114,8.09620114
TSK010084,S077,4.99343651,4.99343651
TSK010084,S078,1.49507744,1.49507744
TSK010084,S079,3.75851313,3.75851313
TSK010084,S080,4.07043202,4.07043202
TSK010084,S081,3.3290181,3.3290181
TSK010084,S082,4.61040944,4.61040944
TSK010084,S083,5.94281435,5.94281435
TSK010084,S084,5.8749886,5.8749886
TSK010084,S085,15.11841768,15.11841768
TSK010084,S086,3.18190523,3.18190523
TSK010084,S087,4.03736871,4.03736871
TSK010084,S088,4.85371003,4.85371003
TSK010084,S089,2.70233587,2.70233587
TSK010084,S090,3.26607834,3.26607834
TSK010084,S091,3.12541096,3.12541096
TSK010084,S092,3.13458509,3.13458509
TSK010084,S093,4.02065132,4.02065132
TSK010084,S094,4.51980572,4.51980572
TSK010084,S095,14.46247788,14.46247788
TSK010084,S096,2.45868112,2.45868112
TSK010084,S097,4.54125849,4.54125849
TSK010084,S098,3.71664221,3.71664221
TSK010084,S099,11.42275413,11.42275413
TSK010084,S100,6.15917939,6.15917939
TSK010112,S001,76.45910896,76.45910896
TSK010112,S002,70.35006905,70.35006905
TSK010112,S003,9.61416879,9.61416879
TSK010112,S004,9.61416879,9.61416879
TSK010112,S005,20.62000886,20.62000886
TSK010112,S006,33.44932663,33.44932663
TSK010112,S007,20.75614233,20.75614233
TSK010112,S008,70.35006905,70.35006905
TSK010112,S009,20.75614233,20.75614233
TSK010112,S010,32.37035641,32.37035641
TSK010112,S011,60.67666396,60.67666396
TSK010112,S012,49.77424553,49.77424553
TSK010112,S013,60.53562061,60.53562061
TSK010112,S014,9.61416879,9.61416879
TSK010112,S015,9.61416879,9.61416879
TSK010112,S016,21.99411617,21.99411617
TSK010112,S017,48.32126949,48.32126949
TSK010112,S018,24.44456489,24.44456489
TSK010112,S019,21.91218365,21.91218365
TSK010112,S020,41.17691731,41.17691731
TSK010112,S021,30.69615485,30.69615485
TSK010112,S022,9.61416879,9.61416879
TSK010112,S023,36.88569584,36.88569584
TSK010112,S024,9.61416879,9.61416879
TSK010112,S025,9.61416879,9.61416879
TSK010112,S026,45.07583304,45.07583304
TSK010112,S027,30.53596884,30.53596884
TSK010112,S028,42.58882495,42.58882495
TSK010112,S029,9.61416879,9.61416879
TSK010112,S030,108.2016168,108.2016168
TSK010112,S031,18.74429515,18.74429515
TSK010112,S032,9.61416879,9.61416879
TSK010112,S033,9.61416879,9.61416879
TSK010112,S034,9.61416879,9.61416879
TSK010112,S035,14.23216102,14.23216102
TSK010112,S036,64.66444749,64.66444749
TSK010112,S037,73.71156402,73.71156402
TSK010112,S038,44.47272486,44.47272486
TSK010112,S039,49.77424553,49.77424553
TSK010112,S040,35.95527675,35.95527675
TSK010112,S041,35.25523949,35.25523949
TSK010112,S042,23.6637737,23.6637737
TSK010112,S043,66.32136897,66.32136897
TSK010112,S044,34.19199271,34.19199271
TSK010112,S045,28.61048908,28.61048908
TSK010112,S046,18.95316033,18.95316033
TSK010112,S047,36.88569584,36.88569584
TSK010112,S048,21.3930173,21.3930173
TSK010112,S049,24.26373209,24.26373209
TSK010112,S050,13.4759357,13.4759357
TSK010112,S051,9.61416879,9.61416879
TSK010112,S052,52.50713031,52.50713031
TSK010112,S053,9.61416879,9.61416879
TSK010112,S054,9.61416879,9.61416879
TSK010112,S055,94.129126,94.129126
TSK010112,S056,35.75590142,35.75590142
TSK010112,S057,28.16716054,28.16716054
TSK010112,S058,20.06650128,20.06650128
TSK010112,S059,9.61416879,9.61416879
TSK010112,S060,21.30183103,21.30183103
TSK010112,S061,9.61416879,9.61416879
TSK010112,S062,9.61416879,9.61416879
TSK010112,S063,76.45910896,76.45910896
TSK010112,S064,9.61416879,9.61416879
TSK010112,S065,9.61416879,9.61416879
TSK010112,S066,19.4401778,19.4401778
TSK010112,S067,41.84084899,41.84084899
TSK010112,S068,9.61416879,9.61416879
TSK010112,S069,37.73235257,37.73235257
TSK010112,S070,9.61416879,9.61416879
TSK010112,S071,32.09596965,32.09596965
TSK010112,S072,52.62644399,52.62644399
TSK010112,S073,40.44523876,40.44523876
TSK010112,S074,58.06995846,58.06995846
TSK010112,S075,9.61416879,9.61416879
TSK010112,S076,67.23492896,67.23492896
TSK010112,S077,34.3953807,34.3953807
TSK010112,S078,9.61416879,9.61416879
TSK010112,S079,33.11601907,33.11601907
TSK010112,S080,25.76505388,25.76505388
TSK010112,S081,30.92257614,30.92257614
TSK010112,S082,35.60092951,35.60092951
TSK010112,S083,45.07583304,45.07583304
TSK010112,S084,52.80584556,52.80584556
TSK010112,S085,84.75149301,84.75149301
TSK010112,S086,28.9852392,28.9852392
TSK010112,S087,24.26373209,24.26373209
TSK010112,S088,37.26423183,37.26423183
TSK010112,S089,13.45021862,13.45021862
TSK010112,S090,20.50060656,20.50060656
TSK010112,S091,19.4401778,19.4401778
TSK010112,S092,30.23521977,30.23521977
TSK010112,S093,23.506704,23.506704
TSK010112,S094,44.90651906,44.90651906
TSK010112,S095,131.08316258,131.08316258
TSK010112,S096,14.70400278,14.70400278
TSK010112,S097,34.58203999,34.58203999
TSK010112,S098,22.24481891,22.24481891
TSK010112,S099,85.26348194,85.26348194
TSK010112,S100,33.62589998,33.62589998
TSK010154,S001,76.45910896,76.45910896
TSK010154,S002,70.35006905,70.35006905
TSK010154,S003,9.61416879,9.61416879
TSK010154,S004,9.61416879,9.61416879
TSK010154,S005,20.62000886,20.62000886
TSK010154,S006,33.44932663,33.44932663
TSK010154,S007,20.75614233,20.75614233
TSK010154,S008,70.35006905,70.35006905
TSK010154,S009,20.75614233,20.75614233
TSK010154,S010,32.37035641,32.37035641
TSK010154,S011,60.67666396,60.67666396
TSK010154,S012,49.77424553,49.77424553
TSK010154,S013,60.53562061,60.53562061
TSK010154,S014,9.61416879,9.61416879
TSK010154,S015,9.61416879,9.61416879
TSK010154,S016,21.99411617,21.99411617
TSK010154,S017,48.32126949,48.32126949
TSK010154,S018,24.44456489,24.44456489
TSK010154,S019,21.91218365,21.91218365
TSK010154,S020,41.17691731,41.17691731
TSK010154,S021,30.69615485,30.69615485
TSK010154,S022,9.61416879,9.61416879
TSK010154,S023,36.88569584,36.88569584
TSK010154,S024,9.61416879,9.61416879
TSK010154,S025,9.61416879,9.61416879
TSK010154,S026,45.07583304,45.07583304
TSK010154,S027,30.53596884,30.53596884
TSK010154,S028,42.58882495,42.58882495
TSK010154,S029,9.61416879,9.61416879
TSK010154,S030,108.2016168,108.2016168
TSK010154,S031,18.74429515,18.74429515
TSK010154,S032,9.61416879,9.61416879
TSK010154,S033,9.61416879,9.61416879
TSK010154,S034,9.61416879,9.61416879
TSK010154,S035,14.23216102,14.23216102
TSK010154,S036,64.66444749,64.66444749
TSK010154,S037,73.71156402,73.71156402
TSK010154,S038,44.47272486,44.47272486
TSK010154,S039,49.77424553,49.77424553
TSK010154,S040,35.95527675,35.95527675
TSK010154,S041,35.25523949,35.25523949
TSK010154,S042,23.6637737,23.6637737
TSK010154,S043,66.32136897,66.32136897
TSK010154,S044,34.19199271,34.19199271
TSK010154,S045,28.61048908,28.61048908
TSK010154,S046,18.95316033,18.95316033
TSK010154,S047,36.88569584,36.88569584
TSK010154,S048,21.3930173,21.3930173
TSK010154,S049,24.26373209,24.26373209
TSK010154,S050,13.4759357,13.4759357
TSK010154,S051,9.61416879,9.61416879
TSK010154,S052,52.50713031,52.50713031
TSK010154,S053,9.61416879,9.61416879
TSK010154,S054,9.61416879,9.61416879
TSK010154,S055,94.129126,94.129126
TSK010154,S056,35.75590142,35.75590142
TSK010154,S057,28.16716054,28.16716054
TSK010154,S058,20.06650128,20.06650128
TSK010154,S059,9.61416879,9.61416879
TSK010154,S060,21.30183103,21.30183103
TSK010154,S061,9.61416879,9.61416879
TSK010154,S062,9.61416879,9.61416879
TSK010154,S063,76.45910896,76.45910896
TSK010154,S064,9.61416879,9.61416879
TSK010154,S065,9.61416879,9.61416879
TSK010154,S066,19.4401778,19.4401778
TSK010154,S067,41.84084899,41.84084899
TSK010154,S068,9.61416879,9.61416879
TSK010154,S069,37.73235257,37.73235257
TSK010154,S070,9.61416879,9.61416879
TSK010154,S071,32.09596965,32.09596965
TSK010154,S072,52.62644399,52.62644399
TSK010154,S073,40.44523876,40.44523876
TSK010154,S074,58.06995846,58.06995846
TSK010154,S075,9.61416879,9.61416879
TSK010154,S076,67.23492896,67.23492896
TSK010154,S077,34.3953807,34.3953807
TSK010154,S078,9.61416879,9.61416879
TSK010154,S079,33.11601907,33.11601907
TSK010154,S080,25.76505388,25.76505388
TSK010154,S081,30.92257614,30.92257614
TSK010154,S082,35.60092951,35.60092951
TSK010154,S083,45.07583304,45.07583304
TSK010154,S084,52.80584556,52.80584556
TSK010154,S085,84.75149301,84.75149301
TSK010154,S086,28.9852392,28.9852392
TSK010154,S087,24.26373209,24.26373209
TSK010154,S088,37.26423183,37.26423183
TSK010154,S089,13.45021862,13.45021862
TSK010154,S090,20.50060656,20.50060656
TSK010154,S091,19.4401778,19.4401778
TSK010154,S092,30.23521977,30.23521977
TSK010154,S093,23.506704,23.506704
TSK010154,S094,44.90651906,44.90651906
TSK010154,S095,131.08316258,131.08316258
TSK010154,S096,14.70400278,14.70400278
TSK010154,S097,34.58203999,34.58203999
TSK010154,S098,22.24481891,22.24481891
TSK010154,S099,85.26348194,85.26348194
TSK010154,S100,33.62589998,33.62589998
TSK010163,S001,16.33823263,16.33823263
TSK010163,S002,11.23760352,11.23760352
TSK010163,S003,2.17156324,2.17156324
TSK010163,S004,2.17156324,2.17156324
TSK010163,S005,5.23714762,5.23714762
TSK010163,S006,6.47648412,6.47648412
TSK010163,S007,3.64336302,3.64336302
TSK010163,S008,11.23760352,11.23760352
TSK010163,S009,3.64336302,3.64336302
TSK010163,S010,6.6565157,6.6565157
TSK010163,S011,9.42012313,9.42012313
TSK010163,S012,7.54492261,7.54492261
TSK010163,S013,14.2148308,14.2148308
TSK010163,S014,2.17156324,2.17156324
TSK010163,S015,2.17156324,2.17156324
TSK010163,S016,5.19414575,5.19414575
TSK010163,S017,7.06321816,7.06321816
TSK010163,S018,4.91610713,4.91610713
TSK010163,S019,3.55705457,3.55705457
TSK010163,S020,7.79881707,7.79881707
TSK010163,S021,6.90146395,6.90146395
TSK010163,S022,2.17156324,2.17156324
TSK010163,S023,7.52878294,7.52878294
TSK010163,S024,2.17156324,2.17156324
TSK010163,S025,2.17156324,2.17156324
TSK010163,S026,8.78683324,8.78683324
TSK010163,S027,4.11697685,4.11697685
TSK010163,S028,9.21450266,9.21450266
TSK010163,S029,2.17156324,2.17156324
TSK010163,S030,15.55512216,15.55512216
TSK010163,S031,3.79498707,3.79498707
TSK010163,S032,2.17156324,2.17156324
TSK010163,S033,2.17156324,2.17156324
TSK010163,S034,2.17156324,2.17156324
TSK010163,S035,2.71863945,2.71863945
TSK010163,S036,10.210959,10.210959
TSK010163,S037,11.03073712,11.03073712
TSK010163,S038,6.89584367,6.89584367
TSK010163,S039,7.54492261,7.54492261
TSK010163,S040,5.78279824,5.78279824
TSK010163,S041,6.71591271,6.71591271
TSK010163,S042,5.55370207,5.55370207
TSK010163,S043,12.20627426,12.20627426
TSK010163,S044,6.458217,6.458217
TSK010163,S045,6.09603368,6.09603368
TSK010163,S046,4.21232949,4.21232949
TSK010163,S047,7.52878294,7.52878294
TSK010163,S048,5.34064742,5.34064742
TSK010163,S049,6.0128023,6.0128023
TSK010163,S050,3.50369665,3.50369665
TSK010163,S051,2.17156324,2.17156324
TSK010163,S052,9.04467408,9.04467408
TSK010163,S053,2.17156324,2.17156324
TSK010163,S054,2.17156324,2.17156324
TSK010163,S055,12.68809292,12.68809292
TSK010163,S056,7.65655808,7.65655808
TSK010163,S057,4.71286849,4.71286849
TSK010163,S058,5.2900789,5.2900789
TSK010163,S059,2.17156324,2.17156324
TSK010163,S060,5.51315823,5.51315823
TSK010163,S061,2.17156324,2.17156324
TSK010163,S062,2.17156324,2.17156324
TSK010163,S063,16.33823263,16.33823263
TSK010163,S064,2.17156324,2.17156324
TSK010163,S065,2.17156324,2.17156324
TSK010163,S066,4.54814776,4.54814776
TSK010163,S067,8.79450611,8.79450611
TSK010163,S068,2.17156324,2.17156324
TSK010163,S069,6.95046222,6.95046222
TSK010163,S070,2.17156324,2.17156324
TSK010163,S071,6.84745581,6.84745581
TSK010163,S072,11.25323904,11.25323904
TSK010163,S073,6.94591432,6.94591432
TSK010163,S074,7.83819565,7.83819565
TSK010163,S075,2.17156324,2.17156324
TSK010163,S076,12.16825349,12.16825349
TSK010163,S077,7.34882041,7.34882041
TSK010163,S078,2.17156324,2.17156324
TSK010163,S079,5.49062843,5.49062843
TSK010163,S080,5.95371845,5.95371845
TSK010163,S081,4.79897987,4.79897987
TSK010163,S082,6.7794871,6.7794871
TSK010163,S083,8.78683324,8.78683324
TSK010163,S084,8.59287953,8.59287953
TSK010163,S085,21.74277729,21.74277729
TSK010163,S086,4.57876495,4.57876495
TSK010163,S087,6.0128023,6.0128023
TSK010163,S088,7.08173732,7.08173732
TSK010163,S089,3.91017446,3.91017446
TSK010163,S090,4.8070087,4.8070087
TSK010163,S091,4.54814776,4.54814776
TSK010163,S092,4.51097621,4.51097621
TSK010163,S093,5.96763799,5.96763799
TSK010163,S094,6.52780801,6.52780801
TSK010163,S095,21.35395671,21.35395671
TSK010163,S096,3.58114873,3.58114873
TSK010163,S097,6.67362615,6.67362615
TSK010163,S098,5.49106436,5.49106436
TSK010163,S099,17.05052757,17.05052757
TSK010163,S100,8.9355032,8.9355032
TSK010194,S001,76.45910896,76.45910896
TSK010194,S002,70.35006905,70.35006905
TSK010194,S003,9.61416879,9.61416879
TSK010194,S004,9.61416879,9.61416879
TSK010194,S005,20.62000886,20.62000886
TSK010194,S006,33.44932663,33.44932663
TSK010194,S007,20.75614233,20.75614233
TSK010194,S008,70.35006905,70.35006905
TSK010194,S009,20.75614233,20.75614233
TSK010194,S010,32.37035641,32.37035641
TSK010194,S011,60.67666396,60.67666396
TSK010194,S012,49.77424553,49.77424553
TSK010194,S013,60.53562061,60.53562061
TSK010194,S014,9.61416879,9.61416879
TSK010194,S015,9.61416879,9.61416879
TSK010194,S016,21.99411617,21.99411617
TSK010194,S017,48.32126949,48.32126949
TSK010194,S018,24.44456489,24.44456489
TSK010194,S019,21.91218365,21.91218365
TSK010194,S020,41.17691731,41.17691731
TSK010194,S021,30.69615485,30.69615485
TSK010194,S022,9.61416879,9.61416879
TSK010194,S023,36.88569584,36.88569584
TSK010194,S024,9.61416879,9.61416879
TSK010194,S025,9.61416879,9.61416879
TSK010194,S026,45.07583304,45.07583304
TSK010194,S027,30.53596884,30.53596884
TSK010194,S028,42.58882495,42.58882495
TSK010194,S029,9.61416879,9.61416879
TSK010194,S030,108.2016168,108.2016168
TSK010194,S031,18.74429515,18.74429515
TSK010194,S032,9.61416879,9.61416879
TSK010194,S033,9.61416879,9.61416879
TSK010194,S034,9.61416879,9.61416879
TSK010194,S035,14.23216102,14.23216102
TSK010194,S036,64.66444749,64.66444749
TSK010194,S037,73.71156402,73.71156402
TSK010194,S038,44.47272486,44.47272486
TSK010194,S039,49.77424553,49.77424553
TSK010194,S040,35.95527675,35.95527675
TSK010194,S041,35.25523949,35.25523949
TSK010194,S042,23.6637737,23.6637737
TSK010194,S043,66.32136897,66.32136897
TSK010194,S044,34.19199271,34.19199271
TSK010194,S045,28.61048908,28.61048908
TSK010194,S046,18.95316033,18.95316033
TSK010194,S047,36.88569584,36.88569584
TSK010194,S048,21.3930173,21.3930173
TSK010194,S049,24.26373209,24.26373209
TSK010194,S050,13.4759357,13.4759357
TSK010194,S051,9.61416879,9.61416879
TSK010194,S052,52.50713031,52.50713031
TSK010194,S053,9.61416879,9.61416879
TSK010194,S054,9.61416879,9.61416879
TSK010194,S055,94.129126,94.129126
TSK010194,S056,35.75590142,35.75590142
TSK010194,S057,28.16716054,28.16716054
TSK010194,S058,20.06650128,20.06650128
TSK010194,S059,9.61416879,9.61416879
TSK010194,S060,21.30183103,21.30183103
TSK010194,S061,9.61416879,9.61416879
TSK010194,S062,9.61416879,9.61416879
TSK010194,S063,76.45910896,76.45910896
TSK010194,S064,9.61416879,9.61416879
TSK010194,S065,9.61416879,9.61416879
TSK010194,S066,19.4401778,19.4401778
TSK010194,S067,41.84084899,41.84084899
TSK010194,S068,9.61416879,9.61416879
TSK010194,S069,37.73235257,37.73235257
TSK010194,S070,9.61416879,9.61416879
TSK010194,S071,32.09596965,32.09596965
TSK010194,S072,52.62644399,52.62644399
TSK010194,S073,40.44523876,40.44523876
TSK010194,S074,58.06995846,58.06995846
TSK010194,S075,9.61416879,9.61416879
TSK010194,S076,67.23492896,67.23492896
TSK010194,S077,34.3953807,34.3953807
TSK010194,S078,9.61416879,9.61416879
TSK010194,S079,33.11601907,33.11601907
TSK010194,S080,25.76505388,25.76505388
TSK010194,S081,30.92257614,30.92257614
TSK010194,S082,35.60092951,35.60092951
TSK010194,S083,45.07583304,45.07583304
TSK010194,S084,52.80584556,52.80584556
TSK010194,S085,84.75149301,84.75149301
TSK010194,S086,28.9852392,28.9852392
TSK010194,S087,24.26373209,24.26373209
TSK010194,S088,37.26423183,37.26423183
TSK010194,S089,13.45021862,13.45021862
TSK010194,S090,20.50060656,20.50060656
TSK010194,S091,19.4401778,19.4401778
TSK010194,S092,30.23521977,30.23521977
TSK010194,S093,23.506704,23.506704
TSK010194,S094,44.90651906,44.90651906
TSK010194,S095,131.08316258,131.08316258
TSK010194,S096,14.70400278,14.70400278
TSK010194,S097,34.58203999,34.58203999
TSK010194,S098,22.24481891,22.24481891
TSK010194,S099,85.26348194,85.26348194
TSK010194,S100,33.62589998,33.62589998
TSK010225,S001,11.92256186,11.92256186
TSK010225,S002,8.10932436,8.10932436
TSK010225,S003,1.55776098,1.55776098
TSK010225,S004,1.55776098,1.55776098
TSK010225,S005,3.78265857,3.78265857
TSK010225,S006,4.6469886,4.6469886
TSK010225,S007,2.60774777,2.60774777
TSK010225,S008,8.10932436,8.10932436
TSK010225,S009,2.60774777,2.60774777
TSK010225,S010,4.79630242,4.79630242
TSK010225,S011,6.76948476,6.76948476
TSK010225,S012,5.39371961,5.39371961
TSK010225,S013,10.19221428,10.19221428
TSK010225,S014,1.55776098,1.55776098
TSK010225,S015,1.55776098,1.55776098
TSK010225,S016,3.73428846,3.73428846
TSK010225,S017,5.09292034,5.09292034
TSK010225,S018,3.5974206,3.5974206
TSK010225,S019,2.54332314,2.54332314
TSK010225,S020,5.59416819,5.59416819
TSK010225,S021,4.99839153,4.99839153
TSK010225,S022,1.55776098,1.55776098
TSK010225,S023,5.46330037,5.46330037
TSK010225,S024,1.55776098,1.55776098
TSK010225,S025,1.55776098,1.55776098
TSK010225,S026,6.36888076,6.36888076
TSK010225,S027,2.93190235,2.93190235
TSK010225,S028,6.5470707,6.5470707
TSK010225,S029,1.55776098,1.55776098
TSK010225,S030,11.18045674,11.18045674
TSK010225,S031,2.74287918,2.74287918
TSK010225,S032,1.55776098,1.55776098
TSK010225,S033,1.55776098,1.55776098
TSK010225,S034,1.55776098,1.55776098
TSK010225,S035,1.94661034,1.94661034
TSK010225,S036,7.35266221,7.35266221
TSK010225,S037,7.9067946,7.9067946
TSK010225,S038,4.9646594,4.9646594
TSK010225,S039,5.39371961,5.39371961
TSK010225,S040,4.18157529,4.18157529
TSK010225,S041,4.8565993,4.8565993
TSK010225,S042,4.02563663,4.02563663
TSK010225,S043,8.7741641,8.7741641
TSK010225,S044,4.67180756,4.67180756
TSK010225,S045,4.42082467,4.42082467
TSK010225,S046,3.03282365,3.03282365
TSK010225,S047,5.46330037,5.46330037
TSK010225,S048,3.85818809,3.85818809
TSK010225,S049,4.37622323,4.37622323
TSK010225,S050,2.52189923,2.52189923
TSK010225,S051,1.55776098,1.55776098
TSK010225,S052,6.52332062,6.52332062
TSK010225,S053,1.55776098,1.55776098
TSK010225,S054,1.55776098,1.55776098
TSK010225,S055,9.05912471,9.05912471
TSK010225,S056,5.49160723,5.49160723
TSK010225,S057,3.38499469,3.38499469
TSK010225,S058,3.83527374,3.83527374
TSK010225,S059,1.55776098,1.55776098
TSK010225,S060,4.0035739,4.0035739
TSK010225,S061,1.55776098,1.55776098
TSK010225,S062,1.55776098,1.55776098
TSK010225,S063,11.92256186,11.92256186
TSK010225,S064,1.55776098,1.55776098
TSK010225,S065,1.55776098,1.55776098
TSK010225,S066,3.26622182,3.26622182
TSK010225,S067,6.38814339,6.38814339
TSK010225,S068,1.55776098,1.55776098
TSK010225,S069,5.02538781,5.02538781
TSK010225,S070,1.55776098,1.55776098
TSK010225,S071,4.94743823,4.94743823
TSK010225,S072,8.03834928,8.03834928
TSK010225,S073,5.01075501,5.01075501
TSK010225,S074,5.60225708,5.60225708
TSK010225,S075,1.55776098,1.55776098
TSK010225,S076,8.90200264,8.90200264
TSK010225,S077,5.31230497,5.31230497
TSK010225,S078,1.55776098,1.55776098
TSK010225,S079,3.95201451,3.95201451
TSK010225,S080,4.28846174,4.28846174
TSK010225,S081,3.42713147,3.42713147
TSK010225,S082,4.89839036,4.89839036
TSK010225,S083,6.36888076,6.36888076
TSK010225,S084,6.18931478,6.18931478
TSK010225,S085,15.50542043,15.50542043
TSK010225,S086,3.26639175,3.26639175
TSK010225,S087,4.37622323,4.37622323
TSK010225,S088,5.09354272,5.09354272
TSK010225,S089,2.79863233,2.79863233
TSK010225,S090,3.47502349,3.47502349
TSK010225,S091,3.26622182,3.26622182
TSK010225,S092,3.21816315,3.21816315
TSK010225,S093,4.3349775,4.3349775
TSK010225,S094,4.66697578,4.66697578
TSK010225,S095,15.46541459,15.46541459
TSK010225,S096,2.57314672,2.57314672
TSK010225,S097,4.82015484,4.82015484
TSK010225,S098,3.97827788,3.97827788
TSK010225,S099,12.42569083,12.42569083
TSK010225,S100,6.40537128,6.40537128
