from_node_id,to_node_id,distance_km,travel_hours
NOD000003,NOD000592,1233.0,72.1466
NOD000003,NOD000593,1225.0,71.6785
NOD000003,NOD000594,1215.0,71.0934
NOD000003,NOD000596,1829.0,107.0204
NOD000003,NOD000597,1233.0,72.1466
NOD000003,NOD000599,1643.0,96.137
NOD000003,NOD000607,1081.0,63.2526
NOD000003,NOD000611,1231.0,72.0296
NOD000003,NOD000622,2219.0,129.8405
NOD000003,NOD000632,1369.0,80.1044
NOD000003,NOD000645,1233.0,72.1466
NOD000003,NOD000677,1231.0,72.0296
NOD000003,NOD000678,1337.0,78.232
NOD000003,NOD000706,1793.0,104.9139
NOD000003,NOD000777,1643.0,96.137
NOD000003,NOD000779,1215.0,71.0934
NOD000003,NOD000780,1225.0,71.6785
NOD000003,NOD000781,1081.0,63.2526
NOD000003,NOD000785,1453.0,85.0195
NOD000003,NOD000786,1231.0,72.0296
NOD000003,NOD000790,1793.0,104.9139
NOD000003,NOD000794,2219.0,129.8405
NOD000014,NOD000592,344.0,20.1285
NOD000014,NOD000593,343.0,20.07
NOD000014,NOD000594,343.0,20.07
NOD000014,NOD000596,703.0,41.1347
NOD000014,NOD000597,344.0,20.1285
NOD000014,NOD000599,761.0,44.5284
NOD000014,NOD000607,473.0,27.6767
NOD000014,NOD000611,349.0,20.4211
NOD000014,NOD000622,1291.0,75.5404
NOD000014,NOD000632,211.0,12.3463
NOD000014,NOD000645,344.0,20.1285
NOD000014,NOD000677,344.0,20.1285
NOD000014,NOD000678,211.0,12.3463
NOD000014,NOD000706,906.0,53.0128
NOD000014,NOD000777,761.0,44.5284
NOD000014,NOD000779,333.0,19.4849
NOD000014,NOD000780,336.0,19.6604
NOD000014,NOD000781,467.0,27.3256
NOD000014,NOD000785,571.0,33.411
NOD000014,NOD000786,344.0,20.1285
NOD000014,NOD000790,906.0,53.0128
NOD000014,NOD000794,1337.0,78.232
NOD000017,NOD000592,390.0,22.8201
NOD000017,NOD000593,389.0,22.7616
NOD000017,NOD000594,389.0,22.7616
NOD000017,NOD000596,749.0,43.8263
NOD000017,NOD000597,390.0,22.8201
NOD000017,NOD000599,807.0,47.22
NOD000017,NOD000607,519.0,30.3683
NOD000017,NOD000611,395.0,23.1127
NOD000017,NOD000622,1337.0,78.232
NOD000017,NOD000632,257.0,15.0379
NOD000017,NOD000645,390.0,22.8201
NOD000017,NOD000677,390.0,22.8201
NOD000017,NOD000678,257.0,15.0379
NOD000017,NOD000706,952.0,55.7044
NOD000017,NOD000777,807.0,47.22
NOD000017,NOD000779,379.0,22.1765
NOD000017,NOD000780,382.0,22.352
NOD000017,NOD000781,513.0,30.0172
NOD000017,NOD000785,617.0,36.1026
NOD000017,NOD000786,390.0,22.8201
NOD000017,NOD000790,952.0,55.7044
NOD000017,NOD000794,1383.0,80.9236
NOD000018,NOD000592,390.0,22.8201
NOD000018,NOD000593,389.0,22.7616
NOD000018,NOD000594,389.0,22.7616
NOD000018,NOD000596,749.0,43.8263
NOD000018,NOD000597,390.0,22.8201
NOD000018,NOD000599,807.0,47.22
NOD000018,NOD000607,519.0,30.3683
NOD000018,NOD000611,395.0,23.1127
NOD000018,NOD000622,1337.0,78.232
NOD000018,NOD000632,257.0,15.0379
NOD000018,NOD000645,390.0,22.8201
NOD000018,NOD000677,390.0,22.8201
NOD000018,NOD000678,257.0,15.0379
NOD000018,NOD000706,952.0,55.7044
NOD000018,NOD000777,807.0,47.22
NOD000018,NOD000779,379.0,22.1765
NOD000018,NOD000780,382.0,22.352
NOD000018,NOD000781,513.0,30.0172
NOD000018,NOD000785,617.0,36.1026
NOD000018,NOD000786,390.0,22.8201
NOD000018,NOD000790,952.0,55.7044
NOD000018,NOD000794,1383.0,80.9236
NOD000019,NOD000592,393.0,22.9956
NOD000019,NOD000593,392.0,22.9371
NOD000019,NOD000594,392.0,22.9371
NOD000019,NOD000596,752.0,44.0018
NOD000019,NOD000597,393.0,22.9956
NOD000019,NOD000599,810.0,47.3956
NOD000019,NOD000607,522.0,30.5438
NOD000019,NOD000611,398.0,23.2882
NOD000019,NOD000622,1340.0,78.4075
NOD000019,NOD000632,260.0,15.2134
NOD000019,NOD000645,393.0,22.9956
NOD000019,NOD000677,393.0,22.9956
NOD000019,NOD000678,260.0,15.2134
NOD000019,NOD000706,955.0,55.88
NOD000019,NOD000777,810.0,47.3956
NOD000019,NOD000779,382.0,22.352
NOD000019,NOD000780,385.0,22.5275
NOD000019,NOD000781,516.0,30.1927
NOD000019,NOD000785,620.0,36.2781
NOD000019,NOD000786,393.0,22.9956
NOD000019,NOD000790,955.0,55.88
NOD000019,NOD000794,1386.0,81.0991
NOD000028,NOD000592,358.0,20.9477
NOD000028,NOD000593,357.0,20.8892
NOD000028,NOD000594,357.0,20.8892
NOD000028,NOD000596,717.0,41.9539
NOD000028,NOD000597,358.0,20.9477
NOD000028,NOD000599,775.0,45.3476
NOD000028,NOD000607,487.0,28.4959
NOD000028,NOD000611,363.0,21.2402
NOD000028,NOD000622,1305.0,76.3596
NOD000028,NOD000632,225.0,13.1654
NOD000028,NOD000645,358.0,20.9477
NOD000028,NOD000677,358.0,20.9477
NOD000028,NOD000678,225.0,13.1654
NOD000028,NOD000706,920.0,53.832
NOD000028,NOD000777,775.0,45.3476
NOD000028,NOD000779,347.0,20.304
NOD000028,NOD000780,350.0,20.4796
NOD000028,NOD000781,481.0,28.1448
NOD000028,NOD000785,585.0,34.2301
NOD000028,NOD000786,358.0,20.9477
NOD000028,NOD000790,920.0,53.832
NOD000028,NOD000794,1351.0,79.0512
NOD000030,NOD000592,1067.0,62.4334
NOD000030,NOD000593,1064.0,62.2579
NOD000030,NOD000594,1064.0,62.2579
NOD000030,NOD000596,1678.0,98.1849
NOD000030,NOD000597,1067.0,62.4334
NOD000030,NOD000599,1086.0,63.5452
NOD000030,NOD000607,1204.0,70.4497
NOD000030,NOD000611,1070.0,62.609
NOD000030,NOD000622,1704.0,99.7063
NOD000030,NOD000632,1218.0,71.2689
NOD000030,NOD000645,1060.0,62.0239
NOD000030,NOD000677,1067.0,62.4334
NOD000030,NOD000678,1186.0,69.3965
NOD000030,NOD000706,1194.0,69.8646
NOD000030,NOD000777,636.0,37.2143
NOD000030,NOD000779,1064.0,62.2579
NOD000030,NOD000780,1064.0,62.2579
NOD000030,NOD000781,1198.0,70.0987
NOD000030,NOD000785,1292.0,75.5989
NOD000030,NOD000786,1067.0,62.4334
NOD000030,NOD000790,1194.0,69.8646
NOD000030,NOD000794,2032.0,118.8986
NOD000032,NOD000592,1123.0,65.7102
NOD000032,NOD000593,1120.0,65.5346
NOD000032,NOD000594,1120.0,65.5346
NOD000032,NOD000596,1734.0,101.4617
NOD000032,NOD000597,1123.0,65.7102
NOD000032,NOD000599,1142.0,66.8219
NOD000032,NOD000607,1260.0,73.7265
NOD000032,NOD000611,1126.0,65.8857
NOD000032,NOD000622,1760.0,102.983
NOD000032,NOD000632,1274.0,74.5457
NOD000032,NOD000645,1116.0,65.3006
NOD000032,NOD000677,1123.0,65.7102
NOD000032,NOD000678,1242.0,72.6732
NOD000032,NOD000706,1250.0,73.1413
NOD000032,NOD000777,692.0,40.491
NOD000032,NOD000779,1120.0,65.5346
NOD000032,NOD000780,1120.0,65.5346
NOD000032,NOD000781,1254.0,73.3754
NOD000032,NOD000785,1348.0,78.8756
NOD000032,NOD000786,1123.0,65.7102
NOD000032,NOD000790,1250.0,73.1413
NOD000032,NOD000794,2088.0,122.1753
NOD000043,NOD000592,521.0,30.4853
NOD000043,NOD000593,520.0,30.4268
NOD000043,NOD000594,520.0,30.4268
NOD000043,NOD000596,880.0,51.4915
NOD000043,NOD000597,521.0,30.4853
NOD000043,NOD000599,938.0,54.8853
NOD000043,NOD000607,650.0,38.0335
NOD000043,NOD000611,526.0,30.7779
NOD000043,NOD000622,1468.0,85.8972
NOD000043,NOD000632,420.0,24.5755
NOD000043,NOD000645,521.0,30.4853
NOD000043,NOD000677,521.0,30.4853
NOD000043,NOD000678,388.0,22.7031
NOD000043,NOD000706,1083.0,63.3697
NOD000043,NOD000777,938.0,54.8853
NOD000043,NOD000779,510.0,29.8417
NOD000043,NOD000780,513.0,30.0172
NOD000043,NOD000781,644.0,37.6824
NOD000043,NOD000785,748.0,43.7678
NOD000043,NOD000786,521.0,30.4853
NOD000043,NOD000790,1083.0,63.3697
NOD000043,NOD000794,1514.0,88.5888
NOD000044,NOD000592,1040.0,60.8536
NOD000044,NOD000593,1039.0,60.7951
NOD000044,NOD000594,1039.0,60.7951
NOD000044,NOD000596,1399.0,81.8598
NOD000044,NOD000597,1040.0,60.8536
NOD000044,NOD000599,1457.0,85.2535
NOD000044,NOD000607,1169.0,68.4018
NOD000044,NOD000611,1045.0,61.1462
NOD000044,NOD000622,1987.0,116.2655
NOD000044,NOD000632,907.0,53.0714
NOD000044,NOD000645,1040.0,60.8536
NOD000044,NOD000677,1040.0,60.8536
NOD000044,NOD000678,907.0,53.0714
NOD000044,NOD000706,1602.0,93.7379
NOD000044,NOD000777,1457.0,85.2535
NOD000044,NOD000779,1029.0,60.21
NOD000044,NOD000780,1032.0,60.3855
NOD000044,NOD000781,1163.0,68.0507
NOD000044,NOD000785,1267.0,74.1361
NOD000044,NOD000786,1040.0,60.8536
NOD000044,NOD000790,1602.0,93.7379
NOD000044,NOD000794,2033.0,118.9571
NOD000048,NOD000592,991.0,57.9865
NOD000048,NOD000593,1001.0,58.5716
NOD000048,NOD000594,1001.0,58.5716
NOD000048,NOD000596,1608.0,94.089
NOD000048,NOD000597,983.0,57.5183
NOD000048,NOD000599,981.0,57.4013
NOD000048,NOD000607,1141.0,66.7634
NOD000048,NOD000611,1007.0,58.9227
NOD000048,NOD000622,1969.0,115.2122
NOD000048,NOD000632,1148.0,67.173
NOD000048,NOD000645,983.0,57.5183
NOD000048,NOD000677,991.0,57.9865
NOD000048,NOD000678,1116.0,65.3006
NOD000048,NOD000706,1541.0,90.1686
NOD000048,NOD000777,983.0,57.5183
NOD000048,NOD000779,1001.0,58.5716
NOD000048,NOD000780,991.0,57.9865
NOD000048,NOD000781,1135.0,66.4123
NOD000048,NOD000785,1229.0,71.9126
NOD000048,NOD000786,991.0,57.9865
NOD000048,NOD000790,1541.0,90.1686
NOD000048,NOD000794,1969.0,115.2122
NOD000059,NOD000592,937.0,54.8267
NOD000059,NOD000593,934.0,54.6512
NOD000059,NOD000594,934.0,54.6512
NOD000059,NOD000596,1548.0,90.5782
NOD000059,NOD000597,937.0,54.8267
NOD000059,NOD000599,1252.0,73.2584
NOD000059,NOD000607,1074.0,62.843
NOD000059,NOD000611,940.0,55.0023
NOD000059,NOD000622,1905.0,111.4674
NOD000059,NOD000632,1088.0,63.6622
NOD000059,NOD000645,930.0,54.4172
NOD000059,NOD000677,937.0,54.8267
NOD000059,NOD000678,1056.0,61.7898
NOD000059,NOD000706,917.0,53.6565
NOD000059,NOD000777,1252.0,73.2584
NOD000059,NOD000779,934.0,54.6512
NOD000059,NOD000780,934.0,54.6512
NOD000059,NOD000781,1068.0,62.492
NOD000059,NOD000785,1162.0,67.9922
NOD000059,NOD000786,937.0,54.8267
NOD000059,NOD000790,926.0,54.1831
NOD000059,NOD000794,1905.0,111.4674
NOD000069,NOD000592,951.0,55.6459
NOD000069,NOD000593,943.0,55.1778
NOD000069,NOD000594,943.0,55.1778
NOD000069,NOD000596,1547.0,90.5197
NOD000069,NOD000597,951.0,55.6459
NOD000069,NOD000599,1361.0,79.6363
NOD000069,NOD000607,1073.0,62.7845
NOD000069,NOD000611,949.0,55.5289
NOD000069,NOD000622,1937.0,113.3398
NOD000069,NOD000632,1087.0,63.6037
NOD000069,NOD000645,951.0,55.6459
NOD000069,NOD000677,949.0,55.5289
NOD000069,NOD000678,1055.0,61.7313
NOD000069,NOD000706,1511.0,88.4133
NOD000069,NOD000777,1361.0,79.6363
NOD000069,NOD000779,933.0,54.5927
NOD000069,NOD000780,943.0,55.1778
NOD000069,NOD000781,1067.0,62.4334
NOD000069,NOD000785,1171.0,68.5188
NOD000069,NOD000786,949.0,55.5289
NOD000069,NOD000790,1511.0,88.4133
NOD000069,NOD000794,1937.0,113.3398
NOD000080,NOD000592,1808.0,105.7916
NOD000080,NOD000593,1805.0,105.6161
NOD000080,NOD000594,1805.0,105.6161
NOD000080,NOD000596,2419.0,141.5431
NOD000080,NOD000597,1808.0,105.7916
NOD000080,NOD000599,1827.0,106.9034
NOD000080,NOD000607,1945.0,113.8079
NOD000080,NOD000611,1811.0,105.9672
NOD000080,NOD000622,2445.0,143.0645
NOD000080,NOD000632,1959.0,114.6271
NOD000080,NOD000645,1801.0,105.382
NOD000080,NOD000677,1808.0,105.7916
NOD000080,NOD000678,1927.0,112.7547
NOD000080,NOD000706,1935.0,113.2228
NOD000080,NOD000777,1377.0,80.5725
NOD000080,NOD000779,1805.0,105.6161
NOD000080,NOD000780,1805.0,105.6161
NOD000080,NOD000781,1939.0,113.4568
NOD000080,NOD000785,2033.0,118.9571
NOD000080,NOD000786,1808.0,105.7916
NOD000080,NOD000790,1935.0,113.2228
NOD000080,NOD000794,2773.0,162.2567
NOD000087,NOD000592,860.0,50.3212
NOD000087,NOD000593,859.0,50.2627
NOD000087,NOD000594,859.0,50.2627
NOD000087,NOD000596,1219.0,71.3274
NOD000087,NOD000597,860.0,50.3212
NOD000087,NOD000599,1277.0,74.7212
NOD000087,NOD000607,989.0,57.8694
NOD000087,NOD000611,865.0,50.6138
NOD000087,NOD000622,1807.0,105.7331
NOD000087,NOD000632,759.0,44.4114
NOD000087,NOD000645,860.0,50.3212
NOD000087,NOD000677,860.0,50.3212
NOD000087,NOD000678,727.0,42.539
NOD000087,NOD000706,1422.0,83.2056
NOD000087,NOD000777,1277.0,74.7212
NOD000087,NOD000779,849.0,49.6776
NOD000087,NOD000780,852.0,49.8531
NOD000087,NOD000781,983.0,57.5183
NOD000087,NOD000785,1087.0,63.6037
NOD000087,NOD000786,860.0,50.3212
NOD000087,NOD000790,1422.0,83.2056
NOD000087,NOD000794,1853.0,108.4247
NOD000100,NOD000592,877.0,51.316
NOD000100,NOD000593,859.0,50.2627
NOD000100,NOD000594,869.0,50.8479
NOD000100,NOD000596,1483.0,86.7749
NOD000100,NOD000597,877.0,51.316
NOD000100,NOD000599,1287.0,75.3063
NOD000100,NOD000607,1009.0,59.0397
NOD000100,NOD000611,875.0,51.1989
NOD000100,NOD000622,1863.0,109.0099
NOD000100,NOD000632,1023.0,59.8589
NOD000100,NOD000645,877.0,51.316
NOD000100,NOD000677,875.0,51.1989
NOD000100,NOD000678,991.0,57.9865
NOD000100,NOD000706,886.0,51.8426
NOD000100,NOD000777,1287.0,75.3063
NOD000100,NOD000779,869.0,50.8479
NOD000100,NOD000780,869.0,50.8479
NOD000100,NOD000781,1003.0,58.6886
NOD000100,NOD000785,1097.0,64.1888
NOD000100,NOD000786,875.0,51.1989
NOD000100,NOD000790,886.0,51.8426
NOD000100,NOD000794,1863.0,109.0099
NOD000116,NOD000592,1021.0,59.7418
NOD000116,NOD000593,1018.0,59.5663
NOD000116,NOD000594,1018.0,59.5663
NOD000116,NOD000596,1632.0,95.4933
NOD000116,NOD000597,1021.0,59.7418
NOD000116,NOD000599,1336.0,78.1735
NOD000116,NOD000607,1158.0,67.7581
NOD000116,NOD000611,1024.0,59.9174
NOD000116,NOD000622,1963.0,114.8612
NOD000116,NOD000632,1172.0,68.5773
NOD000116,NOD000645,1014.0,59.3323
NOD000116,NOD000677,1021.0,59.7418
NOD000116,NOD000678,1140.0,66.7049
NOD000116,NOD000706,1489.0,87.126
NOD000116,NOD000777,1336.0,78.1735
NOD000116,NOD000779,1018.0,59.5663
NOD000116,NOD000780,1018.0,59.5663
NOD000116,NOD000781,1152.0,67.4071
NOD000116,NOD000785,1246.0,72.9073
NOD000116,NOD000786,1021.0,59.7418
NOD000116,NOD000790,1488.0,87.0674
NOD000116,NOD000794,959.0,56.114
NOD000124,NOD000592,149.0,8.7184
NOD000124,NOD000593,148.0,8.6599
NOD000124,NOD000594,148.0,8.6599
NOD000124,NOD000596,508.0,29.7246
NOD000124,NOD000597,149.0,8.7184
NOD000124,NOD000599,566.0,33.1184
NOD000124,NOD000607,278.0,16.2666
NOD000124,NOD000611,154.0,9.011
NOD000124,NOD000622,1096.0,64.1303
NOD000124,NOD000632,48.0,2.8086
NOD000124,NOD000645,149.0,8.7184
NOD000124,NOD000677,149.0,8.7184
NOD000124,NOD000678,16.0,0.9362
NOD000124,NOD000706,711.0,41.6028
NOD000124,NOD000777,566.0,33.1184
NOD000124,NOD000779,138.0,8.0748
NOD000124,NOD000780,141.0,8.2503
NOD000124,NOD000781,272.0,15.9156
NOD000124,NOD000785,376.0,22.0009
NOD000124,NOD000786,149.0,8.7184
NOD000124,NOD000790,711.0,41.6028
NOD000124,NOD000794,1142.0,66.8219
NOD000136,NOD000592,72.0,4.2129
NOD000136,NOD000593,71.0,4.1544
NOD000136,NOD000594,71.0,4.1544
NOD000136,NOD000596,553.0,32.3577
NOD000136,NOD000597,72.0,4.2129
NOD000136,NOD000599,489.0,28.6129
NOD000136,NOD000607,201.0,11.7611
NOD000136,NOD000611,77.0,4.5055
NOD000136,NOD000622,1065.0,62.3164
NOD000136,NOD000632,93.0,5.4417
NOD000136,NOD000645,72.0,4.2129
NOD000136,NOD000677,72.0,4.2129
NOD000136,NOD000678,61.0,3.5693
NOD000136,NOD000706,634.0,37.0973
NOD000136,NOD000777,489.0,28.6129
NOD000136,NOD000779,61.0,3.5693
NOD000136,NOD000780,64.0,3.7448
NOD000136,NOD000781,195.0,11.41
NOD000136,NOD000785,299.0,17.4954
NOD000136,NOD000786,72.0,4.2129
NOD000136,NOD000790,634.0,37.0973
NOD000136,NOD000794,1065.0,62.3164
NOD000138,NOD000592,58.0,3.3938
NOD000138,NOD000593,50.0,2.9257
NOD000138,NOD000594,50.0,2.9257
NOD000138,NOD000596,654.0,38.2675
NOD000138,NOD000597,58.0,3.3938
NOD000138,NOD000599,468.0,27.3841
NOD000138,NOD000607,180.0,10.5324
NOD000138,NOD000611,56.0,3.2767
NOD000138,NOD000622,1044.0,61.0876
NOD000138,NOD000632,194.0,11.3515
NOD000138,NOD000645,58.0,3.3938
NOD000138,NOD000677,56.0,3.2767
NOD000138,NOD000678,162.0,9.4791
NOD000138,NOD000706,618.0,36.1611
NOD000138,NOD000777,468.0,27.3841
NOD000138,NOD000779,40.0,2.3405
NOD000138,NOD000780,50.0,2.9257
NOD000138,NOD000781,174.0,10.1813
NOD000138,NOD000785,278.0,16.2666
NOD000138,NOD000786,56.0,3.2767
NOD000138,NOD000790,618.0,36.1611
NOD000138,NOD000794,1044.0,61.0876
NOD000140,NOD000592,13.0,0.7607
NOD000140,NOD000593,5.0,0.2926
NOD000140,NOD000594,5.0,0.2926
NOD000140,NOD000596,619.0,36.2196
NOD000140,NOD000597,13.0,0.7607
NOD000140,NOD000599,423.0,24.751
NOD000140,NOD000607,145.0,8.4844
NOD000140,NOD000611,11.0,0.6436
NOD000140,NOD000622,999.0,58.4546
NOD000140,NOD000632,159.0,9.3036
NOD000140,NOD000645,13.0,0.7607
NOD000140,NOD000677,11.0,0.6436
NOD000140,NOD000678,127.0,7.4312
NOD000140,NOD000706,573.0,33.528
NOD000140,NOD000777,423.0,24.751
NOD000140,NOD000779,5.0,0.2926
NOD000140,NOD000780,5.0,0.2926
NOD000140,NOD000781,139.0,8.1333
NOD000140,NOD000785,233.0,13.6335
NOD000140,NOD000786,11.0,0.6436
NOD000140,NOD000790,573.0,33.528
NOD000140,NOD000794,999.0,58.4546
NOD000146,NOD000592,366.0,21.4158
NOD000146,NOD000593,358.0,20.9477
NOD000146,NOD000594,358.0,20.9477
NOD000146,NOD000596,825.0,48.2733
NOD000146,NOD000597,366.0,21.4158
NOD000146,NOD000599,776.0,45.4061
NOD000146,NOD000607,498.0,29.1395
NOD000146,NOD000611,364.0,21.2988
NOD000146,NOD000622,1352.0,79.1097
NOD000146,NOD000632,365.0,21.3573
NOD000146,NOD000645,366.0,21.4158
NOD000146,NOD000677,364.0,21.2988
NOD000146,NOD000678,333.0,19.4849
NOD000146,NOD000706,926.0,54.1831
NOD000146,NOD000777,776.0,45.4061
NOD000146,NOD000779,358.0,20.9477
NOD000146,NOD000780,358.0,20.9477
NOD000146,NOD000781,492.0,28.7884
NOD000146,NOD000785,576.0,33.7035
NOD000146,NOD000786,364.0,21.2988
NOD000146,NOD000790,926.0,54.1831
NOD000146,NOD000794,1352.0,79.1097
NOD000154,NOD000592,988.0,57.8109
NOD000154,NOD000593,996.0,58.279
NOD000154,NOD000594,996.0,58.279
NOD000154,NOD000596,1605.0,93.9135
NOD000154,NOD000597,980.0,57.3428
NOD000154,NOD000599,980.0,57.3428
NOD000154,NOD000607,1136.0,66.4708
NOD000154,NOD000611,1002.0,58.6301
NOD000154,NOD000622,1968.0,115.1537
NOD000154,NOD000632,1145.0,66.9975
NOD000154,NOD000645,980.0,57.3428
NOD000154,NOD000677,980.0,57.3428
NOD000154,NOD000678,1113.0,65.125
NOD000154,NOD000706,1524.0,89.1739
NOD000154,NOD000777,980.0,57.3428
NOD000154,NOD000779,996.0,58.279
NOD000154,NOD000780,988.0,57.8109
NOD000154,NOD000781,1130.0,66.1198
NOD000154,NOD000785,1224.0,71.62
NOD000154,NOD000786,988.0,57.8109
NOD000154,NOD000790,1523.0,89.1154
NOD000154,NOD000794,1968.0,115.1537
NOD000155,NOD000592,1815.0,106.2012
NOD000155,NOD000593,1814.0,106.1427
NOD000155,NOD000594,1814.0,106.1427
NOD000155,NOD000596,2174.0,127.2074
NOD000155,NOD000597,1815.0,106.2012
NOD000155,NOD000599,2232.0,130.6012
NOD000155,NOD000607,1944.0,113.7494
NOD000155,NOD000611,1820.0,106.4938
NOD000155,NOD000622,2762.0,161.6131
NOD000155,NOD000632,1650.0,96.5466
NOD000155,NOD000645,1815.0,106.2012
NOD000155,NOD000677,1815.0,106.2012
NOD000155,NOD000678,1682.0,98.419
NOD000155,NOD000706,2377.0,139.0856
NOD000155,NOD000777,2232.0,130.6012
NOD000155,NOD000779,1804.0,105.5576
NOD000155,NOD000780,1807.0,105.7331
NOD000155,NOD000781,1938.0,113.3983
NOD000155,NOD000785,2042.0,119.4837
NOD000155,NOD000786,1815.0,106.2012
NOD000155,NOD000790,2377.0,139.0856
NOD000155,NOD000794,2808.0,164.3047
NOD000160,NOD000592,1538.0,89.9931
NOD000160,NOD000593,1537.0,89.9346
NOD000160,NOD000594,1537.0,89.9346
NOD000160,NOD000596,1897.0,110.9993
NOD000160,NOD000597,1538.0,89.9931
NOD000160,NOD000599,1955.0,114.3931
NOD000160,NOD000607,1667.0,97.5413
NOD000160,NOD000611,1543.0,90.2857
NOD000160,NOD000622,2485.0,145.405
NOD000160,NOD000632,1373.0,80.3384
NOD000160,NOD000645,1538.0,89.9931
NOD000160,NOD000677,1538.0,89.9931
NOD000160,NOD000678,1405.0,82.2109
NOD000160,NOD000706,2100.0,122.8774
NOD000160,NOD000777,1955.0,114.3931
NOD000160,NOD000779,1527.0,89.3495
NOD000160,NOD000780,1530.0,89.525
NOD000160,NOD000781,1661.0,97.1902
NOD000160,NOD000785,1765.0,103.2756
NOD000160,NOD000786,1538.0,89.9931
NOD000160,NOD000790,2100.0,122.8774
NOD000160,NOD000794,2531.0,148.0966
NOD000164,NOD000592,1235.0,72.2636
NOD000164,NOD000593,1251.0,73.1999
NOD000164,NOD000594,1251.0,73.1999
NOD000164,NOD000596,1860.0,108.8343
NOD000164,NOD000597,1243.0,72.7317
NOD000164,NOD000599,1575.0,92.1581
NOD000164,NOD000607,1391.0,81.3917
NOD000164,NOD000611,1257.0,73.5509
NOD000164,NOD000622,2245.0,131.3618
NOD000164,NOD000632,1400.0,81.9183
NOD000164,NOD000645,1243.0,72.7317
NOD000164,NOD000677,1243.0,72.7317
NOD000164,NOD000678,1368.0,80.0459
NOD000164,NOD000706,1728.0,101.1106
NOD000164,NOD000777,1575.0,92.1581
NOD000164,NOD000779,1251.0,73.1999
NOD000164,NOD000780,1243.0,72.7317
NOD000164,NOD000781,1385.0,81.0406
NOD000164,NOD000785,1479.0,86.5408
NOD000164,NOD000786,1235.0,72.2636
NOD000164,NOD000790,1727.0,101.0521
NOD000164,NOD000794,2245.0,131.3618
NOD000165,NOD000592,1298.0,75.95
NOD000165,NOD000593,1306.0,76.4181
NOD000165,NOD000594,1306.0,76.4181
NOD000165,NOD000596,1915.0,112.0525
NOD000165,NOD000597,1298.0,75.95
NOD000165,NOD000599,1632.0,95.4933
NOD000165,NOD000607,1446.0,84.6099
NOD000165,NOD000611,1312.0,76.7691
NOD000165,NOD000622,2300.0,134.5801
NOD000165,NOD000632,1455.0,85.1365
NOD000165,NOD000645,1298.0,75.95
NOD000165,NOD000677,1298.0,75.95
NOD000165,NOD000678,1423.0,83.2641
NOD000165,NOD000706,1785.0,104.4458
NOD000165,NOD000777,1632.0,95.4933
NOD000165,NOD000779,1306.0,76.4181
NOD000165,NOD000780,1298.0,75.95
NOD000165,NOD000781,1440.0,84.2588
NOD000165,NOD000785,1534.0,89.7591
NOD000165,NOD000786,1290.0,75.4819
NOD000165,NOD000790,1784.0,104.3873
NOD000165,NOD000794,2300.0,134.5801
NOD000177,NOD000592,390.0,22.8201
NOD000177,NOD000593,389.0,22.7616
NOD000177,NOD000594,389.0,22.7616
NOD000177,NOD000596,749.0,43.8263
NOD000177,NOD000597,390.0,22.8201
NOD000177,NOD000599,807.0,47.22
NOD000177,NOD000607,519.0,30.3683
NOD000177,NOD000611,395.0,23.1127
NOD000177,NOD000622,1337.0,78.232
NOD000177,NOD000632,257.0,15.0379
NOD000177,NOD000645,390.0,22.8201
NOD000177,NOD000677,390.0,22.8201
NOD000177,NOD000678,257.0,15.0379
NOD000177,NOD000706,952.0,55.7044
NOD000177,NOD000777,807.0,47.22
NOD000177,NOD000779,379.0,22.1765
NOD000177,NOD000780,382.0,22.352
NOD000177,NOD000781,513.0,30.0172
NOD000177,NOD000785,617.0,36.1026
NOD000177,NOD000786,390.0,22.8201
NOD000177,NOD000790,952.0,55.7044
NOD000177,NOD000794,1383.0,80.9236
NOD000178,NOD000592,358.0,20.9477
NOD000178,NOD000593,357.0,20.8892
NOD000178,NOD000594,357.0,20.8892
NOD000178,NOD000596,717.0,41.9539
NOD000178,NOD000597,358.0,20.9477
NOD000178,NOD000599,775.0,45.3476
NOD000178,NOD000607,487.0,28.4959
NOD000178,NOD000611,363.0,21.2402
NOD000178,NOD000622,1305.0,76.3596
NOD000178,NOD000632,225.0,13.1654
NOD000178,NOD000645,358.0,20.9477
NOD000178,NOD000677,358.0,20.9477
NOD000178,NOD000678,225.0,13.1654
NOD000178,NOD000706,920.0,53.832
NOD000178,NOD000777,775.0,45.3476
NOD000178,NOD000779,347.0,20.304
NOD000178,NOD000780,350.0,20.4796
NOD000178,NOD000781,481.0,28.1448
NOD000178,NOD000785,585.0,34.2301
NOD000178,NOD000786,358.0,20.9477
NOD000178,NOD000790,920.0,53.832
NOD000178,NOD000794,1351.0,79.0512
NOD000179,NOD000592,1445.0,84.5514
NOD000179,NOD000593,1442.0,84.3758
NOD000179,NOD000594,1442.0,84.3758
NOD000179,NOD000596,2056.0,120.3029
NOD000179,NOD000597,1445.0,84.5514
NOD000179,NOD000599,1464.0,85.6631
NOD000179,NOD000607,1582.0,92.5677
NOD000179,NOD000611,1448.0,84.7269
NOD000179,NOD000622,2082.0,121.8242
NOD000179,NOD000632,1596.0,93.3869
NOD000179,NOD000645,1438.0,84.1418
NOD000179,NOD000677,1445.0,84.5514
NOD000179,NOD000678,1564.0,91.5144
NOD000179,NOD000706,1572.0,91.9825
NOD000179,NOD000777,1014.0,59.3323
NOD000179,NOD000779,1442.0,84.3758
NOD000179,NOD000780,1442.0,84.3758
NOD000179,NOD000781,1576.0,92.2166
NOD000179,NOD000785,1670.0,97.7168
NOD000179,NOD000786,1445.0,84.5514
NOD000179,NOD000790,1572.0,91.9825
NOD000179,NOD000794,2410.0,141.0165
NOD000182,NOD000592,310.0,18.1391
NOD000182,NOD000593,309.0,18.0805
NOD000182,NOD000594,309.0,18.0805
NOD000182,NOD000596,669.0,39.1452
NOD000182,NOD000597,310.0,18.1391
NOD000182,NOD000599,727.0,42.539
NOD000182,NOD000607,439.0,25.6872
NOD000182,NOD000611,315.0,18.4316
NOD000182,NOD000622,1257.0,73.5509
NOD000182,NOD000632,177.0,10.3568
NOD000182,NOD000645,310.0,18.1391
NOD000182,NOD000677,310.0,18.1391
NOD000182,NOD000678,177.0,10.3568
NOD000182,NOD000706,872.0,51.0234
NOD000182,NOD000777,727.0,42.539
NOD000182,NOD000779,299.0,17.4954
NOD000182,NOD000780,302.0,17.6709
NOD000182,NOD000781,433.0,25.3362
NOD000182,NOD000785,537.0,31.4215
NOD000182,NOD000786,310.0,18.1391
NOD000182,NOD000790,872.0,51.0234
NOD000182,NOD000794,1303.0,76.2425
NOD000185,NOD000592,983.0,57.5183
NOD000185,NOD000593,991.0,57.9865
NOD000185,NOD000594,991.0,57.9865
NOD000185,NOD000596,1600.0,93.6209
NOD000185,NOD000597,975.0,57.0502
NOD000185,NOD000599,1342.0,78.5245
NOD000185,NOD000607,1131.0,66.1783
NOD000185,NOD000611,997.0,58.3375
NOD000185,NOD000622,1985.0,116.1484
NOD000185,NOD000632,1140.0,66.7049
NOD000185,NOD000645,983.0,57.5183
NOD000185,NOD000677,975.0,57.0502
NOD000185,NOD000678,1108.0,64.8325
NOD000185,NOD000706,1495.0,87.477
NOD000185,NOD000777,1342.0,78.5245
NOD000185,NOD000779,991.0,57.9865
NOD000185,NOD000780,983.0,57.5183
NOD000185,NOD000781,1125.0,65.8272
NOD000185,NOD000785,1219.0,71.3274
NOD000185,NOD000786,983.0,57.5183
NOD000185,NOD000790,1494.0,87.4185
NOD000185,NOD000794,1985.0,116.1484
NOD000194,NOD000592,1053.0,61.6143
NOD000194,NOD000593,1061.0,62.0824
NOD000194,NOD000594,1061.0,62.0824
NOD000194,NOD000596,1670.0,97.7168
NOD000194,NOD000597,1053.0,61.6143
NOD000194,NOD000599,1476.0,86.3653
NOD000194,NOD000607,1145.0,66.9975
NOD000194,NOD000611,1067.0,62.4334
NOD000194,NOD000622,2055.0,120.2444
NOD000194,NOD000632,1210.0,70.8008
NOD000194,NOD000645,1053.0,61.6143
NOD000194,NOD000677,1053.0,61.6143
NOD000194,NOD000678,1178.0,68.9284
NOD000194,NOD000706,1607.0,94.0305
NOD000194,NOD000777,1076.0,62.9601
NOD000194,NOD000779,1061.0,62.0824
NOD000194,NOD000780,1053.0,61.6143
NOD000194,NOD000781,1139.0,66.6464
NOD000194,NOD000785,1289.0,75.4233
NOD000194,NOD000786,1045.0,61.1462
NOD000194,NOD000790,1607.0,94.0305
NOD000194,NOD000794,2055.0,120.2444
NOD000199,NOD000592,1403.0,82.0938
NOD000199,NOD000593,1411.0,82.5619
NOD000199,NOD000594,1411.0,82.5619
NOD000199,NOD000596,2020.0,118.1964
NOD000199,NOD000597,1403.0,82.0938
NOD000199,NOD000599,1826.0,106.8449
NOD000199,NOD000607,1380.0,80.748
NOD000199,NOD000611,1417.0,82.913
NOD000199,NOD000622,2405.0,140.7239
NOD000199,NOD000632,1560.0,91.2804
NOD000199,NOD000645,1403.0,82.0938
NOD000199,NOD000677,1403.0,82.0938
NOD000199,NOD000678,1528.0,89.408
NOD000199,NOD000706,1957.0,114.5101
NOD000199,NOD000777,1826.0,106.8449
NOD000199,NOD000779,1411.0,82.5619
NOD000199,NOD000780,1403.0,82.0938
NOD000199,NOD000781,1380.0,80.748
NOD000199,NOD000785,1639.0,95.9029
NOD000199,NOD000786,1395.0,81.6257
NOD000199,NOD000790,1957.0,114.5101
NOD000199,NOD000794,2405.0,140.7239
NOD000225,NOD000592,1167.0,68.2848
NOD000225,NOD000593,1166.0,68.2262
NOD000225,NOD000594,1166.0,68.2262
NOD000225,NOD000596,1526.0,89.2909
NOD000225,NOD000597,1167.0,68.2848
NOD000225,NOD000599,1584.0,92.6847
NOD000225,NOD000607,1296.0,75.8329
NOD000225,NOD000611,1172.0,68.5773
NOD000225,NOD000622,2114.0,123.6966
NOD000225,NOD000632,1066.0,62.3749
NOD000225,NOD000645,1167.0,68.2848
NOD000225,NOD000677,1167.0,68.2848
NOD000225,NOD000678,1034.0,60.5025
NOD000225,NOD000706,1729.0,101.1691
NOD000225,NOD000777,1584.0,92.6847
NOD000225,NOD000779,1156.0,67.6411
NOD000225,NOD000780,1159.0,67.8166
NOD000225,NOD000781,1290.0,75.4819
NOD000225,NOD000785,1394.0,81.5672
NOD000225,NOD000786,1167.0,68.2848
NOD000225,NOD000790,1729.0,101.1691
NOD000225,NOD000794,2160.0,126.3882
NOD000266,NOD000592,675.0,39.4963
NOD000266,NOD000593,674.0,39.4378
NOD000266,NOD000594,674.0,39.4378
NOD000266,NOD000596,542.0,31.7141
NOD000266,NOD000597,675.0,39.4963
NOD000266,NOD000599,1092.0,63.8963
NOD000266,NOD000607,804.0,47.0445
NOD000266,NOD000611,680.0,39.7889
NOD000266,NOD000622,1622.0,94.9082
NOD000266,NOD000632,574.0,33.5865
NOD000266,NOD000645,675.0,39.4963
NOD000266,NOD000677,675.0,39.4963
NOD000266,NOD000678,542.0,31.7141
NOD000266,NOD000706,1237.0,72.3807
NOD000266,NOD000777,1092.0,63.8963
NOD000266,NOD000779,664.0,38.8527
NOD000266,NOD000780,667.0,39.0282
NOD000266,NOD000781,798.0,46.6934
NOD000266,NOD000785,902.0,52.7788
NOD000266,NOD000786,675.0,39.4963
NOD000266,NOD000790,1237.0,72.3807
NOD000266,NOD000794,1668.0,97.5998
NOD000289,NOD000592,1371.0,80.2214
NOD000289,NOD000593,1353.0,79.1682
NOD000289,NOD000594,1363.0,79.7533
NOD000289,NOD000596,1977.0,115.6803
NOD000289,NOD000597,1371.0,80.2214
NOD000289,NOD000599,1781.0,104.2118
NOD000289,NOD000607,1503.0,87.9451
NOD000289,NOD000611,1369.0,80.1044
NOD000289,NOD000622,2357.0,137.9153
NOD000289,NOD000632,1517.0,88.7643
NOD000289,NOD000645,1371.0,80.2214
NOD000289,NOD000677,1369.0,80.1044
NOD000289,NOD000678,1485.0,86.8919
NOD000289,NOD000706,1931.0,112.9887
NOD000289,NOD000777,1781.0,104.2118
NOD000289,NOD000779,1363.0,79.7533
NOD000289,NOD000780,1363.0,79.7533
NOD000289,NOD000781,1497.0,87.5941
NOD000289,NOD000785,1591.0,93.0943
NOD000289,NOD000786,1369.0,80.1044
NOD000289,NOD000790,1931.0,112.9887
NOD000289,NOD000794,2357.0,137.9153
NOD000292,NOD000592,961.0,56.2311
NOD000292,NOD000593,960.0,56.1725
NOD000292,NOD000594,960.0,56.1725
NOD000292,NOD000596,1320.0,77.2373
NOD000292,NOD000597,961.0,56.2311
NOD000292,NOD000599,1378.0,80.631
NOD000292,NOD000607,1090.0,63.7792
NOD000292,NOD000611,966.0,56.5236
NOD000292,NOD000622,1908.0,111.6429
NOD000292,NOD000632,860.0,50.3212
NOD000292,NOD000645,961.0,56.2311
NOD000292,NOD000677,961.0,56.2311
NOD000292,NOD000678,828.0,48.4488
NOD000292,NOD000706,1523.0,89.1154
NOD000292,NOD000777,1378.0,80.631
NOD000292,NOD000779,950.0,55.5874
NOD000292,NOD000780,953.0,55.763
NOD000292,NOD000781,1084.0,63.4282
NOD000292,NOD000785,1188.0,69.5135
NOD000292,NOD000786,961.0,56.2311
NOD000292,NOD000790,1523.0,89.1154
NOD000292,NOD000794,1954.0,114.3345
NOD000296,NOD000592,1057.0,61.8483
NOD000296,NOD000593,1049.0,61.3802
NOD000296,NOD000594,1049.0,61.3802
NOD000296,NOD000596,1653.0,96.7221
NOD000296,NOD000597,1057.0,61.8483
NOD000296,NOD000599,1467.0,85.8387
NOD000296,NOD000607,1179.0,68.9869
NOD000296,NOD000611,1055.0,61.7313
NOD000296,NOD000622,2043.0,119.5422
NOD000296,NOD000632,1193.0,69.8061
NOD000296,NOD000645,1057.0,61.8483
NOD000296,NOD000677,1055.0,61.7313
NOD000296,NOD000678,1161.0,67.9337
NOD000296,NOD000706,1617.0,94.6156
NOD000296,NOD000777,1467.0,85.8387
NOD000296,NOD000779,1039.0,60.7951
NOD000296,NOD000780,1049.0,61.3802
NOD000296,NOD000781,1173.0,68.6358
NOD000296,NOD000785,1277.0,74.7212
NOD000296,NOD000786,1055.0,61.7313
NOD000296,NOD000790,1617.0,94.6156
NOD000296,NOD000794,2043.0,119.5422
NOD000307,NOD000592,896.0,52.4277
NOD000307,NOD000593,898.0,52.5447
NOD000307,NOD000594,898.0,52.5447
NOD000307,NOD000596,1505.0,88.0622
NOD000307,NOD000597,896.0,52.4277
NOD000307,NOD000599,1247.0,72.9658
NOD000307,NOD000607,888.0,51.9596
NOD000307,NOD000611,904.0,52.8958
NOD000307,NOD000622,1885.0,110.2971
NOD000307,NOD000632,1045.0,61.1462
NOD000307,NOD000645,896.0,52.4277
NOD000307,NOD000677,888.0,51.9596
NOD000307,NOD000678,1013.0,59.2737
NOD000307,NOD000706,897.0,52.4862
NOD000307,NOD000777,1247.0,72.9658
NOD000307,NOD000779,897.0,52.4862
NOD000307,NOD000780,888.0,51.9596
NOD000307,NOD000781,888.0,51.9596
NOD000307,NOD000785,1126.0,65.8857
NOD000307,NOD000786,888.0,51.9596
NOD000307,NOD000790,1399.0,81.8598
NOD000307,NOD000794,1885.0,110.2971
NOD000313,NOD000592,875.0,51.1989
NOD000313,NOD000593,885.0,51.7841
NOD000313,NOD000594,885.0,51.7841
NOD000313,NOD000596,1492.0,87.3015
NOD000313,NOD000597,875.0,51.1989
NOD000313,NOD000599,1203.0,70.3912
NOD000313,NOD000607,1025.0,59.9759
NOD000313,NOD000611,891.0,52.1351
NOD000313,NOD000622,1879.0,109.9461
NOD000313,NOD000632,1032.0,60.3855
NOD000313,NOD000645,867.0,50.7308
NOD000313,NOD000677,875.0,51.1989
NOD000313,NOD000678,1000.0,58.5131
NOD000313,NOD000706,1356.0,79.3437
NOD000313,NOD000777,878.0,51.3745
NOD000313,NOD000779,885.0,51.7841
NOD000313,NOD000780,875.0,51.1989
NOD000313,NOD000781,1019.0,59.6248
NOD000313,NOD000785,1113.0,65.125
NOD000313,NOD000786,875.0,51.1989
NOD000313,NOD000790,1355.0,79.2852
NOD000313,NOD000794,1879.0,109.9461
NOD000316,NOD000592,835.0,48.8584
NOD000316,NOD000593,837.0,48.9754
NOD000316,NOD000594,837.0,48.9754
NOD000316,NOD000596,1444.0,84.4929
NOD000316,NOD000597,835.0,48.8584
NOD000316,NOD000599,1255.0,73.4339
NOD000316,NOD000607,977.0,57.1673
NOD000316,NOD000611,843.0,49.3265
NOD000316,NOD000622,1831.0,107.1374
NOD000316,NOD000632,984.0,57.5769
NOD000316,NOD000645,835.0,48.8584
NOD000316,NOD000677,835.0,48.8584
NOD000316,NOD000678,952.0,55.7044
NOD000316,NOD000706,1397.0,81.7428
NOD000316,NOD000777,1255.0,73.4339
NOD000316,NOD000779,837.0,48.9754
NOD000316,NOD000780,827.0,48.3903
NOD000316,NOD000781,971.0,56.8162
NOD000316,NOD000785,1065.0,62.3164
NOD000316,NOD000786,835.0,48.8584
NOD000316,NOD000790,1397.0,81.7428
NOD000316,NOD000794,1831.0,107.1374
NOD000339,NOD000592,744.0,43.5337
NOD000339,NOD000593,743.0,43.4752
NOD000339,NOD000594,743.0,43.4752
NOD000339,NOD000596,1103.0,64.5399
NOD000339,NOD000597,744.0,43.5337
NOD000339,NOD000599,1161.0,67.9337
NOD000339,NOD000607,873.0,51.0819
NOD000339,NOD000611,749.0,43.8263
NOD000339,NOD000622,1691.0,98.9456
NOD000339,NOD000632,643.0,37.6239
NOD000339,NOD000645,744.0,43.5337
NOD000339,NOD000677,744.0,43.5337
NOD000339,NOD000678,611.0,35.7515
NOD000339,NOD000706,1306.0,76.4181
NOD000339,NOD000777,1161.0,67.9337
NOD000339,NOD000779,733.0,42.8901
NOD000339,NOD000780,736.0,43.0656
NOD000339,NOD000781,867.0,50.7308
NOD000339,NOD000785,971.0,56.8162
NOD000339,NOD000786,744.0,43.5337
NOD000339,NOD000790,1306.0,76.4181
NOD000339,NOD000794,1737.0,101.6372
NOD000340,NOD000592,768.0,44.938
NOD000340,NOD000593,767.0,44.8795
NOD000340,NOD000594,767.0,44.8795
NOD000340,NOD000596,1127.0,65.9442
NOD000340,NOD000597,768.0,44.938
NOD000340,NOD000599,1185.0,69.338
NOD000340,NOD000607,897.0,52.4862
NOD000340,NOD000611,773.0,45.2306
NOD000340,NOD000622,1715.0,100.3499
NOD000340,NOD000632,667.0,39.0282
NOD000340,NOD000645,768.0,44.938
NOD000340,NOD000677,768.0,44.938
NOD000340,NOD000678,635.0,37.1558
NOD000340,NOD000706,1330.0,77.8224
NOD000340,NOD000777,1185.0,69.338
NOD000340,NOD000779,757.0,44.2944
NOD000340,NOD000780,760.0,44.4699
NOD000340,NOD000781,891.0,52.1351
NOD000340,NOD000785,995.0,58.2205
NOD000340,NOD000786,768.0,44.938
NOD000340,NOD000790,1330.0,77.8224
NOD000340,NOD000794,1761.0,103.0415
NOD000341,NOD000592,564.0,33.0014
NOD000341,NOD000593,556.0,32.5333
NOD000341,NOD000594,556.0,32.5333
NOD000341,NOD000596,1032.0,60.3855
NOD000341,NOD000597,564.0,33.0014
NOD000341,NOD000599,528.0,30.8949
NOD000341,NOD000607,696.0,40.7251
NOD000341,NOD000611,562.0,32.8843
NOD000341,NOD000622,540.0,31.5971
NOD000341,NOD000632,572.0,33.4695
NOD000341,NOD000645,564.0,33.0014
NOD000341,NOD000677,562.0,32.8843
NOD000341,NOD000678,540.0,31.5971
NOD000341,NOD000706,1061.0,62.0824
NOD000341,NOD000777,528.0,30.8949
NOD000341,NOD000779,556.0,32.5333
NOD000341,NOD000780,556.0,32.5333
NOD000341,NOD000781,690.0,40.374
NOD000341,NOD000785,784.0,45.8742
NOD000341,NOD000786,562.0,32.8843
NOD000341,NOD000790,540.0,31.5971
NOD000341,NOD000794,1516.0,88.7058
NOD000363,NOD000592,1028.0,60.1514
NOD000363,NOD000593,1036.0,60.6195
NOD000363,NOD000594,1036.0,60.6195
NOD000363,NOD000596,1512.0,88.4718
NOD000363,NOD000597,1028.0,60.1514
NOD000363,NOD000599,1451.0,84.9025
NOD000363,NOD000607,1176.0,68.8114
NOD000363,NOD000611,1042.0,60.9706
NOD000363,NOD000622,2030.0,118.7815
NOD000363,NOD000632,1052.0,61.5558
NOD000363,NOD000645,1028.0,60.1514
NOD000363,NOD000677,1028.0,60.1514
NOD000363,NOD000678,1020.0,59.6833
NOD000363,NOD000706,1582.0,92.5677
NOD000363,NOD000777,1451.0,84.9025
NOD000363,NOD000779,1036.0,60.6195
NOD000363,NOD000780,1028.0,60.1514
NOD000363,NOD000781,1170.0,68.4603
NOD000363,NOD000785,1264.0,73.9605
NOD000363,NOD000786,1020.0,59.6833
NOD000363,NOD000790,1582.0,92.5677
NOD000363,NOD000794,2030.0,118.7815
NOD000375,NOD000592,668.0,39.0867
NOD000375,NOD000593,667.0,39.0282
NOD000375,NOD000594,667.0,39.0282
NOD000375,NOD000596,1027.0,60.0929
NOD000375,NOD000597,668.0,39.0867
NOD000375,NOD000599,1085.0,63.4867
NOD000375,NOD000607,797.0,46.6349
NOD000375,NOD000611,673.0,39.3793
NOD000375,NOD000622,1615.0,94.4986
NOD000375,NOD000632,567.0,33.1769
NOD000375,NOD000645,668.0,39.0867
NOD000375,NOD000677,668.0,39.0867
NOD000375,NOD000678,535.0,31.3045
NOD000375,NOD000706,1230.0,71.9711
NOD000375,NOD000777,1085.0,63.4867
NOD000375,NOD000779,657.0,38.4431
NOD000375,NOD000780,660.0,38.6186
NOD000375,NOD000781,791.0,46.2838
NOD000375,NOD000785,895.0,52.3692
NOD000375,NOD000786,668.0,39.0867
NOD000375,NOD000790,1230.0,71.9711
NOD000375,NOD000794,1661.0,97.1902
NOD000378,NOD000592,85.0,4.9736
NOD000378,NOD000593,77.0,4.5055
NOD000378,NOD000594,67.0,3.9204
NOD000378,NOD000596,681.0,39.8474
NOD000378,NOD000597,85.0,4.9736
NOD000378,NOD000599,495.0,28.964
NOD000378,NOD000607,73.0,4.2715
NOD000378,NOD000611,83.0,4.8566
NOD000378,NOD000622,1071.0,62.6675
NOD000378,NOD000632,221.0,12.9314
NOD000378,NOD000645,85.0,4.9736
NOD000378,NOD000677,83.0,4.8566
NOD000378,NOD000678,189.0,11.059
NOD000378,NOD000706,645.0,37.7409
NOD000378,NOD000777,495.0,28.964
NOD000378,NOD000779,67.0,3.9204
NOD000378,NOD000780,77.0,4.5055
NOD000378,NOD000781,67.0,3.9204
NOD000378,NOD000785,305.0,17.8465
NOD000378,NOD000786,83.0,4.8566
NOD000378,NOD000790,645.0,37.7409
NOD000378,NOD000794,1071.0,62.6675
NOD000400,NOD000592,495.0,28.964
NOD000400,NOD000593,487.0,28.4959
NOD000400,NOD000594,487.0,28.4959
NOD000400,NOD000596,969.0,56.6992
NOD000400,NOD000597,495.0,28.964
NOD000400,NOD000599,905.0,52.9543
NOD000400,NOD000607,627.0,36.6877
NOD000400,NOD000611,493.0,28.8469
NOD000400,NOD000622,1481.0,86.6579
NOD000400,NOD000632,509.0,29.7832
NOD000400,NOD000645,495.0,28.964
NOD000400,NOD000677,493.0,28.8469
NOD000400,NOD000678,477.0,27.9107
NOD000400,NOD000706,1055.0,61.7313
NOD000400,NOD000777,905.0,52.9543
NOD000400,NOD000779,487.0,28.4959
NOD000400,NOD000780,487.0,28.4959
NOD000400,NOD000781,621.0,36.3366
NOD000400,NOD000785,705.0,41.2517
NOD000400,NOD000786,493.0,28.8469
NOD000400,NOD000790,1055.0,61.7313
NOD000400,NOD000794,1481.0,86.6579
NOD000419,NOD000592,342.0,20.0115
NOD000419,NOD000593,352.0,20.5966
NOD000419,NOD000594,352.0,20.5966
NOD000419,NOD000596,834.0,48.7999
NOD000419,NOD000597,350.0,20.4796
NOD000419,NOD000599,342.0,20.0115
NOD000419,NOD000607,482.0,28.2033
NOD000419,NOD000611,358.0,20.9477
NOD000419,NOD000622,1330.0,77.8224
NOD000419,NOD000632,374.0,21.8839
NOD000419,NOD000645,342.0,20.0115
NOD000419,NOD000677,350.0,20.4796
NOD000419,NOD000678,342.0,20.0115
NOD000419,NOD000706,359.0,21.0062
NOD000419,NOD000777,342.0,20.0115
NOD000419,NOD000779,342.0,20.0115
NOD000419,NOD000780,342.0,20.0115
NOD000419,NOD000781,476.0,27.8522
NOD000419,NOD000785,580.0,33.9376
NOD000419,NOD000786,342.0,20.0115
NOD000419,NOD000790,359.0,21.0062
NOD000419,NOD000794,1330.0,77.8224
NOD000420,NOD000592,341.0,19.953
NOD000420,NOD000593,349.0,20.4211
NOD000420,NOD000594,349.0,20.4211
NOD000420,NOD000596,822.0,48.0977
NOD000420,NOD000597,341.0,19.953
NOD000420,NOD000599,694.0,40.6081
NOD000420,NOD000607,489.0,28.6129
NOD000420,NOD000611,355.0,20.7721
NOD000420,NOD000622,1343.0,78.5831
NOD000420,NOD000632,362.0,21.1817
NOD000420,NOD000645,341.0,19.953
NOD000420,NOD000677,341.0,19.953
NOD000420,NOD000678,330.0,19.3093
NOD000420,NOD000706,847.0,49.5606
NOD000420,NOD000777,694.0,40.6081
NOD000420,NOD000779,349.0,20.4211
NOD000420,NOD000780,341.0,19.953
NOD000420,NOD000781,483.0,28.2618
NOD000420,NOD000785,577.0,33.762
NOD000420,NOD000786,333.0,19.4849
NOD000420,NOD000790,846.0,49.5021
NOD000420,NOD000794,1343.0,78.5831
NOD000421,NOD000592,379.0,22.1765
NOD000421,NOD000593,378.0,22.1179
NOD000421,NOD000594,378.0,22.1179
NOD000421,NOD000596,246.0,14.3942
NOD000421,NOD000597,379.0,22.1765
NOD000421,NOD000599,796.0,46.5764
NOD000421,NOD000607,508.0,29.7246
NOD000421,NOD000611,384.0,22.469
NOD000421,NOD000622,1326.0,77.5883
NOD000421,NOD000632,278.0,16.2666
NOD000421,NOD000645,379.0,22.1765
NOD000421,NOD000677,379.0,22.1765
NOD000421,NOD000678,246.0,14.3942
NOD000421,NOD000706,941.0,55.0608
NOD000421,NOD000777,796.0,46.5764
NOD000421,NOD000779,368.0,21.5328
NOD000421,NOD000780,371.0,21.7083
NOD000421,NOD000781,502.0,29.3736
NOD000421,NOD000785,606.0,35.4589
NOD000421,NOD000786,379.0,22.1765
NOD000421,NOD000790,941.0,55.0608
NOD000421,NOD000794,1372.0,80.2799
NOD000426,NOD000592,759.0,44.4114
NOD000426,NOD000593,756.0,44.2359
NOD000426,NOD000594,756.0,44.2359
NOD000426,NOD000596,1370.0,80.1629
NOD000426,NOD000597,759.0,44.4114
NOD000426,NOD000599,1074.0,62.843
NOD000426,NOD000607,896.0,52.4277
NOD000426,NOD000611,762.0,44.587
NOD000426,NOD000622,1725.0,100.935
NOD000426,NOD000632,910.0,53.2469
NOD000426,NOD000645,752.0,44.0018
NOD000426,NOD000677,759.0,44.4114
NOD000426,NOD000678,878.0,51.3745
NOD000426,NOD000706,737.0,43.1241
NOD000426,NOD000777,1074.0,62.843
NOD000426,NOD000779,756.0,44.2359
NOD000426,NOD000780,756.0,44.2359
NOD000426,NOD000781,890.0,52.0766
NOD000426,NOD000785,984.0,57.5769
NOD000426,NOD000786,759.0,44.4114
NOD000426,NOD000790,747.0,43.7093
NOD000426,NOD000794,1725.0,100.935
NOD000437,NOD000592,797.0,46.6349
NOD000437,NOD000593,805.0,47.103
NOD000437,NOD000594,805.0,47.103
NOD000437,NOD000596,1414.0,82.7375
NOD000437,NOD000597,797.0,46.6349
NOD000437,NOD000599,1213.0,70.9764
NOD000437,NOD000607,945.0,55.2949
NOD000437,NOD000611,811.0,47.4541
NOD000437,NOD000622,1787.0,104.5629
NOD000437,NOD000632,954.0,55.8215
NOD000437,NOD000645,789.0,46.1668
NOD000437,NOD000677,797.0,46.6349
NOD000437,NOD000678,922.0,53.9491
NOD000437,NOD000706,1351.0,79.0512
NOD000437,NOD000777,1213.0,70.9764
NOD000437,NOD000779,805.0,47.103
NOD000437,NOD000780,797.0,46.6349
NOD000437,NOD000781,939.0,54.9438
NOD000437,NOD000785,1033.0,60.444
NOD000437,NOD000786,789.0,46.1668
NOD000437,NOD000790,1351.0,79.0512
NOD000437,NOD000794,783.0,45.8157
NOD000442,NOD000592,1118.0,65.4176
NOD000442,NOD000593,1110.0,64.9495
NOD000442,NOD000594,1110.0,64.9495
NOD000442,NOD000596,1724.0,100.8765
NOD000442,NOD000597,1118.0,65.4176
NOD000442,NOD000599,1528.0,89.408
NOD000442,NOD000607,1250.0,73.1413
NOD000442,NOD000611,1116.0,65.3006
NOD000442,NOD000622,2104.0,123.1115
NOD000442,NOD000632,1264.0,73.9605
NOD000442,NOD000645,1118.0,65.4176
NOD000442,NOD000677,1116.0,65.3006
NOD000442,NOD000678,1232.0,72.0881
NOD000442,NOD000706,1678.0,98.1849
NOD000442,NOD000777,1528.0,89.408
NOD000442,NOD000779,1110.0,64.9495
NOD000442,NOD000780,1110.0,64.9495
NOD000442,NOD000781,1244.0,72.7903
NOD000442,NOD000785,1328.0,77.7054
NOD000442,NOD000786,1116.0,65.3006
NOD000442,NOD000790,1678.0,98.1849
NOD000442,NOD000794,2104.0,123.1115
NOD000461,NOD000592,1077.0,63.0186
NOD000461,NOD000593,1085.0,63.4867
NOD000461,NOD000594,1085.0,63.4867
NOD000461,NOD000596,1694.0,99.1211
NOD000461,NOD000597,1077.0,63.0186
NOD000461,NOD000599,1500.0,87.7696
NOD000461,NOD000607,1225.0,71.6785
NOD000461,NOD000611,1091.0,63.8378
NOD000461,NOD000622,2079.0,121.6487
NOD000461,NOD000632,1234.0,72.2051
NOD000461,NOD000645,1077.0,63.0186
NOD000461,NOD000677,1077.0,63.0186
NOD000461,NOD000678,1202.0,70.3327
NOD000461,NOD000706,1631.0,95.4348
NOD000461,NOD000777,1500.0,87.7696
NOD000461,NOD000779,1085.0,63.4867
NOD000461,NOD000780,1077.0,63.0186
NOD000461,NOD000781,1219.0,71.3274
NOD000461,NOD000785,1313.0,76.8277
NOD000461,NOD000786,1069.0,62.5505
NOD000461,NOD000790,1631.0,95.4348
NOD000461,NOD000794,2079.0,121.6487
NOD000470,NOD000592,1030.0,60.2685
NOD000470,NOD000593,1029.0,60.21
NOD000470,NOD000594,1029.0,60.21
NOD000470,NOD000596,1389.0,81.2747
NOD000470,NOD000597,1030.0,60.2685
NOD000470,NOD000599,1447.0,84.6684
NOD000470,NOD000607,1159.0,67.8166
NOD000470,NOD000611,1035.0,60.561
NOD000470,NOD000622,1977.0,115.6803
NOD000470,NOD000632,897.0,52.4862
NOD000470,NOD000645,1030.0,60.2685
NOD000470,NOD000677,1030.0,60.2685
NOD000470,NOD000678,897.0,52.4862
NOD000470,NOD000706,1592.0,93.1528
NOD000470,NOD000777,1447.0,84.6684
NOD000470,NOD000779,1019.0,59.6248
NOD000470,NOD000780,1022.0,59.8004
NOD000470,NOD000781,1153.0,67.4656
NOD000470,NOD000785,1257.0,73.5509
NOD000470,NOD000786,1030.0,60.2685
NOD000470,NOD000790,1592.0,93.1528
NOD000470,NOD000794,2023.0,118.3719
NOD000473,NOD000592,741.0,43.3582
NOD000473,NOD000593,740.0,43.2997
NOD000473,NOD000594,740.0,43.2997
NOD000473,NOD000596,1100.0,64.3644
NOD000473,NOD000597,741.0,43.3582
NOD000473,NOD000599,1158.0,67.7581
NOD000473,NOD000607,870.0,50.9064
NOD000473,NOD000611,746.0,43.6508
NOD000473,NOD000622,1688.0,98.7701
NOD000473,NOD000632,640.0,37.4484
NOD000473,NOD000645,741.0,43.3582
NOD000473,NOD000677,741.0,43.3582
NOD000473,NOD000678,608.0,35.5759
NOD000473,NOD000706,1303.0,76.2425
NOD000473,NOD000777,1158.0,67.7581
NOD000473,NOD000779,730.0,42.7145
NOD000473,NOD000780,733.0,42.8901
NOD000473,NOD000781,864.0,50.5553
NOD000473,NOD000785,968.0,56.6407
NOD000473,NOD000786,741.0,43.3582
NOD000473,NOD000790,1303.0,76.2425
NOD000473,NOD000794,1734.0,101.4617
NOD000497,NOD000592,2221.0,129.9575
NOD000497,NOD000593,2218.0,129.782
NOD000497,NOD000594,2218.0,129.782
NOD000497,NOD000596,2832.0,165.709
NOD000497,NOD000597,2221.0,129.9575
NOD000497,NOD000599,2240.0,131.0693
NOD000497,NOD000607,2358.0,137.9738
NOD000497,NOD000611,2224.0,130.1331
NOD000497,NOD000622,2858.0,167.2304
NOD000497,NOD000632,2372.0,138.793
NOD000497,NOD000645,2214.0,129.5479
NOD000497,NOD000677,2221.0,129.9575
NOD000497,NOD000678,2340.0,136.9206
NOD000497,NOD000706,2348.0,137.3887
NOD000497,NOD000777,1790.0,104.7384
NOD000497,NOD000779,2218.0,129.782
NOD000497,NOD000780,2218.0,129.782
NOD000497,NOD000781,2352.0,137.6227
NOD000497,NOD000785,2446.0,143.123
NOD000497,NOD000786,2221.0,129.9575
NOD000497,NOD000790,2348.0,137.3887
NOD000497,NOD000794,3186.0,186.4226
NOD000505,NOD000592,1040.0,60.8536
NOD000505,NOD000593,1039.0,60.7951
NOD000505,NOD000594,1039.0,60.7951
NOD000505,NOD000596,1399.0,81.8598
NOD000505,NOD000597,1040.0,60.8536
NOD000505,NOD000599,1457.0,85.2535
NOD000505,NOD000607,1169.0,68.4018
NOD000505,NOD000611,1045.0,61.1462
NOD000505,NOD000622,1987.0,116.2655
NOD000505,NOD000632,907.0,53.0714
NOD000505,NOD000645,1040.0,60.8536
NOD000505,NOD000677,1040.0,60.8536
NOD000505,NOD000678,907.0,53.0714
NOD000505,NOD000706,1602.0,93.7379
NOD000505,NOD000777,1457.0,85.2535
NOD000505,NOD000779,1029.0,60.21
NOD000505,NOD000780,1032.0,60.3855
NOD000505,NOD000781,1163.0,68.0507
NOD000505,NOD000785,1267.0,74.1361
NOD000505,NOD000786,1040.0,60.8536
NOD000505,NOD000790,1602.0,93.7379
NOD000505,NOD000794,2033.0,118.9571
NOD000520,NOD000592,79.0,4.6225
NOD000520,NOD000593,71.0,4.1544
NOD000520,NOD000594,71.0,4.1544
NOD000520,NOD000596,675.0,39.4963
NOD000520,NOD000597,79.0,4.6225
NOD000520,NOD000599,489.0,28.6129
NOD000520,NOD000607,201.0,11.7611
NOD000520,NOD000611,77.0,4.5055
NOD000520,NOD000622,1065.0,62.3164
NOD000520,NOD000632,215.0,12.5803
NOD000520,NOD000645,79.0,4.6225
NOD000520,NOD000677,77.0,4.5055
NOD000520,NOD000678,183.0,10.7079
NOD000520,NOD000706,639.0,37.3899
NOD000520,NOD000777,489.0,28.6129
NOD000520,NOD000779,61.0,3.5693
NOD000520,NOD000780,71.0,4.1544
NOD000520,NOD000781,195.0,11.41
NOD000520,NOD000785,299.0,17.4954
NOD000520,NOD000786,77.0,4.5055
NOD000520,NOD000790,639.0,37.3899
NOD000520,NOD000794,1065.0,62.3164
NOD000526,NOD000592,738.0,43.1826
NOD000526,NOD000593,730.0,42.7145
NOD000526,NOD000594,730.0,42.7145
NOD000526,NOD000596,1334.0,78.0564
NOD000526,NOD000597,738.0,43.1826
NOD000526,NOD000599,1148.0,67.173
NOD000526,NOD000607,860.0,50.3212
NOD000526,NOD000611,736.0,43.0656
NOD000526,NOD000622,1724.0,100.8765
NOD000526,NOD000632,874.0,51.1404
NOD000526,NOD000645,738.0,43.1826
NOD000526,NOD000677,736.0,43.0656
NOD000526,NOD000678,842.0,49.268
NOD000526,NOD000706,1298.0,75.95
NOD000526,NOD000777,1148.0,67.173
NOD000526,NOD000779,720.0,42.1294
NOD000526,NOD000780,730.0,42.7145
NOD000526,NOD000781,854.0,49.9702
NOD000526,NOD000785,958.0,56.0555
NOD000526,NOD000786,736.0,43.0656
NOD000526,NOD000790,1298.0,75.95
NOD000526,NOD000794,1724.0,100.8765
NOD000533,NOD000592,756.0,44.2359
NOD000533,NOD000593,766.0,44.821
NOD000533,NOD000594,766.0,44.821
NOD000533,NOD000596,1373.0,80.3384
NOD000533,NOD000597,748.0,43.7678
NOD000533,NOD000599,748.0,43.7678
NOD000533,NOD000607,906.0,53.0128
NOD000533,NOD000611,772.0,45.1721
NOD000533,NOD000622,1736.0,101.5787
NOD000533,NOD000632,913.0,53.4224
NOD000533,NOD000645,748.0,43.7678
NOD000533,NOD000677,756.0,44.2359
NOD000533,NOD000678,881.0,51.55
NOD000533,NOD000706,1306.0,76.4181
NOD000533,NOD000777,748.0,43.7678
NOD000533,NOD000779,766.0,44.821
NOD000533,NOD000780,756.0,44.2359
NOD000533,NOD000781,900.0,52.6618
NOD000533,NOD000785,994.0,58.162
NOD000533,NOD000786,756.0,44.2359
NOD000533,NOD000790,1306.0,76.4181
NOD000533,NOD000794,1736.0,101.5787
NOD000537,NOD000592,1010.0,59.0982
NOD000537,NOD000593,1006.0,58.8641
NOD000537,NOD000594,1006.0,58.8641
NOD000537,NOD000596,1620.0,94.7912
NOD000537,NOD000597,1010.0,59.0982
NOD000537,NOD000599,1325.0,77.5298
NOD000537,NOD000607,1146.0,67.056
NOD000537,NOD000611,1005.0,58.8056
NOD000537,NOD000622,2000.0,117.0261
NOD000537,NOD000632,1160.0,67.8752
NOD000537,NOD000645,1003.0,58.6886
NOD000537,NOD000677,1010.0,59.0982
NOD000537,NOD000678,1128.0,66.0027
NOD000537,NOD000706,1478.0,86.4823
NOD000537,NOD000777,1325.0,77.5298
NOD000537,NOD000779,1006.0,58.8641
NOD000537,NOD000780,1006.0,58.8641
NOD000537,NOD000781,1140.0,66.7049
NOD000537,NOD000785,1234.0,72.2051
NOD000537,NOD000786,1010.0,59.0982
NOD000537,NOD000790,1477.0,86.4238
NOD000537,NOD000794,2000.0,117.0261
NOD000552,NOD000592,602.0,35.2249
NOD000552,NOD000593,594.0,34.7568
NOD000552,NOD000594,584.0,34.1716
NOD000552,NOD000596,1198.0,70.0987
NOD000552,NOD000597,602.0,35.2249
NOD000552,NOD000599,1012.0,59.2152
NOD000552,NOD000607,450.0,26.3309
NOD000552,NOD000611,600.0,35.1078
NOD000552,NOD000622,1588.0,92.9188
NOD000552,NOD000632,738.0,43.1826
NOD000552,NOD000645,602.0,35.2249
NOD000552,NOD000677,600.0,35.1078
NOD000552,NOD000678,706.0,41.3102
NOD000552,NOD000706,1162.0,67.9922
NOD000552,NOD000777,1012.0,59.2152
NOD000552,NOD000779,584.0,34.1716
NOD000552,NOD000780,594.0,34.7568
NOD000552,NOD000781,450.0,26.3309
NOD000552,NOD000785,822.0,48.0977
NOD000552,NOD000786,600.0,35.1078
NOD000552,NOD000790,1162.0,67.9922
NOD000552,NOD000794,1588.0,92.9188
NOD000577,NOD000592,931.0,54.4757
NOD000577,NOD000593,930.0,54.4172
NOD000577,NOD000594,930.0,54.4172
NOD000577,NOD000596,792.0,46.3424
NOD000577,NOD000597,931.0,54.4757
NOD000577,NOD000599,1348.0,78.8756
NOD000577,NOD000607,1060.0,62.0239
NOD000577,NOD000611,936.0,54.7682
NOD000577,NOD000622,1878.0,109.8875
NOD000577,NOD000632,830.0,48.5658
NOD000577,NOD000645,931.0,54.4757
NOD000577,NOD000677,931.0,54.4757
NOD000577,NOD000678,798.0,46.6934
NOD000577,NOD000706,1493.0,87.36
NOD000577,NOD000777,1348.0,78.8756
NOD000577,NOD000779,920.0,53.832
NOD000577,NOD000780,923.0,54.0076
NOD000577,NOD000781,1054.0,61.6728
NOD000577,NOD000785,1158.0,67.7581
NOD000577,NOD000786,931.0,54.4757
NOD000577,NOD000790,1493.0,87.36
NOD000577,NOD000794,1924.0,112.5791
NOD000582,NOD000592,2321.0,135.8088
NOD000582,NOD000593,2323.0,135.9259
NOD000582,NOD000594,2313.0,135.3407
NOD000582,NOD000596,2937.0,171.8529
NOD000582,NOD000597,2321.0,135.8088
NOD000582,NOD000599,2741.0,160.3843
NOD000582,NOD000607,2453.0,143.5326
NOD000582,NOD000611,2329.0,136.2769
NOD000582,NOD000622,3317.0,194.0879
NOD000582,NOD000632,2477.0,144.9369
NOD000582,NOD000645,2321.0,135.8088
NOD000582,NOD000677,2321.0,135.8088
NOD000582,NOD000678,2445.0,143.0645
NOD000582,NOD000706,2875.0,168.2251
NOD000582,NOD000777,2741.0,160.3843
NOD000582,NOD000779,2323.0,135.9259
NOD000582,NOD000780,2321.0,135.8088
NOD000582,NOD000781,2447.0,143.1815
NOD000582,NOD000785,2541.0,148.6817
NOD000582,NOD000786,2313.0,135.3407
NOD000582,NOD000790,2875.0,168.2251
NOD000582,NOD000794,3317.0,194.0879
NOD000585,NOD000592,459.0,26.8575
NOD000585,NOD000593,458.0,26.799
NOD000585,NOD000594,458.0,26.799
NOD000585,NOD000596,818.0,47.8637
NOD000585,NOD000597,459.0,26.8575
NOD000585,NOD000599,876.0,51.2575
NOD000585,NOD000607,588.0,34.4057
NOD000585,NOD000611,464.0,27.1501
NOD000585,NOD000622,1406.0,82.2694
NOD000585,NOD000632,326.0,19.0753
NOD000585,NOD000645,459.0,26.8575
NOD000585,NOD000677,459.0,26.8575
NOD000585,NOD000678,326.0,19.0753
NOD000585,NOD000706,1021.0,59.7418
NOD000585,NOD000777,876.0,51.2575
NOD000585,NOD000779,448.0,26.2139
NOD000585,NOD000780,451.0,26.3894
NOD000585,NOD000781,582.0,34.0546
NOD000585,NOD000785,686.0,40.14
NOD000585,NOD000786,459.0,26.8575
NOD000585,NOD000790,1021.0,59.7418
NOD000585,NOD000794,1452.0,84.961
NOD000627,NOD000592,422.0,24.6925
NOD000627,NOD000593,421.0,24.634
NOD000627,NOD000594,421.0,24.634
NOD000627,NOD000596,781.0,45.6987
NOD000627,NOD000597,422.0,24.6925
NOD000627,NOD000599,839.0,49.0925
NOD000627,NOD000607,551.0,32.2407
NOD000627,NOD000611,427.0,24.9851
NOD000627,NOD000622,1369.0,80.1044
NOD000627,NOD000632,257.0,15.0379
NOD000627,NOD000645,422.0,24.6925
NOD000627,NOD000677,422.0,24.6925
NOD000627,NOD000678,289.0,16.9103
NOD000627,NOD000706,984.0,57.5769
NOD000627,NOD000777,839.0,49.0925
NOD000627,NOD000779,411.0,24.0489
NOD000627,NOD000780,414.0,24.2244
NOD000627,NOD000781,545.0,31.8896
NOD000627,NOD000785,649.0,37.975
NOD000627,NOD000786,422.0,24.6925
NOD000627,NOD000790,984.0,57.5769
NOD000627,NOD000794,1415.0,82.796
NOD000651,NOD000592,1164.0,68.1092
NOD000651,NOD000593,1163.0,68.0507
NOD000651,NOD000594,1163.0,68.0507
NOD000651,NOD000596,1523.0,89.1154
NOD000651,NOD000597,1164.0,68.1092
NOD000651,NOD000599,1581.0,92.5092
NOD000651,NOD000607,1293.0,75.6574
NOD000651,NOD000611,1169.0,68.4018
NOD000651,NOD000622,2111.0,123.5211
NOD000651,NOD000632,1063.0,62.1994
NOD000651,NOD000645,1164.0,68.1092
NOD000651,NOD000677,1164.0,68.1092
NOD000651,NOD000678,1031.0,60.327
NOD000651,NOD000706,1726.0,100.9936
NOD000651,NOD000777,1581.0,92.5092
NOD000651,NOD000779,1153.0,67.4656
NOD000651,NOD000780,1156.0,67.6411
NOD000651,NOD000781,1287.0,75.3063
NOD000651,NOD000785,1391.0,81.3917
NOD000651,NOD000786,1164.0,68.1092
NOD000651,NOD000790,1726.0,100.9936
NOD000651,NOD000794,2157.0,126.2127
NOD000662,NOD000592,149.0,8.7184
NOD000662,NOD000593,148.0,8.6599
NOD000662,NOD000594,148.0,8.6599
NOD000662,NOD000596,508.0,29.7246
NOD000662,NOD000597,149.0,8.7184
NOD000662,NOD000599,566.0,33.1184
NOD000662,NOD000607,278.0,16.2666
NOD000662,NOD000611,154.0,9.011
NOD000662,NOD000622,1096.0,64.1303
NOD000662,NOD000632,48.0,2.8086
NOD000662,NOD000645,149.0,8.7184
NOD000662,NOD000677,149.0,8.7184
NOD000662,NOD000678,16.0,0.9362
NOD000662,NOD000706,711.0,41.6028
NOD000662,NOD000777,566.0,33.1184
NOD000662,NOD000779,138.0,8.0748
NOD000662,NOD000780,141.0,8.2503
NOD000662,NOD000781,272.0,15.9156
NOD000662,NOD000785,376.0,22.0009
NOD000662,NOD000786,149.0,8.7184
NOD000662,NOD000790,711.0,41.6028
NOD000662,NOD000794,1142.0,66.8219
NOD000666,NOD000592,907.0,53.0714
NOD000666,NOD000593,906.0,53.0128
NOD000666,NOD000594,906.0,53.0128
NOD000666,NOD000596,774.0,45.2891
NOD000666,NOD000597,907.0,53.0714
NOD000666,NOD000599,1324.0,77.4713
NOD000666,NOD000607,1036.0,60.6195
NOD000666,NOD000611,912.0,53.3639
NOD000666,NOD000622,1854.0,108.4832
NOD000666,NOD000632,806.0,47.1615
NOD000666,NOD000645,907.0,53.0714
NOD000666,NOD000677,907.0,53.0714
NOD000666,NOD000678,774.0,45.2891
NOD000666,NOD000706,1469.0,85.9557
NOD000666,NOD000777,1324.0,77.4713
NOD000666,NOD000779,896.0,52.4277
NOD000666,NOD000780,899.0,52.6033
NOD000666,NOD000781,1030.0,60.2685
NOD000666,NOD000785,1134.0,66.3538
NOD000666,NOD000786,907.0,53.0714
NOD000666,NOD000790,1469.0,85.9557
NOD000666,NOD000794,1900.0,111.1748
NOD000678,NOD000592,133.0,7.7822
NOD000678,NOD000593,132.0,7.7237
NOD000678,NOD000594,132.0,7.7237
NOD000678,NOD000596,492.0,28.7884
NOD000678,NOD000597,133.0,7.7822
NOD000678,NOD000599,550.0,32.1822
NOD000678,NOD000607,262.0,15.3304
NOD000678,NOD000611,138.0,8.0748
NOD000678,NOD000622,1080.0,63.1941
NOD000678,NOD000632,32.0,1.8724
NOD000678,NOD000645,133.0,7.7822
NOD000678,NOD000677,133.0,7.7822
NOD000678,NOD000678,0.0,0.0
NOD000678,NOD000706,695.0,40.6666
NOD000678,NOD000777,550.0,32.1822
NOD000678,NOD000779,122.0,7.1386
NOD000678,NOD000780,125.0,7.3141
NOD000678,NOD000781,256.0,14.9793
NOD000678,NOD000785,360.0,21.0647
NOD000678,NOD000786,133.0,7.7822
NOD000678,NOD000790,695.0,40.6666
NOD000678,NOD000794,1126.0,65.8857
NOD000776,NOD000592,895.0,52.3692
NOD000776,NOD000593,894.0,52.3107
NOD000776,NOD000594,894.0,52.3107
NOD000776,NOD000596,1254.0,73.3754
NOD000776,NOD000597,895.0,52.3692
NOD000776,NOD000599,1312.0,76.7691
NOD000776,NOD000607,1024.0,59.9174
NOD000776,NOD000611,900.0,52.6618
NOD000776,NOD000622,1842.0,107.7811
NOD000776,NOD000632,794.0,46.4594
NOD000776,NOD000645,895.0,52.3692
NOD000776,NOD000677,895.0,52.3692
NOD000776,NOD000678,762.0,44.587
NOD000776,NOD000706,1457.0,85.2535
NOD000776,NOD000777,1312.0,76.7691
NOD000776,NOD000779,884.0,51.7256
NOD000776,NOD000780,887.0,51.9011
NOD000776,NOD000781,1018.0,59.5663
NOD000776,NOD000785,1122.0,65.6517
NOD000776,NOD000786,895.0,52.3692
NOD000776,NOD000790,1457.0,85.2535
NOD000776,NOD000794,1888.0,110.4727
NOD000778,NOD000592,915.0,53.5395
NOD000778,NOD000593,914.0,53.4809
NOD000778,NOD000594,914.0,53.4809
NOD000778,NOD000596,1274.0,74.5457
NOD000778,NOD000597,915.0,53.5395
NOD000778,NOD000599,1332.0,77.9394
NOD000778,NOD000607,1044.0,61.0876
NOD000778,NOD000611,920.0,53.832
NOD000778,NOD000622,1862.0,108.9513
NOD000778,NOD000632,814.0,47.6296
NOD000778,NOD000645,915.0,53.5395
NOD000778,NOD000677,915.0,53.5395
NOD000778,NOD000678,782.0,45.7572
NOD000778,NOD000706,1477.0,86.4238
NOD000778,NOD000777,1332.0,77.9394
NOD000778,NOD000779,904.0,52.8958
NOD000778,NOD000780,907.0,53.0714
NOD000778,NOD000781,1038.0,60.7366
NOD000778,NOD000785,1142.0,66.8219
NOD000778,NOD000786,915.0,53.5395
NOD000778,NOD000790,1477.0,86.4238
NOD000778,NOD000794,1908.0,111.6429
NOD000782,NOD000592,1033.0,60.444
NOD000782,NOD000593,1025.0,59.9759
NOD000782,NOD000594,1015.0,59.3908
NOD000782,NOD000596,1629.0,95.3178
NOD000782,NOD000597,1033.0,60.444
NOD000782,NOD000599,1443.0,84.4344
NOD000782,NOD000607,881.0,51.55
NOD000782,NOD000611,1031.0,60.327
NOD000782,NOD000622,2019.0,118.1379
NOD000782,NOD000632,1169.0,68.4018
NOD000782,NOD000645,1033.0,60.444
NOD000782,NOD000677,1031.0,60.327
NOD000782,NOD000678,1137.0,66.5294
NOD000782,NOD000706,1593.0,93.2113
NOD000782,NOD000777,1443.0,84.4344
NOD000782,NOD000779,1015.0,59.3908
NOD000782,NOD000780,1025.0,59.9759
NOD000782,NOD000781,881.0,51.55
NOD000782,NOD000785,1253.0,73.3169
NOD000782,NOD000786,1031.0,60.327
NOD000782,NOD000790,1593.0,93.2113
NOD000782,NOD000794,2019.0,118.1379
NOD000787,NOD000592,1503.0,87.9451
NOD000787,NOD000593,1495.0,87.477
NOD000787,NOD000594,1495.0,87.477
NOD000787,NOD000596,2109.0,123.4041
NOD000787,NOD000597,1503.0,87.9451
NOD000787,NOD000599,1913.0,111.9355
NOD000787,NOD000607,1635.0,95.6689
NOD000787,NOD000611,1501.0,87.8281
NOD000787,NOD000622,2489.0,145.639
NOD000787,NOD000632,1649.0,96.4881
NOD000787,NOD000645,1503.0,87.9451
NOD000787,NOD000677,1501.0,87.8281
NOD000787,NOD000678,1617.0,94.6156
NOD000787,NOD000706,2063.0,120.7125
NOD000787,NOD000777,1913.0,111.9355
NOD000787,NOD000779,1495.0,87.477
NOD000787,NOD000780,1495.0,87.477
NOD000787,NOD000781,1629.0,95.3178
NOD000787,NOD000785,1257.0,73.5509
NOD000787,NOD000786,1501.0,87.8281
NOD000787,NOD000790,2063.0,120.7125
NOD000787,NOD000794,2489.0,145.639
