case_id,block,generation_order,instance_id,N,admission,compatibility,dag_density,outsource_multiplier,seed,instance_path,expected_sha256,actual_sha256,hash_match,data_files_complete,missing_or_mismatched_files,reused_existing_instance,generation_process
STR_001,main_factorial,1,stress_N0100_A050_C050_DL_O090_S20268001,100,0.5,0.5,L,0.9,20268001,<WITHHELD_LOCAL_SOURCE>\Desktop\RCG-ED\04_STAGE_C\data_short\stage_c_structural\STR_001\instances\stress_N0100_A050_C050_DL_O090_S20268001,2dc55d655bd06efbd78f1d6519eb395f68ce78cb2112fee4f8b32b6323d93b9e,2dc55d655bd06efbd78f1d6519eb395f68ce78cb2112fee4f8b32b6323d93b9e,True,True,,True,reused
STR_002,main_factorial,2,stress_N0100_A050_C050_DL_O110_S20268002,100,0.5,0.5,L,1.1,20268002,<WITHHELD_LOCAL_SOURCE>\Desktop\RCG-ED\04_STAGE_C\data_short\stage_c_structural\STR_002\instances\stress_N0100_A050_C050_DL_O110_S20268002,2840470b41d88f02e19cbf5958d3be1052d762d77362207782776bda2536c9d5,2840470b41d88f02e19cbf5958d3be1052d762d77362207782776bda2536c9d5,True,True,,True,reused
STR_003,main_factorial,3,stress_N0100_A050_C050_DM_O090_S20268003,100,0.5,0.5,M,0.9,20268003,<WITHHELD_LOCAL_SOURCE>\Desktop\RCG-ED\04_STAGE_C\data_short\stage_c_structural\STR_003\instances\stress_N0100_A050_C050_DM_O090_S20268003,3c6ca0e17ab49aaba54e4d2c4f4c3e58ed4531512399c8c26ce1f3ee1fec9240,3c6ca0e17ab49aaba54e4d2c4f4c3e58ed4531512399c8c26ce1f3ee1fec9240,True,True,,True,reused
STR_004,main_factorial,4,stress_N0100_A050_C050_DM_O110_S20268004,100,0.5,0.5,M,1.1,20268004,<WITHHELD_LOCAL_SOURCE>\Desktop\RCG-ED\04_STAGE_C\data_short\stage_c_structural\STR_004\instances\stress_N0100_A050_C050_DM_O110_S20268004,fa52862b68eb88c829d879296aa80cb87349e9e874dd6f180c61e20c06258d3a,fa52862b68eb88c829d879296aa80cb87349e9e874dd6f180c61e20c06258d3a,True,True,,True,reused
STR_005,main_factorial,5,stress_N0100_A050_C050_DH_O090_S20268005,100,0.5,0.5,H,0.9,20268005,<WITHHELD_LOCAL_SOURCE>\Desktop\RCG-ED\04_STAGE_C\data_short\stage_c_structural\STR_005\instances\stress_N0100_A050_C050_DH_O090_S20268005,1593d4a7c646d204f909d43583f0517bc04a191ba3bbf71c545bd6245208f019,1593d4a7c646d204f909d43583f0517bc04a191ba3bbf71c545bd6245208f019,True,True,,True,reused
STR_006,main_factorial,6,stress_N0100_A050_C050_DH_O110_S20268006,100,0.5,0.5,H,1.1,20268006,<WITHHELD_LOCAL_SOURCE>\Desktop\RCG-ED\04_STAGE_C\data_short\stage_c_structural\STR_006\instances\stress_N0100_A050_C050_DH_O110_S20268006,e35a5028ff72165bfb37b2dadeacafff0fa3f4c0a5e2f945610faafb47fba23d,e35a5028ff72165bfb37b2dadeacafff0fa3f4c0a5e2f945610faafb47fba23d,True,True,,True,reused
STR_007,main_factorial,7,stress_N0100_A050_C080_DL_O090_S20268007,100,0.5,0.8,L,0.9,20268007,<WITHHELD_LOCAL_SOURCE>\Desktop\RCG-ED\04_STAGE_C\data_short\stage_c_structural\STR_007\instances\stress_N0100_A050_C080_DL_O090_S20268007,e33039d5369d681a3858dbba53513327bd73ab257d474d82843f7fad1a3a7dcc,e33039d5369d681a3858dbba53513327bd73ab257d474d82843f7fad1a3a7dcc,True,True,,True,reused
STR_008,main_factorial,8,stress_N0100_A050_C080_DL_O110_S20268008,100,0.5,0.8,L,1.1,20268008,<WITHHELD_LOCAL_SOURCE>\Desktop\RCG-ED\04_STAGE_C\data_short\stage_c_structural\STR_008\instances\stress_N0100_A050_C080_DL_O110_S20268008,84487443ca2ccca1f249bbc227af7a58dc3ad1f9fdb0a366b2cc89c3f3c0695b,84487443ca2ccca1f249bbc227af7a58dc3ad1f9fdb0a366b2cc89c3f3c0695b,True,True,,True,reused
STR_009,main_factorial,9,stress_N0100_A050_C080_DM_O090_S20268009,100,0.5,0.8,M,0.9,20268009,<WITHHELD_LOCAL_SOURCE>\Desktop\RCG-ED\04_STAGE_C\data_short\stage_c_structural\STR_009\instances\stress_N0100_A050_C080_DM_O090_S20268009,11f228eb5cddc2cff4c472ccf6d5b23a86ff4a6677125d45374417ea431d3257,11f228eb5cddc2cff4c472ccf6d5b23a86ff4a6677125d45374417ea431d3257,True,True,,True,reused
STR_010,main_factorial,10,stress_N0100_A050_C080_DM_O110_S20268010,100,0.5,0.8,M,1.1,20268010,<WITHHELD_LOCAL_SOURCE>\Desktop\RCG-ED\04_STAGE_C\data_short\stage_c_structural\STR_010\instances\stress_N0100_A050_C080_DM_O110_S20268010,6e31a25479b2806c537a0ae77dc6fdda07e0b33c70a7a85e8360bf356be97978,6e31a25479b2806c537a0ae77dc6fdda07e0b33c70a7a85e8360bf356be97978,True,True,,True,reused
STR_011,main_factorial,11,stress_N0100_A050_C080_DH_O090_S20268011,100,0.5,0.8,H,0.9,20268011,<WITHHELD_LOCAL_SOURCE>\Desktop\RCG-ED\04_STAGE_C\data_short\stage_c_structural\STR_011\instances\stress_N0100_A050_C080_DH_O090_S20268011,510eecc68732732b51362981b0fd626cee73bf26cf177a1a3b88f85a186a0347,510eecc68732732b51362981b0fd626cee73bf26cf177a1a3b88f85a186a0347,True,True,,True,reused
STR_012,main_factorial,12,stress_N0100_A050_C080_DH_O110_S20268012,100,0.5,0.8,H,1.1,20268012,<WITHHELD_LOCAL_SOURCE>\Desktop\RCG-ED\04_STAGE_C\data_short\stage_c_structural\STR_012\instances\stress_N0100_A050_C080_DH_O110_S20268012,8f460455bed0af7bc63816c44a4a1cc339e7566546710559c9372d93cde58f33,8f460455bed0af7bc63816c44a4a1cc339e7566546710559c9372d93cde58f33,True,True,,True,reused
STR_013,main_factorial,13,stress_N0100_A080_C050_DL_O090_S20268013,100,0.8,0.5,L,0.9,20268013,<WITHHELD_LOCAL_SOURCE>\Desktop\RCG-ED\04_STAGE_C\data_short\stage_c_structural\STR_013\instances\stress_N0100_A080_C050_DL_O090_S20268013,6cbc60b721fe1dc25f8e136437721de06ef1adc92f129d73d50ebb2bf82df85d,6cbc60b721fe1dc25f8e136437721de06ef1adc92f129d73d50ebb2bf82df85d,True,True,,True,reused
STR_014,main_factorial,14,stress_N0100_A080_C050_DL_O110_S20268014,100,0.8,0.5,L,1.1,20268014,<WITHHELD_LOCAL_SOURCE>\Desktop\RCG-ED\04_STAGE_C\data_short\stage_c_structural\STR_014\instances\stress_N0100_A080_C050_DL_O110_S20268014,7f2faef0c4d88165d9127ed84eca1650193ab725b006c63eef6e14aaa52f6ef6,7f2faef0c4d88165d9127ed84eca1650193ab725b006c63eef6e14aaa52f6ef6,True,True,,True,reused
STR_015,main_factorial,15,stress_N0100_A080_C050_DM_O090_S20268015,100,0.8,0.5,M,0.9,20268015,<WITHHELD_LOCAL_SOURCE>\Desktop\RCG-ED\04_STAGE_C\data_short\stage_c_structural\STR_015\instances\stress_N0100_A080_C050_DM_O090_S20268015,a2e76933bd04fcb1ab4867f1662d8af105dfaeabecd9dcc5ba1c918682512712,a2e76933bd04fcb1ab4867f1662d8af105dfaeabecd9dcc5ba1c918682512712,True,True,,True,reused
STR_016,main_factorial,16,stress_N0100_A080_C050_DM_O110_S20268016,100,0.8,0.5,M,1.1,20268016,<WITHHELD_LOCAL_SOURCE>\Desktop\RCG-ED\04_STAGE_C\data_short\stage_c_structural\STR_016\instances\stress_N0100_A080_C050_DM_O110_S20268016,34739f8d887041c8aef474ec41e5f0cf7f4e731dd6924026c2a0bc8d6a0db2da,34739f8d887041c8aef474ec41e5f0cf7f4e731dd6924026c2a0bc8d6a0db2da,True,True,,True,reused
STR_017,main_factorial,17,stress_N0100_A080_C050_DH_O090_S20268017,100,0.8,0.5,H,0.9,20268017,<WITHHELD_LOCAL_SOURCE>\Desktop\RCG-ED\04_STAGE_C\data_short\stage_c_structural\STR_017\instances\stress_N0100_A080_C050_DH_O090_S20268017,8c37a44489c52959eba8c2e136b67223b797baabbb8f030cad6b9403756646c9,8c37a44489c52959eba8c2e136b67223b797baabbb8f030cad6b9403756646c9,True,True,,True,reused
STR_018,main_factorial,18,stress_N0100_A080_C050_DH_O110_S20268018,100,0.8,0.5,H,1.1,20268018,<WITHHELD_LOCAL_SOURCE>\Desktop\RCG-ED\04_STAGE_C\data_short\stage_c_structural\STR_018\instances\stress_N0100_A080_C050_DH_O110_S20268018,71a4f10bc26adbfed36e7b48419c82afac9498efaa4696b1d174a059f9c3c90b,71a4f10bc26adbfed36e7b48419c82afac9498efaa4696b1d174a059f9c3c90b,True,True,,True,reused
STR_019,main_factorial,19,stress_N0100_A080_C080_DL_O090_S20268019,100,0.8,0.8,L,0.9,20268019,<WITHHELD_LOCAL_SOURCE>\Desktop\RCG-ED\04_STAGE_C\data_short\stage_c_structural\STR_019\instances\stress_N0100_A080_C080_DL_O090_S20268019,df22ac27583a53e13d50368a74668560d3e8ad6fa7691e385e81fa9204c16296,df22ac27583a53e13d50368a74668560d3e8ad6fa7691e385e81fa9204c16296,True,True,,True,reused
STR_020,main_factorial,20,stress_N0100_A080_C080_DL_O110_S20268020,100,0.8,0.8,L,1.1,20268020,<WITHHELD_LOCAL_SOURCE>\Desktop\RCG-ED\04_STAGE_C\data_short\stage_c_structural\STR_020\instances\stress_N0100_A080_C080_DL_O110_S20268020,433e26191579381757ad3815481b98a543defb3263be1e2bb9b07a911cabd347,433e26191579381757ad3815481b98a543defb3263be1e2bb9b07a911cabd347,True,True,,True,reused
STR_021,main_factorial,21,stress_N0100_A080_C080_DM_O090_S20268021,100,0.8,0.8,M,0.9,20268021,<WITHHELD_LOCAL_SOURCE>\Desktop\RCG-ED\04_STAGE_C\data_short\stage_c_structural\STR_021\instances\stress_N0100_A080_C080_DM_O090_S20268021,e8ad0b992774051269eefa39d4cf2f6076ad709d7598536263d225d1159ded06,e8ad0b992774051269eefa39d4cf2f6076ad709d7598536263d225d1159ded06,True,True,,True,reused
STR_022,main_factorial,22,stress_N0100_A080_C080_DM_O110_S20268022,100,0.8,0.8,M,1.1,20268022,<WITHHELD_LOCAL_SOURCE>\Desktop\RCG-ED\04_STAGE_C\data_short\stage_c_structural\STR_022\instances\stress_N0100_A080_C080_DM_O110_S20268022,56d2c8228919c1abd5377ec218422837c54e236a0c1c5acd036b8368a08ecd16,56d2c8228919c1abd5377ec218422837c54e236a0c1c5acd036b8368a08ecd16,True,True,,True,reused
STR_023,main_factorial,23,stress_N0100_A080_C080_DH_O090_S20268023,100,0.8,0.8,H,0.9,20268023,<WITHHELD_LOCAL_SOURCE>\Desktop\RCG-ED\04_STAGE_C\data_short\stage_c_structural\STR_023\instances\stress_N0100_A080_C080_DH_O090_S20268023,46558003945a6c27f85736cb6ba1f8cb9fcf48c4252da002f1e783979eba7c72,46558003945a6c27f85736cb6ba1f8cb9fcf48c4252da002f1e783979eba7c72,True,True,,True,reused
STR_024,main_factorial,24,stress_N0100_A080_C080_DH_O110_S20268024,100,0.8,0.8,H,1.1,20268024,<WITHHELD_LOCAL_SOURCE>\Desktop\RCG-ED\04_STAGE_C\data_short\stage_c_structural\STR_024\instances\stress_N0100_A080_C080_DH_O110_S20268024,08bc2e8006d614355b2f7e1a7fd1e23fb413526f78661036fcf29fd9831e109d,08bc2e8006d614355b2f7e1a7fd1e23fb413526f78661036fcf29fd9831e109d,True,True,,True,reused
STR_025,main_factorial,25,stress_N0100_A100_C050_DL_O090_S20268025,100,1.0,0.5,L,0.9,20268025,<WITHHELD_LOCAL_SOURCE>\Desktop\RCG-ED\04_STAGE_C\data_short\stage_c_structural\STR_025\instances\stress_N0100_A100_C050_DL_O090_S20268025,14c9977fb2ee688d6e32e5513d7059aa0204860a108abd3bc80b9ee7bb18e40e,14c9977fb2ee688d6e32e5513d7059aa0204860a108abd3bc80b9ee7bb18e40e,True,True,,True,reused
STR_026,main_factorial,26,stress_N0100_A100_C050_DL_O110_S20268026,100,1.0,0.5,L,1.1,20268026,<WITHHELD_LOCAL_SOURCE>\Desktop\RCG-ED\04_STAGE_C\data_short\stage_c_structural\STR_026\instances\stress_N0100_A100_C050_DL_O110_S20268026,2b64426505e3378176e6de38ac6e9b499416d751118f5ab405792cb5bd723a59,2b64426505e3378176e6de38ac6e9b499416d751118f5ab405792cb5bd723a59,True,True,,True,reused
STR_027,main_factorial,27,stress_N0100_A100_C050_DM_O090_S20268027,100,1.0,0.5,M,0.9,20268027,<WITHHELD_LOCAL_SOURCE>\Desktop\RCG-ED\04_STAGE_C\data_short\stage_c_structural\STR_027\instances\stress_N0100_A100_C050_DM_O090_S20268027,e85dffe9c5cb6548d308da83752ab61635017adef54667ca7feeebf66fe3dba0,e85dffe9c5cb6548d308da83752ab61635017adef54667ca7feeebf66fe3dba0,True,True,,True,reused
STR_028,main_factorial,28,stress_N0100_A100_C050_DM_O110_S20268028,100,1.0,0.5,M,1.1,20268028,<WITHHELD_LOCAL_SOURCE>\Desktop\RCG-ED\04_STAGE_C\data_short\stage_c_structural\STR_028\instances\stress_N0100_A100_C050_DM_O110_S20268028,3b54815f4ac2bcb8ffd47bd7e691d38bc1b9d5fc2625999e2f6d0c03e45d7c55,3b54815f4ac2bcb8ffd47bd7e691d38bc1b9d5fc2625999e2f6d0c03e45d7c55,True,True,,True,reused
STR_029,main_factorial,29,stress_N0100_A100_C050_DH_O090_S20268029,100,1.0,0.5,H,0.9,20268029,<WITHHELD_LOCAL_SOURCE>\Desktop\RCG-ED\04_STAGE_C\data_short\stage_c_structural\STR_029\instances\stress_N0100_A100_C050_DH_O090_S20268029,31da172f311bafc5e399351e350c06ef162f66b5e366fed089a50946fefff147,31da172f311bafc5e399351e350c06ef162f66b5e366fed089a50946fefff147,True,True,,True,reused
STR_030,main_factorial,30,stress_N0100_A100_C050_DH_O110_S20268030,100,1.0,0.5,H,1.1,20268030,<WITHHELD_LOCAL_SOURCE>\Desktop\RCG-ED\04_STAGE_C\data_short\stage_c_structural\STR_030\instances\stress_N0100_A100_C050_DH_O110_S20268030,02701aa998ad30b9010f13c064818405395ebf59a585f52105a2c5c92b152279,02701aa998ad30b9010f13c064818405395ebf59a585f52105a2c5c92b152279,True,True,,True,reused
STR_031,main_factorial,31,stress_N0100_A100_C080_DL_O090_S20268031,100,1.0,0.8,L,0.9,20268031,<WITHHELD_LOCAL_SOURCE>\Desktop\RCG-ED\04_STAGE_C\data_short\stage_c_structural\STR_031\instances\stress_N0100_A100_C080_DL_O090_S20268031,d4a9e8d8aa9d74c5bc86ee9e1d49bd3e685ea41b8e8817f5cddf29bb8def9058,d4a9e8d8aa9d74c5bc86ee9e1d49bd3e685ea41b8e8817f5cddf29bb8def9058,True,True,,True,reused
STR_032,main_factorial,32,stress_N0100_A100_C080_DL_O110_S20268032,100,1.0,0.8,L,1.1,20268032,<WITHHELD_LOCAL_SOURCE>\Desktop\RCG-ED\04_STAGE_C\data_short\stage_c_structural\STR_032\instances\stress_N0100_A100_C080_DL_O110_S20268032,07d40e562dcaf1ff2924b12e5cda9a50e99503289a7516669a6402f076a50e8b,07d40e562dcaf1ff2924b12e5cda9a50e99503289a7516669a6402f076a50e8b,True,True,,True,reused
STR_033,main_factorial,33,stress_N0100_A100_C080_DM_O090_S20268033,100,1.0,0.8,M,0.9,20268033,<WITHHELD_LOCAL_SOURCE>\Desktop\RCG-ED\04_STAGE_C\data_short\stage_c_structural\STR_033\instances\stress_N0100_A100_C080_DM_O090_S20268033,9b8b66e75e078163fd176d6883e6c0714fd25fd2a03bd8265c66647b1748f5f4,9b8b66e75e078163fd176d6883e6c0714fd25fd2a03bd8265c66647b1748f5f4,True,True,,True,reused
STR_034,main_factorial,34,stress_N0100_A100_C080_DM_O110_S20268034,100,1.0,0.8,M,1.1,20268034,<WITHHELD_LOCAL_SOURCE>\Desktop\RCG-ED\04_STAGE_C\data_short\stage_c_structural\STR_034\instances\stress_N0100_A100_C080_DM_O110_S20268034,e6c7edb395ae9b3c70c8f03ab457003a05b88545952672a70ec161290e99baac,e6c7edb395ae9b3c70c8f03ab457003a05b88545952672a70ec161290e99baac,True,True,,True,reused
STR_035,main_factorial,35,stress_N0100_A100_C080_DH_O090_S20268035,100,1.0,0.8,H,0.9,20268035,<WITHHELD_LOCAL_SOURCE>\Desktop\RCG-ED\04_STAGE_C\data_short\stage_c_structural\STR_035\instances\stress_N0100_A100_C080_DH_O090_S20268035,d86ad6524c1b7015c9c27aab4f03a66056ebe9a12cb4d849b773bc5fe089dc6d,d86ad6524c1b7015c9c27aab4f03a66056ebe9a12cb4d849b773bc5fe089dc6d,True,True,,True,reused
STR_036,main_factorial,36,stress_N0100_A100_C080_DH_O110_S20268036,100,1.0,0.8,H,1.1,20268036,<WITHHELD_LOCAL_SOURCE>\Desktop\RCG-ED\04_STAGE_C\data_short\stage_c_structural\STR_036\instances\stress_N0100_A100_C080_DH_O110_S20268036,2f652385935905e67f7b0d66ff62f67eadd18672b7705b7db61cfaff1517821c,2f652385935905e67f7b0d66ff62f67eadd18672b7705b7db61cfaff1517821c,True,True,,True,reused
STR_037,main_factorial,37,stress_N0200_A050_C050_DL_O090_S20268037,200,0.5,0.5,L,0.9,20268037,<WITHHELD_LOCAL_SOURCE>\Desktop\RCG-ED\04_STAGE_C\data_short\stage_c_structural\STR_037\instances\stress_N0200_A050_C050_DL_O090_S20268037,2afe016d0781fae28099b75dc139bddfff3d303b25daeaf5b3fcbe67cb6374df,2afe016d0781fae28099b75dc139bddfff3d303b25daeaf5b3fcbe67cb6374df,True,True,,True,reused
STR_038,main_factorial,38,stress_N0200_A050_C050_DL_O110_S20268038,200,0.5,0.5,L,1.1,20268038,<WITHHELD_LOCAL_SOURCE>\Desktop\RCG-ED\04_STAGE_C\data_short\stage_c_structural\STR_038\instances\stress_N0200_A050_C050_DL_O110_S20268038,eb64f32c5de068f2af02a20ab9ce289be229d60842e0924ab376faf6be1b9457,eb64f32c5de068f2af02a20ab9ce289be229d60842e0924ab376faf6be1b9457,True,True,,True,reused
STR_039,main_factorial,39,stress_N0200_A050_C050_DM_O090_S20268039,200,0.5,0.5,M,0.9,20268039,<WITHHELD_LOCAL_SOURCE>\Desktop\RCG-ED\04_STAGE_C\data_short\stage_c_structural\STR_039\instances\stress_N0200_A050_C050_DM_O090_S20268039,616cb1dddc411d419b09105a2b5322afcba17fa4d0a292578ea704a7616f4ae2,616cb1dddc411d419b09105a2b5322afcba17fa4d0a292578ea704a7616f4ae2,True,True,,True,reused
STR_040,main_factorial,40,stress_N0200_A050_C050_DM_O110_S20268040,200,0.5,0.5,M,1.1,20268040,<WITHHELD_LOCAL_SOURCE>\Desktop\RCG-ED\04_STAGE_C\data_short\stage_c_structural\STR_040\instances\stress_N0200_A050_C050_DM_O110_S20268040,59b4cb36c52eba9af3e114d05a71c8e10f7d4459a7b516a614ecb1c1cdc02478,59b4cb36c52eba9af3e114d05a71c8e10f7d4459a7b516a614ecb1c1cdc02478,True,True,,True,reused
STR_041,main_factorial,41,stress_N0200_A050_C050_DH_O090_S20268041,200,0.5,0.5,H,0.9,20268041,<WITHHELD_LOCAL_SOURCE>\Desktop\RCG-ED\04_STAGE_C\data_short\stage_c_structural\STR_041\instances\stress_N0200_A050_C050_DH_O090_S20268041,f8776d2101a895a26e19355740382b1c1c8680097d5eadb83dd70d935c2673a2,f8776d2101a895a26e19355740382b1c1c8680097d5eadb83dd70d935c2673a2,True,True,,True,reused
STR_042,main_factorial,42,stress_N0200_A050_C050_DH_O110_S20268042,200,0.5,0.5,H,1.1,20268042,<WITHHELD_LOCAL_SOURCE>\Desktop\RCG-ED\04_STAGE_C\data_short\stage_c_structural\STR_042\instances\stress_N0200_A050_C050_DH_O110_S20268042,05955c7fb221adce885f5508c64f574a410ed6ca1b8a14717bad7c0b8898be74,05955c7fb221adce885f5508c64f574a410ed6ca1b8a14717bad7c0b8898be74,True,True,,True,reused
STR_043,main_factorial,43,stress_N0200_A050_C080_DL_O090_S20268043,200,0.5,0.8,L,0.9,20268043,<WITHHELD_LOCAL_SOURCE>\Desktop\RCG-ED\04_STAGE_C\data_short\stage_c_structural\STR_043\instances\stress_N0200_A050_C080_DL_O090_S20268043,f22422f1950ae604feac49767650af57db91c1b76db369ed3c8f1e491744e514,f22422f1950ae604feac49767650af57db91c1b76db369ed3c8f1e491744e514,True,True,,True,reused
STR_044,main_factorial,44,stress_N0200_A050_C080_DL_O110_S20268044,200,0.5,0.8,L,1.1,20268044,<WITHHELD_LOCAL_SOURCE>\Desktop\RCG-ED\04_STAGE_C\data_short\stage_c_structural\STR_044\instances\stress_N0200_A050_C080_DL_O110_S20268044,e880c684f550a530b305d336b2d3dbf709b673812c5fe80a9a0c613eaf970572,e880c684f550a530b305d336b2d3dbf709b673812c5fe80a9a0c613eaf970572,True,True,,True,reused
STR_045,main_factorial,45,stress_N0200_A050_C080_DM_O090_S20268045,200,0.5,0.8,M,0.9,20268045,<WITHHELD_LOCAL_SOURCE>\Desktop\RCG-ED\04_STAGE_C\data_short\stage_c_structural\STR_045\instances\stress_N0200_A050_C080_DM_O090_S20268045,4c46b7adf857c56ca845f07c25aef2f87c511b3aeaee82351a7339d13fe45b14,4c46b7adf857c56ca845f07c25aef2f87c511b3aeaee82351a7339d13fe45b14,True,True,,True,reused
STR_046,main_factorial,46,stress_N0200_A050_C080_DM_O110_S20268046,200,0.5,0.8,M,1.1,20268046,<WITHHELD_LOCAL_SOURCE>\Desktop\RCG-ED\04_STAGE_C\data_short\stage_c_structural\STR_046\instances\stress_N0200_A050_C080_DM_O110_S20268046,c3c887e925d34eb37a13a1d7fd6d12f9bbbed52a7c244b02f2eab5d46494481a,c3c887e925d34eb37a13a1d7fd6d12f9bbbed52a7c244b02f2eab5d46494481a,True,True,,True,reused
STR_047,main_factorial,47,stress_N0200_A050_C080_DH_O090_S20268047,200,0.5,0.8,H,0.9,20268047,<WITHHELD_LOCAL_SOURCE>\Desktop\RCG-ED\04_STAGE_C\data_short\stage_c_structural\STR_047\instances\stress_N0200_A050_C080_DH_O090_S20268047,69aba56ca387cb2b0c113896912fd6ebf55880e78d771c49b3820aeb91663244,69aba56ca387cb2b0c113896912fd6ebf55880e78d771c49b3820aeb91663244,True,True,,True,reused
STR_048,main_factorial,48,stress_N0200_A050_C080_DH_O110_S20268048,200,0.5,0.8,H,1.1,20268048,<WITHHELD_LOCAL_SOURCE>\Desktop\RCG-ED\04_STAGE_C\data_short\stage_c_structural\STR_048\instances\stress_N0200_A050_C080_DH_O110_S20268048,78133da7f35b0d5d6e7246a1d04905c77852bc086d2a5991349a2c4720ee555e,78133da7f35b0d5d6e7246a1d04905c77852bc086d2a5991349a2c4720ee555e,True,True,,True,reused
STR_049,main_factorial,49,stress_N0200_A080_C050_DL_O090_S20268049,200,0.8,0.5,L,0.9,20268049,<WITHHELD_LOCAL_SOURCE>\Desktop\RCG-ED\04_STAGE_C\data_short\stage_c_structural\STR_049\instances\stress_N0200_A080_C050_DL_O090_S20268049,170b4513de312f2aea00aa53c9e3c14ba923ee363fac1a45db0adc3082841e11,170b4513de312f2aea00aa53c9e3c14ba923ee363fac1a45db0adc3082841e11,True,True,,True,reused
STR_050,main_factorial,50,stress_N0200_A080_C050_DL_O110_S20268050,200,0.8,0.5,L,1.1,20268050,<WITHHELD_LOCAL_SOURCE>\Desktop\RCG-ED\04_STAGE_C\data_short\stage_c_structural\STR_050\instances\stress_N0200_A080_C050_DL_O110_S20268050,7f61d37da3ff91ef8e7765ec93da79f04b4dd23beee6434f7e79c458617d9966,7f61d37da3ff91ef8e7765ec93da79f04b4dd23beee6434f7e79c458617d9966,True,True,,True,reused
STR_051,main_factorial,51,stress_N0200_A080_C050_DM_O090_S20268051,200,0.8,0.5,M,0.9,20268051,<WITHHELD_LOCAL_SOURCE>\Desktop\RCG-ED\04_STAGE_C\data_short\stage_c_structural\STR_051\instances\stress_N0200_A080_C050_DM_O090_S20268051,e5843845cac5aea598fa3dacd53bfa90b3eea8227b03d4ac85e9fd404289fdf9,e5843845cac5aea598fa3dacd53bfa90b3eea8227b03d4ac85e9fd404289fdf9,True,True,,True,reused
STR_052,main_factorial,52,stress_N0200_A080_C050_DM_O110_S20268052,200,0.8,0.5,M,1.1,20268052,<WITHHELD_LOCAL_SOURCE>\Desktop\RCG-ED\04_STAGE_C\data_short\stage_c_structural\STR_052\instances\stress_N0200_A080_C050_DM_O110_S20268052,2477f0364ce5abc709af2dae12f4d47a6cb91ce8b221d7b2ab32db3dbc2585f3,2477f0364ce5abc709af2dae12f4d47a6cb91ce8b221d7b2ab32db3dbc2585f3,True,True,,True,reused
STR_053,main_factorial,53,stress_N0200_A080_C050_DH_O090_S20268053,200,0.8,0.5,H,0.9,20268053,<WITHHELD_LOCAL_SOURCE>\Desktop\RCG-ED\04_STAGE_C\data_short\stage_c_structural\STR_053\instances\stress_N0200_A080_C050_DH_O090_S20268053,c0d76ad310f642bebff4fe9592465a5ced57b6449b5f1a036760d948568f71e1,c0d76ad310f642bebff4fe9592465a5ced57b6449b5f1a036760d948568f71e1,True,True,,True,reused
STR_054,main_factorial,54,stress_N0200_A080_C050_DH_O110_S20268054,200,0.8,0.5,H,1.1,20268054,<WITHHELD_LOCAL_SOURCE>\Desktop\RCG-ED\04_STAGE_C\data_short\stage_c_structural\STR_054\instances\stress_N0200_A080_C050_DH_O110_S20268054,957d4485726870e6f79205dcad860d789004ca9eb2078def9e4616ab1e029909,957d4485726870e6f79205dcad860d789004ca9eb2078def9e4616ab1e029909,True,True,,True,reused
STR_055,main_factorial,55,stress_N0200_A080_C080_DL_O090_S20268055,200,0.8,0.8,L,0.9,20268055,<WITHHELD_LOCAL_SOURCE>\Desktop\RCG-ED\04_STAGE_C\data_short\stage_c_structural\STR_055\instances\stress_N0200_A080_C080_DL_O090_S20268055,95814e85f907a07b92e2f0118d6fd8172972ebecba402dd563b28657b4085f1c,95814e85f907a07b92e2f0118d6fd8172972ebecba402dd563b28657b4085f1c,True,True,,True,reused
STR_056,main_factorial,56,stress_N0200_A080_C080_DL_O110_S20268056,200,0.8,0.8,L,1.1,20268056,<WITHHELD_LOCAL_SOURCE>\Desktop\RCG-ED\04_STAGE_C\data_short\stage_c_structural\STR_056\instances\stress_N0200_A080_C080_DL_O110_S20268056,21ae26a945cacd32771c797dfdc3cd825a1c409548584c16b852eb8d1cf3a435,21ae26a945cacd32771c797dfdc3cd825a1c409548584c16b852eb8d1cf3a435,True,True,,True,reused
STR_057,main_factorial,57,stress_N0200_A080_C080_DM_O090_S20268057,200,0.8,0.8,M,0.9,20268057,<WITHHELD_LOCAL_SOURCE>\Desktop\RCG-ED\04_STAGE_C\data_short\stage_c_structural\STR_057\instances\stress_N0200_A080_C080_DM_O090_S20268057,8a04e290fb87f5b28c87278463f4ab6fe88a30b6a03ac6005a1e87d4f7d11b5a,8a04e290fb87f5b28c87278463f4ab6fe88a30b6a03ac6005a1e87d4f7d11b5a,True,True,,True,reused
STR_058,main_factorial,58,stress_N0200_A080_C080_DM_O110_S20268058,200,0.8,0.8,M,1.1,20268058,<WITHHELD_LOCAL_SOURCE>\Desktop\RCG-ED\04_STAGE_C\data_short\stage_c_structural\STR_058\instances\stress_N0200_A080_C080_DM_O110_S20268058,7c57801893248e2f222ae84935e8c5abbef69a41d200fdfa61d68f15d6ceb113,7c57801893248e2f222ae84935e8c5abbef69a41d200fdfa61d68f15d6ceb113,True,True,,True,reused
STR_059,main_factorial,59,stress_N0200_A080_C080_DH_O090_S20268059,200,0.8,0.8,H,0.9,20268059,<WITHHELD_LOCAL_SOURCE>\Desktop\RCG-ED\04_STAGE_C\data_short\stage_c_structural\STR_059\instances\stress_N0200_A080_C080_DH_O090_S20268059,f23fcdbf9f5ea8186571bd797f77f1b236385408ef11dca9d1f7c51155950f8b,f23fcdbf9f5ea8186571bd797f77f1b236385408ef11dca9d1f7c51155950f8b,True,True,,True,reused
STR_060,main_factorial,60,stress_N0200_A080_C080_DH_O110_S20268060,200,0.8,0.8,H,1.1,20268060,<WITHHELD_LOCAL_SOURCE>\Desktop\RCG-ED\04_STAGE_C\data_short\stage_c_structural\STR_060\instances\stress_N0200_A080_C080_DH_O110_S20268060,240281d3eda8f6428098630fd27a30f09f83b61df7e7b1ec50c3c4bfdc2466ad,240281d3eda8f6428098630fd27a30f09f83b61df7e7b1ec50c3c4bfdc2466ad,True,True,,True,reused
STR_061,main_factorial,61,stress_N0200_A100_C050_DL_O090_S20268061,200,1.0,0.5,L,0.9,20268061,<WITHHELD_LOCAL_SOURCE>\Desktop\RCG-ED\04_STAGE_C\data_short\stage_c_structural\STR_061\instances\stress_N0200_A100_C050_DL_O090_S20268061,2f167a18abdf0e4b0dd68c01f8d552473d95260ec340bbfbea4de25d34d65197,2f167a18abdf0e4b0dd68c01f8d552473d95260ec340bbfbea4de25d34d65197,True,True,,True,reused
STR_062,main_factorial,62,stress_N0200_A100_C050_DL_O110_S20268062,200,1.0,0.5,L,1.1,20268062,<WITHHELD_LOCAL_SOURCE>\Desktop\RCG-ED\04_STAGE_C\data_short\stage_c_structural\STR_062\instances\stress_N0200_A100_C050_DL_O110_S20268062,54ce1a1c8b7c4dd9ec07395c8e7640fecf17494e3a4ffcbd939a0d44a177968c,54ce1a1c8b7c4dd9ec07395c8e7640fecf17494e3a4ffcbd939a0d44a177968c,True,True,,True,reused
STR_063,main_factorial,63,stress_N0200_A100_C050_DM_O090_S20268063,200,1.0,0.5,M,0.9,20268063,<WITHHELD_LOCAL_SOURCE>\Desktop\RCG-ED\04_STAGE_C\data_short\stage_c_structural\STR_063\instances\stress_N0200_A100_C050_DM_O090_S20268063,776e0945f2492d766609d682f7d14adb3d0195b00d8f230f15a2deb5ebbf8682,776e0945f2492d766609d682f7d14adb3d0195b00d8f230f15a2deb5ebbf8682,True,True,,True,reused
STR_064,main_factorial,64,stress_N0200_A100_C050_DM_O110_S20268064,200,1.0,0.5,M,1.1,20268064,<WITHHELD_LOCAL_SOURCE>\Desktop\RCG-ED\04_STAGE_C\data_short\stage_c_structural\STR_064\instances\stress_N0200_A100_C050_DM_O110_S20268064,85d5bb2203497101cbb422d6ef195b8869b74b5f6de72d73ddae9b28ee6eab10,85d5bb2203497101cbb422d6ef195b8869b74b5f6de72d73ddae9b28ee6eab10,True,True,,True,reused
STR_065,main_factorial,65,stress_N0200_A100_C050_DH_O090_S20268065,200,1.0,0.5,H,0.9,20268065,<WITHHELD_LOCAL_SOURCE>\Desktop\RCG-ED\04_STAGE_C\data_short\stage_c_structural\STR_065\instances\stress_N0200_A100_C050_DH_O090_S20268065,7b1eb839c6a34730119d9e042210d9d29f7a27bbf1c6737281509e5141a346f8,7b1eb839c6a34730119d9e042210d9d29f7a27bbf1c6737281509e5141a346f8,True,True,,True,reused
STR_066,main_factorial,66,stress_N0200_A100_C050_DH_O110_S20268066,200,1.0,0.5,H,1.1,20268066,<WITHHELD_LOCAL_SOURCE>\Desktop\RCG-ED\04_STAGE_C\data_short\stage_c_structural\STR_066\instances\stress_N0200_A100_C050_DH_O110_S20268066,2b0ab198b98907cdeac211a053b8af709e397bf68134cea8d9a0ca67738315bd,2b0ab198b98907cdeac211a053b8af709e397bf68134cea8d9a0ca67738315bd,True,True,,True,reused
STR_067,main_factorial,67,stress_N0200_A100_C080_DL_O090_S20268067,200,1.0,0.8,L,0.9,20268067,<WITHHELD_LOCAL_SOURCE>\Desktop\RCG-ED\04_STAGE_C\data_short\stage_c_structural\STR_067\instances\stress_N0200_A100_C080_DL_O090_S20268067,05bfc7072b7884aed2f3ac5fa69a451274a6248f1d80ad61e89e724c6678a7a7,05bfc7072b7884aed2f3ac5fa69a451274a6248f1d80ad61e89e724c6678a7a7,True,True,,True,reused
STR_068,main_factorial,68,stress_N0200_A100_C080_DL_O110_S20268068,200,1.0,0.8,L,1.1,20268068,<WITHHELD_LOCAL_SOURCE>\Desktop\RCG-ED\04_STAGE_C\data_short\stage_c_structural\STR_068\instances\stress_N0200_A100_C080_DL_O110_S20268068,7765d2f4dc26408ddd2713587208cb2fe28ada92ce282d75c9d781b7aa7414a0,7765d2f4dc26408ddd2713587208cb2fe28ada92ce282d75c9d781b7aa7414a0,True,True,,True,reused
STR_069,main_factorial,69,stress_N0200_A100_C080_DM_O090_S20268069,200,1.0,0.8,M,0.9,20268069,<WITHHELD_LOCAL_SOURCE>\Desktop\RCG-ED\04_STAGE_C\data_short\stage_c_structural\STR_069\instances\stress_N0200_A100_C080_DM_O090_S20268069,ad3ddad48ac8a15b6079251ea69e85310b99d0b37c037e440d7035c3cfa4b923,ad3ddad48ac8a15b6079251ea69e85310b99d0b37c037e440d7035c3cfa4b923,True,True,,True,reused
STR_070,main_factorial,70,stress_N0200_A100_C080_DM_O110_S20268070,200,1.0,0.8,M,1.1,20268070,<WITHHELD_LOCAL_SOURCE>\Desktop\RCG-ED\04_STAGE_C\data_short\stage_c_structural\STR_070\instances\stress_N0200_A100_C080_DM_O110_S20268070,107468a7d5942954de8540d38d541d1ec1b50a3f28d91b440721320be040030e,107468a7d5942954de8540d38d541d1ec1b50a3f28d91b440721320be040030e,True,True,,True,reused
STR_071,main_factorial,71,stress_N0200_A100_C080_DH_O090_S20268071,200,1.0,0.8,H,0.9,20268071,<WITHHELD_LOCAL_SOURCE>\Desktop\RCG-ED\04_STAGE_C\data_short\stage_c_structural\STR_071\instances\stress_N0200_A100_C080_DH_O090_S20268071,d07f78b4cd1a0fa65af5bde46e699bbd3b8453d40357383864f4d9b84e8223f9,d07f78b4cd1a0fa65af5bde46e699bbd3b8453d40357383864f4d9b84e8223f9,True,True,,True,reused
STR_072,main_factorial,72,stress_N0200_A100_C080_DH_O110_S20268072,200,1.0,0.8,H,1.1,20268072,<WITHHELD_LOCAL_SOURCE>\Desktop\RCG-ED\04_STAGE_C\data_short\stage_c_structural\STR_072\instances\stress_N0200_A100_C080_DH_O110_S20268072,cc54d1b8fb61d3821ab554baf4bd622eeab4216a08b3ada1b39e4a5f29ff94b0,cc54d1b8fb61d3821ab554baf4bd622eeab4216a08b3ada1b39e4a5f29ff94b0,True,True,,True,reused
STR_073,main_factorial,73,stress_N0400_A050_C050_DL_O090_S20268073,400,0.5,0.5,L,0.9,20268073,<WITHHELD_LOCAL_SOURCE>\Desktop\RCG-ED\04_STAGE_C\data_short\stage_c_structural\STR_073\instances\stress_N0400_A050_C050_DL_O090_S20268073,31e1ce75e7d7aef6e9a1577d73bde6159665e06df400a26f198262742da8d01b,31e1ce75e7d7aef6e9a1577d73bde6159665e06df400a26f198262742da8d01b,True,True,,True,reused
STR_074,main_factorial,74,stress_N0400_A050_C050_DL_O110_S20268074,400,0.5,0.5,L,1.1,20268074,<WITHHELD_LOCAL_SOURCE>\Desktop\RCG-ED\04_STAGE_C\data_short\stage_c_structural\STR_074\instances\stress_N0400_A050_C050_DL_O110_S20268074,f958a4b96f190299c4f2ee9d612d86f31fe4cfe78332d06fa22adc032895ff3f,f958a4b96f190299c4f2ee9d612d86f31fe4cfe78332d06fa22adc032895ff3f,True,True,,True,reused
STR_075,main_factorial,75,stress_N0400_A050_C050_DM_O090_S20268075,400,0.5,0.5,M,0.9,20268075,<WITHHELD_LOCAL_SOURCE>\Desktop\RCG-ED\04_STAGE_C\data_short\stage_c_structural\STR_075\instances\stress_N0400_A050_C050_DM_O090_S20268075,679d92797d4be9a840436ec67c898f5cf483f45c63beda81bc3f7fd4c08b1f35,679d92797d4be9a840436ec67c898f5cf483f45c63beda81bc3f7fd4c08b1f35,True,True,,True,reused
STR_076,main_factorial,76,stress_N0400_A050_C050_DM_O110_S20268076,400,0.5,0.5,M,1.1,20268076,<WITHHELD_LOCAL_SOURCE>\Desktop\RCG-ED\04_STAGE_C\data_short\stage_c_structural\STR_076\instances\stress_N0400_A050_C050_DM_O110_S20268076,b813411fedb4b6236d2e54dfe4171dae5478a9e45c4bc670c47f2d9b51bd18ba,b813411fedb4b6236d2e54dfe4171dae5478a9e45c4bc670c47f2d9b51bd18ba,True,True,,True,reused
STR_077,main_factorial,77,stress_N0400_A050_C050_DH_O090_S20268077,400,0.5,0.5,H,0.9,20268077,<WITHHELD_LOCAL_SOURCE>\Desktop\RCG-ED\04_STAGE_C\data_short\stage_c_structural\STR_077\instances\stress_N0400_A050_C050_DH_O090_S20268077,f451ce0cd7e4fc60cedbfba45ceb4fca603f3b59a9139c62c1b45a46f6947eab,f451ce0cd7e4fc60cedbfba45ceb4fca603f3b59a9139c62c1b45a46f6947eab,True,True,,True,reused
STR_078,main_factorial,78,stress_N0400_A050_C050_DH_O110_S20268078,400,0.5,0.5,H,1.1,20268078,<WITHHELD_LOCAL_SOURCE>\Desktop\RCG-ED\04_STAGE_C\data_short\stage_c_structural\STR_078\instances\stress_N0400_A050_C050_DH_O110_S20268078,b3ecafcf8361c4d263bda8b2ac0dc0d8762f3697b83cd364f540594fec1a5578,b3ecafcf8361c4d263bda8b2ac0dc0d8762f3697b83cd364f540594fec1a5578,True,True,,True,reused
STR_079,main_factorial,79,stress_N0400_A050_C080_DL_O090_S20268079,400,0.5,0.8,L,0.9,20268079,<WITHHELD_LOCAL_SOURCE>\Desktop\RCG-ED\04_STAGE_C\data_short\stage_c_structural\STR_079\instances\stress_N0400_A050_C080_DL_O090_S20268079,583f47f68d9a795ad2ffc36aa1dcbd8ed28bfda1ba3862354f39a7f3f0b71bce,583f47f68d9a795ad2ffc36aa1dcbd8ed28bfda1ba3862354f39a7f3f0b71bce,True,True,,True,reused
STR_080,main_factorial,80,stress_N0400_A050_C080_DL_O110_S20268080,400,0.5,0.8,L,1.1,20268080,<WITHHELD_LOCAL_SOURCE>\Desktop\RCG-ED\04_STAGE_C\data_short\stage_c_structural\STR_080\instances\stress_N0400_A050_C080_DL_O110_S20268080,9f3e100dd3e7085e5591f1802e1f769c8d9fb563f48bd130d5105e3eafeeb892,9f3e100dd3e7085e5591f1802e1f769c8d9fb563f48bd130d5105e3eafeeb892,True,True,,True,reused
STR_081,main_factorial,81,stress_N0400_A050_C080_DM_O090_S20268081,400,0.5,0.8,M,0.9,20268081,<WITHHELD_LOCAL_SOURCE>\Desktop\RCG-ED\04_STAGE_C\data_short\stage_c_structural\STR_081\instances\stress_N0400_A050_C080_DM_O090_S20268081,1079c0d973e37d5f19e6d2e1fbd40f037593f612f8727624c6f6843fd8d9c63c,1079c0d973e37d5f19e6d2e1fbd40f037593f612f8727624c6f6843fd8d9c63c,True,True,,True,reused
STR_082,main_factorial,82,stress_N0400_A050_C080_DM_O110_S20268082,400,0.5,0.8,M,1.1,20268082,<WITHHELD_LOCAL_SOURCE>\Desktop\RCG-ED\04_STAGE_C\data_short\stage_c_structural\STR_082\instances\stress_N0400_A050_C080_DM_O110_S20268082,9e0f0c4f52b69dbb4244d0183b64f5711eec5569d5059dc40868b269d5d732b2,9e0f0c4f52b69dbb4244d0183b64f5711eec5569d5059dc40868b269d5d732b2,True,True,,True,reused
STR_083,main_factorial,83,stress_N0400_A050_C080_DH_O090_S20268083,400,0.5,0.8,H,0.9,20268083,<WITHHELD_LOCAL_SOURCE>\Desktop\RCG-ED\04_STAGE_C\data_short\stage_c_structural\STR_083\instances\stress_N0400_A050_C080_DH_O090_S20268083,2d189b1722e4120ba016dcd74a2ae77c182d8137c031025cf13cdd3ef4e2c690,2d189b1722e4120ba016dcd74a2ae77c182d8137c031025cf13cdd3ef4e2c690,True,True,,True,reused
STR_084,main_factorial,84,stress_N0400_A050_C080_DH_O110_S20268084,400,0.5,0.8,H,1.1,20268084,<WITHHELD_LOCAL_SOURCE>\Desktop\RCG-ED\04_STAGE_C\data_short\stage_c_structural\STR_084\instances\stress_N0400_A050_C080_DH_O110_S20268084,c86316d622d2a13d9db471e954bac3f8015573115d5d8d8c9982d69f85c771f0,c86316d622d2a13d9db471e954bac3f8015573115d5d8d8c9982d69f85c771f0,True,True,,True,reused
STR_085,main_factorial,85,stress_N0400_A080_C050_DL_O090_S20268085,400,0.8,0.5,L,0.9,20268085,<WITHHELD_LOCAL_SOURCE>\Desktop\RCG-ED\04_STAGE_C\data_short\stage_c_structural\STR_085\instances\stress_N0400_A080_C050_DL_O090_S20268085,e7b18aac82c76a0e933247cad850857a567da060ec230371a273985fdf414cac,e7b18aac82c76a0e933247cad850857a567da060ec230371a273985fdf414cac,True,True,,True,reused
STR_086,main_factorial,86,stress_N0400_A080_C050_DL_O110_S20268086,400,0.8,0.5,L,1.1,20268086,<WITHHELD_LOCAL_SOURCE>\Desktop\RCG-ED\04_STAGE_C\data_short\stage_c_structural\STR_086\instances\stress_N0400_A080_C050_DL_O110_S20268086,51ad6ae1924b87e8d786a1c0d40ab5afd391284fcb77e7026fff085403f620c4,51ad6ae1924b87e8d786a1c0d40ab5afd391284fcb77e7026fff085403f620c4,True,True,,True,reused
STR_087,main_factorial,87,stress_N0400_A080_C050_DM_O090_S20268087,400,0.8,0.5,M,0.9,20268087,<WITHHELD_LOCAL_SOURCE>\Desktop\RCG-ED\04_STAGE_C\data_short\stage_c_structural\STR_087\instances\stress_N0400_A080_C050_DM_O090_S20268087,09d65ae99f75392f9b38d2d246c64180778019d11afbb509013a713af85aa7c6,09d65ae99f75392f9b38d2d246c64180778019d11afbb509013a713af85aa7c6,True,True,,True,reused
STR_088,main_factorial,88,stress_N0400_A080_C050_DM_O110_S20268088,400,0.8,0.5,M,1.1,20268088,<WITHHELD_LOCAL_SOURCE>\Desktop\RCG-ED\04_STAGE_C\data_short\stage_c_structural\STR_088\instances\stress_N0400_A080_C050_DM_O110_S20268088,82ef8d4de6176aed5b8701089199f24865faad43bc553be64c085109412e2853,82ef8d4de6176aed5b8701089199f24865faad43bc553be64c085109412e2853,True,True,,True,reused
STR_089,main_factorial,89,stress_N0400_A080_C050_DH_O090_S20268089,400,0.8,0.5,H,0.9,20268089,<WITHHELD_LOCAL_SOURCE>\Desktop\RCG-ED\04_STAGE_C\data_short\stage_c_structural\STR_089\instances\stress_N0400_A080_C050_DH_O090_S20268089,cdeab07ca6b06c7182606795b04a35f84a63183295b8c12a1bbc211fe25872b8,cdeab07ca6b06c7182606795b04a35f84a63183295b8c12a1bbc211fe25872b8,True,True,,True,reused
STR_090,main_factorial,90,stress_N0400_A080_C050_DH_O110_S20268090,400,0.8,0.5,H,1.1,20268090,<WITHHELD_LOCAL_SOURCE>\Desktop\RCG-ED\04_STAGE_C\data_short\stage_c_structural\STR_090\instances\stress_N0400_A080_C050_DH_O110_S20268090,224be47cb89dfe2e35a3032e2fdff90ca529fb32579d2599e06d60b4018a9057,224be47cb89dfe2e35a3032e2fdff90ca529fb32579d2599e06d60b4018a9057,True,True,,True,reused
STR_091,main_factorial,91,stress_N0400_A080_C080_DL_O090_S20268091,400,0.8,0.8,L,0.9,20268091,<WITHHELD_LOCAL_SOURCE>\Desktop\RCG-ED\04_STAGE_C\data_short\stage_c_structural\STR_091\instances\stress_N0400_A080_C080_DL_O090_S20268091,91bb2a4129389470c3d541b45b0e7962edd5a779f0c9e9c3d07d92d67906751c,91bb2a4129389470c3d541b45b0e7962edd5a779f0c9e9c3d07d92d67906751c,True,True,,True,reused
STR_092,main_factorial,92,stress_N0400_A080_C080_DL_O110_S20268092,400,0.8,0.8,L,1.1,20268092,<WITHHELD_LOCAL_SOURCE>\Desktop\RCG-ED\04_STAGE_C\data_short\stage_c_structural\STR_092\instances\stress_N0400_A080_C080_DL_O110_S20268092,c273a2ed96dfe3ddea5ad8c7f888b6c72157c5438a68a9aca8ffc5f050ad59c5,c273a2ed96dfe3ddea5ad8c7f888b6c72157c5438a68a9aca8ffc5f050ad59c5,True,True,,True,reused
STR_093,main_factorial,93,stress_N0400_A080_C080_DM_O090_S20268093,400,0.8,0.8,M,0.9,20268093,<WITHHELD_LOCAL_SOURCE>\Desktop\RCG-ED\04_STAGE_C\data_short\stage_c_structural\STR_093\instances\stress_N0400_A080_C080_DM_O090_S20268093,43d8b2cd3d313d12e61e9ed92aedc766aecfd13db73c280817842eddebba4bdb,43d8b2cd3d313d12e61e9ed92aedc766aecfd13db73c280817842eddebba4bdb,True,True,,True,reused
STR_094,main_factorial,94,stress_N0400_A080_C080_DM_O110_S20268094,400,0.8,0.8,M,1.1,20268094,<WITHHELD_LOCAL_SOURCE>\Desktop\RCG-ED\04_STAGE_C\data_short\stage_c_structural\STR_094\instances\stress_N0400_A080_C080_DM_O110_S20268094,886530d7f5b7b0e5bd6378070165932d4c2c70d4d4abbeefccf17bddd7ba74f0,886530d7f5b7b0e5bd6378070165932d4c2c70d4d4abbeefccf17bddd7ba74f0,True,True,,True,reused
STR_095,main_factorial,95,stress_N0400_A080_C080_DH_O090_S20268095,400,0.8,0.8,H,0.9,20268095,<WITHHELD_LOCAL_SOURCE>\Desktop\RCG-ED\04_STAGE_C\data_short\stage_c_structural\STR_095\instances\stress_N0400_A080_C080_DH_O090_S20268095,cb2edfb600a1631fad6e5ca12990ee9fa03d4ddbcd6640d60d0aa2c0f461add5,cb2edfb600a1631fad6e5ca12990ee9fa03d4ddbcd6640d60d0aa2c0f461add5,True,True,,True,reused
STR_096,main_factorial,96,stress_N0400_A080_C080_DH_O110_S20268096,400,0.8,0.8,H,1.1,20268096,<WITHHELD_LOCAL_SOURCE>\Desktop\RCG-ED\04_STAGE_C\data_short\stage_c_structural\STR_096\instances\stress_N0400_A080_C080_DH_O110_S20268096,67149eb1a2e976f1e4cbf9c5558ed4f4be0f1f733d7db2bd1b2e8e4a10671f4c,67149eb1a2e976f1e4cbf9c5558ed4f4be0f1f733d7db2bd1b2e8e4a10671f4c,True,True,,True,reused
STR_097,main_factorial,97,stress_N0400_A100_C050_DL_O090_S20268097,400,1.0,0.5,L,0.9,20268097,<WITHHELD_LOCAL_SOURCE>\Desktop\RCG-ED\04_STAGE_C\data_short\stage_c_structural\STR_097\instances\stress_N0400_A100_C050_DL_O090_S20268097,51ee450ae586549b7fc7bfa53d3ad73e134c0da2b97b7709f8452d2a0752c902,51ee450ae586549b7fc7bfa53d3ad73e134c0da2b97b7709f8452d2a0752c902,True,True,,True,reused
STR_098,main_factorial,98,stress_N0400_A100_C050_DL_O110_S20268098,400,1.0,0.5,L,1.1,20268098,<WITHHELD_LOCAL_SOURCE>\Desktop\RCG-ED\04_STAGE_C\data_short\stage_c_structural\STR_098\instances\stress_N0400_A100_C050_DL_O110_S20268098,4f4d61d541b775177053ceefa3146fdd8a212c053276343d080b571a37c3ed34,4f4d61d541b775177053ceefa3146fdd8a212c053276343d080b571a37c3ed34,True,True,,True,reused
STR_099,main_factorial,99,stress_N0400_A100_C050_DM_O090_S20268099,400,1.0,0.5,M,0.9,20268099,<WITHHELD_LOCAL_SOURCE>\Desktop\RCG-ED\04_STAGE_C\data_short\stage_c_structural\STR_099\instances\stress_N0400_A100_C050_DM_O090_S20268099,adbbd4ffbd376456aaaa9b4063849e36951c158e56248d5b994970394a29a6c8,adbbd4ffbd376456aaaa9b4063849e36951c158e56248d5b994970394a29a6c8,True,True,,True,reused
STR_100,main_factorial,100,stress_N0400_A100_C050_DM_O110_S20268100,400,1.0,0.5,M,1.1,20268100,<WITHHELD_LOCAL_SOURCE>\Desktop\RCG-ED\04_STAGE_C\data_short\stage_c_structural\STR_100\instances\stress_N0400_A100_C050_DM_O110_S20268100,2900813678e7757c943ab3be991493769d7095bdba3e78a149c505dc40d2a9d7,2900813678e7757c943ab3be991493769d7095bdba3e78a149c505dc40d2a9d7,True,True,,True,reused
STR_101,main_factorial,101,stress_N0400_A100_C050_DH_O090_S20268101,400,1.0,0.5,H,0.9,20268101,<WITHHELD_LOCAL_SOURCE>\Desktop\RCG-ED\04_STAGE_C\data_short\stage_c_structural\STR_101\instances\stress_N0400_A100_C050_DH_O090_S20268101,2a41beff58bb5d25d855416f6012db92e09c43c11e53a1751d9d3a7adf5df4b0,2a41beff58bb5d25d855416f6012db92e09c43c11e53a1751d9d3a7adf5df4b0,True,True,,True,reused
STR_102,main_factorial,102,stress_N0400_A100_C050_DH_O110_S20268102,400,1.0,0.5,H,1.1,20268102,<WITHHELD_LOCAL_SOURCE>\Desktop\RCG-ED\04_STAGE_C\data_short\stage_c_structural\STR_102\instances\stress_N0400_A100_C050_DH_O110_S20268102,c582bcbe13827962e7eb6e416a06182806a4222d78e3f858be3fe36d7c555baf,c582bcbe13827962e7eb6e416a06182806a4222d78e3f858be3fe36d7c555baf,True,True,,True,reused
STR_103,main_factorial,103,stress_N0400_A100_C080_DL_O090_S20268103,400,1.0,0.8,L,0.9,20268103,<WITHHELD_LOCAL_SOURCE>\Desktop\RCG-ED\04_STAGE_C\data_short\stage_c_structural\STR_103\instances\stress_N0400_A100_C080_DL_O090_S20268103,dac6d7604dd42d254d20b91453617d1ca04a76820fbe7773d8ee1a65493155f1,dac6d7604dd42d254d20b91453617d1ca04a76820fbe7773d8ee1a65493155f1,True,True,,True,reused
STR_104,main_factorial,104,stress_N0400_A100_C080_DL_O110_S20268104,400,1.0,0.8,L,1.1,20268104,<WITHHELD_LOCAL_SOURCE>\Desktop\RCG-ED\04_STAGE_C\data_short\stage_c_structural\STR_104\instances\stress_N0400_A100_C080_DL_O110_S20268104,c21edf4e0387166609cd3dcef900698cb574bd5e8bf3a8f9116cb6bf75ced682,c21edf4e0387166609cd3dcef900698cb574bd5e8bf3a8f9116cb6bf75ced682,True,True,,True,reused
STR_105,main_factorial,105,stress_N0400_A100_C080_DM_O090_S20268105,400,1.0,0.8,M,0.9,20268105,<WITHHELD_LOCAL_SOURCE>\Desktop\RCG-ED\04_STAGE_C\data_short\stage_c_structural\STR_105\instances\stress_N0400_A100_C080_DM_O090_S20268105,384446b5cd660f1f320a63bb6bf5e49d088f5fe863f2a8498d1ea9b227793d7b,384446b5cd660f1f320a63bb6bf5e49d088f5fe863f2a8498d1ea9b227793d7b,True,True,,True,reused
STR_106,main_factorial,106,stress_N0400_A100_C080_DM_O110_S20268106,400,1.0,0.8,M,1.1,20268106,<WITHHELD_LOCAL_SOURCE>\Desktop\RCG-ED\04_STAGE_C\data_short\stage_c_structural\STR_106\instances\stress_N0400_A100_C080_DM_O110_S20268106,dd804d529e4d72d9f22d7c47df2f10532c097484d3dac982692441281e091687,dd804d529e4d72d9f22d7c47df2f10532c097484d3dac982692441281e091687,True,True,,True,reused
STR_107,main_factorial,107,stress_N0400_A100_C080_DH_O090_S20268107,400,1.0,0.8,H,0.9,20268107,<WITHHELD_LOCAL_SOURCE>\Desktop\RCG-ED\04_STAGE_C\data_short\stage_c_structural\STR_107\instances\stress_N0400_A100_C080_DH_O090_S20268107,41fcb611d113d0d8b3f9a50786c9b3ce1999e7657aef319b5c38bec823c26c63,41fcb611d113d0d8b3f9a50786c9b3ce1999e7657aef319b5c38bec823c26c63,True,True,,True,reused
STR_108,main_factorial,108,stress_N0400_A100_C080_DH_O110_S20268108,400,1.0,0.8,H,1.1,20268108,<WITHHELD_LOCAL_SOURCE>\Desktop\RCG-ED\04_STAGE_C\data_short\stage_c_structural\STR_108\instances\stress_N0400_A100_C080_DH_O110_S20268108,b86164b1a150e3ca5bfb53d50356804d18eb2b5d039eff3c4f3caa23f5260e10,b86164b1a150e3ca5bfb53d50356804d18eb2b5d039eff3c4f3caa23f5260e10,True,True,,True,reused
REP_01,independent_replication,109,stress_N0100_A050_C050_DL_O090_S20269001,100,0.5,0.5,L,0.9,20269001,<WITHHELD_LOCAL_SOURCE>\Desktop\RCG-ED\04_STAGE_C\data_short\stage_c_structural\REP_01\instances\stress_N0100_A050_C050_DL_O090_S20269001,2b80c8ac91729ed75adb3d4beeb0824a21a9f03ae6147eeae074f83bc4f39878,2b80c8ac91729ed75adb3d4beeb0824a21a9f03ae6147eeae074f83bc4f39878,True,True,,True,reused
REP_02,independent_replication,110,stress_N0100_A050_C080_DH_O110_S20269002,100,0.5,0.8,H,1.1,20269002,<WITHHELD_LOCAL_SOURCE>\Desktop\RCG-ED\04_STAGE_C\data_short\stage_c_structural\REP_02\instances\stress_N0100_A050_C080_DH_O110_S20269002,bc1e6ff1ba7028bc7378df469ad5e5b695901f83ee0339268b16eb44a8bc604b,bc1e6ff1ba7028bc7378df469ad5e5b695901f83ee0339268b16eb44a8bc604b,True,True,,True,reused
REP_03,independent_replication,111,stress_N0100_A080_C050_DM_O090_S20269003,100,0.8,0.5,M,0.9,20269003,<WITHHELD_LOCAL_SOURCE>\Desktop\RCG-ED\04_STAGE_C\data_short\stage_c_structural\REP_03\instances\stress_N0100_A080_C050_DM_O090_S20269003,c89931f80b013efd444b9958525043c78c8dd3298819b190089e265ecb1ade1d,c89931f80b013efd444b9958525043c78c8dd3298819b190089e265ecb1ade1d,True,True,,True,reused
REP_04,independent_replication,112,stress_N0100_A080_C080_DM_O110_S20269004,100,0.8,0.8,M,1.1,20269004,<WITHHELD_LOCAL_SOURCE>\Desktop\RCG-ED\04_STAGE_C\data_short\stage_c_structural\REP_04\instances\stress_N0100_A080_C080_DM_O110_S20269004,9e597dba28249320f35b7815aa344d076e67dc8e1374f52d8b065e0fffeda057,9e597dba28249320f35b7815aa344d076e67dc8e1374f52d8b065e0fffeda057,True,True,,True,reused
REP_05,independent_replication,113,stress_N0100_A100_C050_DH_O110_S20269005,100,1.0,0.5,H,1.1,20269005,<WITHHELD_LOCAL_SOURCE>\Desktop\RCG-ED\04_STAGE_C\data_short\stage_c_structural\REP_05\instances\stress_N0100_A100_C050_DH_O110_S20269005,90b7948c4ed49b58c39222ee0d043120edb03a008fed0f780fa55ae5055cc1bf,90b7948c4ed49b58c39222ee0d043120edb03a008fed0f780fa55ae5055cc1bf,True,True,,True,reused
REP_06,independent_replication,114,stress_N0100_A100_C080_DL_O090_S20269006,100,1.0,0.8,L,0.9,20269006,<WITHHELD_LOCAL_SOURCE>\Desktop\RCG-ED\04_STAGE_C\data_short\stage_c_structural\REP_06\instances\stress_N0100_A100_C080_DL_O090_S20269006,4cf68725dfe738231c5a99ff63a8328642208f438c9840bfc7d33ba3b60bb266,4cf68725dfe738231c5a99ff63a8328642208f438c9840bfc7d33ba3b60bb266,True,True,,True,reused
REP_07,independent_replication,115,stress_N0200_A050_C050_DL_O090_S20269007,200,0.5,0.5,L,0.9,20269007,<WITHHELD_LOCAL_SOURCE>\Desktop\RCG-ED\04_STAGE_C\data_short\stage_c_structural\REP_07\instances\stress_N0200_A050_C050_DL_O090_S20269007,490ea91d45717209df11c637d3cd0b8dfff4f8bbf8e6da970f4e69d0487c1ac4,490ea91d45717209df11c637d3cd0b8dfff4f8bbf8e6da970f4e69d0487c1ac4,True,True,,True,reused
REP_08,independent_replication,116,stress_N0200_A050_C080_DH_O110_S20269008,200,0.5,0.8,H,1.1,20269008,<WITHHELD_LOCAL_SOURCE>\Desktop\RCG-ED\04_STAGE_C\data_short\stage_c_structural\REP_08\instances\stress_N0200_A050_C080_DH_O110_S20269008,9883c1cd30fe65daded676185ad1ce612cef77f08ab8a77d40817f1bb20634dc,9883c1cd30fe65daded676185ad1ce612cef77f08ab8a77d40817f1bb20634dc,True,True,,True,reused
REP_09,independent_replication,117,stress_N0200_A080_C050_DM_O090_S20269009,200,0.8,0.5,M,0.9,20269009,<WITHHELD_LOCAL_SOURCE>\Desktop\RCG-ED\04_STAGE_C\data_short\stage_c_structural\REP_09\instances\stress_N0200_A080_C050_DM_O090_S20269009,8699667509e7a93b7de76ebf01831ee6c47490b2b4972fc7023ada549af9b938,8699667509e7a93b7de76ebf01831ee6c47490b2b4972fc7023ada549af9b938,True,True,,True,reused
REP_10,independent_replication,118,stress_N0200_A080_C080_DM_O110_S20269010,200,0.8,0.8,M,1.1,20269010,<WITHHELD_LOCAL_SOURCE>\Desktop\RCG-ED\04_STAGE_C\data_short\stage_c_structural\REP_10\instances\stress_N0200_A080_C080_DM_O110_S20269010,e4a2ab28a3567bbfed0d2ec2f964667154ebf0f3bc82c33c7f7cd0db32fb3c72,e4a2ab28a3567bbfed0d2ec2f964667154ebf0f3bc82c33c7f7cd0db32fb3c72,True,True,,True,reused
REP_11,independent_replication,119,stress_N0200_A100_C050_DH_O110_S20269011,200,1.0,0.5,H,1.1,20269011,<WITHHELD_LOCAL_SOURCE>\Desktop\RCG-ED\04_STAGE_C\data_short\stage_c_structural\REP_11\instances\stress_N0200_A100_C050_DH_O110_S20269011,1f3fb9d18272c27010844d0a24608fba90392012e6c2caf73cb95c4ed207b893,1f3fb9d18272c27010844d0a24608fba90392012e6c2caf73cb95c4ed207b893,True,True,,True,reused
REP_12,independent_replication,120,stress_N0200_A100_C080_DL_O090_S20269012,200,1.0,0.8,L,0.9,20269012,<WITHHELD_LOCAL_SOURCE>\Desktop\RCG-ED\04_STAGE_C\data_short\stage_c_structural\REP_12\instances\stress_N0200_A100_C080_DL_O090_S20269012,83f0f0940bc11b6b18aa4d46a80229e70bf3808b9bcbb8bfc0f0e653957d2066,83f0f0940bc11b6b18aa4d46a80229e70bf3808b9bcbb8bfc0f0e653957d2066,True,True,,True,reused
REP_13,independent_replication,121,stress_N0400_A050_C050_DL_O090_S20269013,400,0.5,0.5,L,0.9,20269013,<WITHHELD_LOCAL_SOURCE>\Desktop\RCG-ED\04_STAGE_C\data_short\stage_c_structural\REP_13\instances\stress_N0400_A050_C050_DL_O090_S20269013,3b3a248c1ac6ad39351f426f1d33065b47ded155929b8af9cb10496a481385c0,3b3a248c1ac6ad39351f426f1d33065b47ded155929b8af9cb10496a481385c0,True,True,,True,reused
REP_14,independent_replication,122,stress_N0400_A050_C080_DH_O110_S20269014,400,0.5,0.8,H,1.1,20269014,<WITHHELD_LOCAL_SOURCE>\Desktop\RCG-ED\04_STAGE_C\data_short\stage_c_structural\REP_14\instances\stress_N0400_A050_C080_DH_O110_S20269014,c0aa3c1ca55c7dee1029d7641909805db07c955747c521aac2fce19be67849af,c0aa3c1ca55c7dee1029d7641909805db07c955747c521aac2fce19be67849af,True,True,,True,reused
REP_15,independent_replication,123,stress_N0400_A080_C050_DM_O090_S20269015,400,0.8,0.5,M,0.9,20269015,<WITHHELD_LOCAL_SOURCE>\Desktop\RCG-ED\04_STAGE_C\data_short\stage_c_structural\REP_15\instances\stress_N0400_A080_C050_DM_O090_S20269015,456d30d3e357d5dbd42cbc3832099cffd79f9e7d1cb1f04060be71475170a8d2,456d30d3e357d5dbd42cbc3832099cffd79f9e7d1cb1f04060be71475170a8d2,True,True,,True,reused
REP_16,independent_replication,124,stress_N0400_A080_C080_DM_O110_S20269016,400,0.8,0.8,M,1.1,20269016,<WITHHELD_LOCAL_SOURCE>\Desktop\RCG-ED\04_STAGE_C\data_short\stage_c_structural\REP_16\instances\stress_N0400_A080_C080_DM_O110_S20269016,2fd915f3658d15e531f7de4b4e7028caf8792ba7d2073cefc452fa637e269496,2fd915f3658d15e531f7de4b4e7028caf8792ba7d2073cefc452fa637e269496,True,True,,True,reused
REP_17,independent_replication,125,stress_N0400_A100_C050_DH_O110_S20269017,400,1.0,0.5,H,1.1,20269017,<WITHHELD_LOCAL_SOURCE>\Desktop\RCG-ED\04_STAGE_C\data_short\stage_c_structural\REP_17\instances\stress_N0400_A100_C050_DH_O110_S20269017,be04268604a656588ee5a7e2c7b33e62180ea74e95cef29e3618462d79d77260,be04268604a656588ee5a7e2c7b33e62180ea74e95cef29e3618462d79d77260,True,True,,True,reused
REP_18,independent_replication,126,stress_N0400_A100_C080_DL_O090_S20269018,400,1.0,0.8,L,0.9,20269018,<WITHHELD_LOCAL_SOURCE>\Desktop\RCG-ED\04_STAGE_C\data_short\stage_c_structural\REP_18\instances\stress_N0400_A100_C080_DL_O090_S20269018,fd7b2097d442fea33c2d40a5faf98e27dbd00fa56ad2f2b28834110fd0d53300,fd7b2097d442fea33c2d40a5faf98e27dbd00fa56ad2f2b28834110fd0d53300,True,True,,True,reused
