complete,stage,case_id,block,generation_order,instance_id,N,admission,compatibility,dag_density,outsource_multiplier,instance_seed,method,repeat,status,returncode,process_timed_out,success,certificate,objective,UB,LB,gap,runtime_s,external_wall_s,validation_passed,root_seconds,network_filter_seconds,filtered_compact_build_seconds,filtered_compact_mip_seconds,pricing_profile_count,pricing_cache_hit_count,profile_equivalence_verified,full_vehicle_exact_pricing,true_dual_verified,negative_candidate_count,route_count,used_vehicle_count,self_task_count,outsource_task_count,self_task_share,outsource_task_share,self_loaded_distance_km,outsource_loaded_distance_km,assignment_complete,unassigned_task_count,duplicated_assignment_count,instance_sha256,configuration_sha256,completed_at,reference_method,reference_objective,objective_matches_certified_reference,compact_status,compact_certificate,compact_objective,compact_LB,compact_gap,compact_runtime_s,objective_matches_compact,compact_speedup_comparable,compact_over_ecp_time,frozen_rcg_status,frozen_rcg_certificate,frozen_rcg_objective,frozen_rcg_runtime_s,ECP_result_origin,compact_result_origin,frozen_rcg_result_origin
True,C,STR_001,main_factorial,1,stress_N0100_A050_C050_DL_O090_S20268001,100,0.5,0.5,L,0.9,20268001,ECP-RCF,1,CERTIFIED_OPTIMAL,0,False,True,True,831646.2227715607,831646.2227715607,831646.2227715607,0.0,0.2141455999953905,0.43895250000059605,True,0.21342469999217428,0.0,0.0,0.0,25,0,True,True,True,0,25,25,39,61,0.39,0.61,35138.0,40298.0,True,0,0,2dc55d655bd06efbd78f1d6519eb395f68ce78cb2112fee4f8b32b6323d93b9e,0b78893f38ce3579c70d954bfe0beecf0ff705e5b253d162381f1ba040447ba0,2026-07-21T06:29:44+08:00,frozen RCG-ED,831646.2227715605,True,OPTIMAL,True,831646.222771561,831646.2227715609,1.3998178388758475e-16,0.6994236000000456,True,True,3.2661124020997896,OPTIMAL,True,831646.2227715605,0.38520150000022113,new_ecp_formal_run,reused_frozen_baseline,historical_algorithm_result
True,C,STR_002,main_factorial,2,stress_N0100_A050_C050_DL_O110_S20268002,100,0.5,0.5,L,1.1,20268002,ECP-RCF,1,CERTIFIED_OPTIMAL,0,False,True,True,816112.5361579937,816112.5361579937,816112.5361579937,0.0,0.19211220000579488,0.37904230000276584,True,0.1913442000077339,0.0,0.0,0.0,25,0,True,True,True,0,25,25,45,55,0.45,0.55,31841.0,33355.0,True,0,0,2840470b41d88f02e19cbf5958d3be1052d762d77362207782776bda2536c9d5,ab1ad7e318f72d7e8bd48ac167571e22bba361cd18b261d27901d62ff1704135,2026-07-21T06:29:45+08:00,frozen RCG-ED,816112.5361579937,True,OPTIMAL,True,816112.536157993,816112.536157993,0.0,0.6091747000000396,True,True,3.170931882419047,OPTIMAL,True,816112.5361579937,0.3647750999998607,new_ecp_formal_run,reused_frozen_baseline,historical_algorithm_result
True,C,STR_003,main_factorial,3,stress_N0100_A050_C050_DM_O090_S20268003,100,0.5,0.5,M,0.9,20268003,ECP-RCF,1,CERTIFIED_OPTIMAL,0,False,True,True,760947.2441775727,760947.2441775727,760947.2441775727,0.0,0.2594224999920698,0.44466180000745226,True,0.25842939999711234,0.0,0.0,0.0,25,0,True,True,True,0,25,25,45,55,0.45,0.55,36288.0,33634.0,True,0,0,3c6ca0e17ab49aaba54e4d2c4f4c3e58ed4531512399c8c26ce1f3ee1fec9240,7667f71e405a6412264836751fdbbf392e553f3d68971e46e23c4ab9daeb8152,2026-07-21T06:29:45+08:00,frozen RCG-ED,760947.2441775724,True,OPTIMAL,True,760947.2441775728,760947.2441775727,1.529873755607799e-16,0.7699533999998494,True,True,2.9679515077658487,OPTIMAL,True,760947.2441775724,0.39828469999974914,new_ecp_formal_run,reused_frozen_baseline,historical_algorithm_result
True,C,STR_004,main_factorial,4,stress_N0100_A050_C050_DM_O110_S20268004,100,0.5,0.5,M,1.1,20268004,ECP-RCF,1,CERTIFIED_OPTIMAL,0,False,True,True,905394.944853639,905394.944853639,905394.944853639,0.0,0.3520674999890616,0.5417181999946479,True,0.35087119998934213,0.0,0.0,0.0,25,0,True,True,True,0,25,25,63,37,0.63,0.37,52805.0,22052.0,True,0,0,fa52862b68eb88c829d879296aa80cb87349e9e874dd6f180c61e20c06258d3a,c47e6d50461559427801f861fd37dd22b8d026af770afa5a15bb1dac1c7da0e3,2026-07-21T06:29:46+08:00,frozen RCG-ED,905394.944853639,True,OPTIMAL,True,905394.944853639,905394.944853639,0.0,0.8643502999998418,True,True,2.4550698375359734,OPTIMAL,True,905394.944853639,0.4604983000003813,new_ecp_formal_run,reused_frozen_baseline,historical_algorithm_result
True,C,STR_005,main_factorial,5,stress_N0100_A050_C050_DH_O090_S20268005,100,0.5,0.5,H,0.9,20268005,ECP-RCF,1,CERTIFIED_OPTIMAL,0,False,True,True,744823.0457423101,744823.0457423101,744823.0457423101,0.0,0.2658588000049349,0.46300170000176877,True,0.26471449999371544,0.0,0.0,0.0,25,0,True,True,True,0,25,25,40,60,0.4,0.6,31712.0,36315.0,True,0,0,1593d4a7c646d204f909d43583f0517bc04a191ba3bbf71c545bd6245208f019,4af32bfed29ad0d063795b94a7c4d0d0f3ea3d5c02f751e7fd7f113ea214a6e9,2026-07-21T06:29:46+08:00,frozen RCG-ED,744823.0457423101,True,OPTIMAL,True,744823.0457423102,744823.0457423098,6.251972061949949e-16,0.9244949000003544,True,True,3.477390629850108,OPTIMAL,True,744823.0457423101,0.43761350000022503,new_ecp_formal_run,reused_frozen_baseline,historical_algorithm_result
True,C,STR_006,main_factorial,6,stress_N0100_A050_C050_DH_O110_S20268006,100,0.5,0.5,H,1.1,20268006,ECP-RCF,1,CERTIFIED_OPTIMAL,0,False,True,True,787461.3459625388,787461.3459625388,787460.9283578157,5.303177422885454e-07,5.193689799998538,5.408134299999801,True,1.9795861000020523,0.008523500000592321,0.1299358999967808,3.066293800002313,25,0,True,True,True,0,25,25,84,16,0.84,0.16,55481.0,10217.0,True,0,0,e35a5028ff72165bfb37b2dadeacafff0fa3f4c0a5e2f945610faafb47fba23d,c2b1c3b407a7b88166429d589a094a61a05492712c359905fc37e75500fef9d5,2026-07-21T06:29:52+08:00,frozen RCG-ED,787461.3459625391,True,OPTIMAL,True,787461.529116261,787461.0369679104,6.249808181026224e-07,3.3703448000001117,True,True,0.6489307081838158,OPTIMAL,True,787461.3459625391,2.429780600000413,new_ecp_formal_run,reused_frozen_baseline,historical_algorithm_result
True,C,STR_007,main_factorial,7,stress_N0100_A050_C080_DL_O090_S20268007,100,0.5,0.8,L,0.9,20268007,ECP-RCF,1,CERTIFIED_OPTIMAL,0,False,True,True,784107.0515891742,784107.0515891742,784107.0515891742,0.0,0.2748488999932306,0.5042548000055831,True,0.27350019999721553,0.0,0.0,0.0,25,0,True,True,True,0,25,25,38,62,0.38,0.62,35367.0,35622.0,True,0,0,e33039d5369d681a3858dbba53513327bd73ab257d474d82843f7fad1a3a7dcc,4e30990d66ae34d6e6f2b234df9901d5dece58372d6d57b8be6e235c247a8003,2026-07-21T06:29:52+08:00,frozen RCG-ED,784107.0515891743,True,OPTIMAL,True,784107.0515891743,784107.0515891742,1.4846865819022062e-16,0.7146600999999464,True,True,2.600192687755156,OPTIMAL,True,784107.0515891743,0.44317759999967166,new_ecp_formal_run,reused_frozen_baseline,historical_algorithm_result
True,C,STR_008,main_factorial,8,stress_N0100_A050_C080_DL_O110_S20268008,100,0.5,0.8,L,1.1,20268008,ECP-RCF,1,CERTIFIED_OPTIMAL,0,False,True,True,839463.0828376863,839463.0828376863,839463.0828376863,0.0,0.22789320000447333,0.45360700000310317,True,0.22685200000705663,0.0,0.0,0.0,25,0,True,True,True,0,25,25,41,59,0.41,0.59,32597.0,34660.0,True,0,0,84487443ca2ccca1f249bbc227af7a58dc3ad1f9fdb0a366b2cc89c3f3c0695b,351f439b3beb4fa28844d5f263a4f9148ffb3e8d564b7a81241d91bcf239f3fd,2026-07-21T06:29:53+08:00,frozen RCG-ED,839463.0828376862,True,OPTIMAL,True,839463.0828376861,839463.082837686,1.386783102282584e-16,0.768349500000113,True,True,3.3715332444541173,OPTIMAL,True,839463.0828376862,0.7699413000000277,new_ecp_formal_run,reused_frozen_baseline,historical_algorithm_result
True,C,STR_009,main_factorial,9,stress_N0100_A050_C080_DM_O090_S20268009,100,0.5,0.8,M,0.9,20268009,ECP-RCF,1,CERTIFIED_OPTIMAL,0,False,True,True,738792.1955015962,738792.1955015962,738792.1955015962,0.0,0.41005560000485275,0.5956855999975232,True,0.40848470000491943,0.0,0.0,0.0,25,0,True,True,True,0,25,25,44,56,0.44,0.56,33008.0,34283.0,True,0,0,11f228eb5cddc2cff4c472ccf6d5b23a86ff4a6677125d45374417ea431d3257,a2486e144812b445632fe01794eafc108e56f48a0487044738a6ed8a0bf4438c,2026-07-21T06:29:54+08:00,frozen RCG-ED,738792.1955015962,True,OPTIMAL,True,738792.1955015959,738792.1955015957,1.5757519169229414e-16,1.4472894000000451,True,True,3.5294955122742317,OPTIMAL,True,738792.1955015962,0.6131175999998959,new_ecp_formal_run,reused_frozen_baseline,historical_algorithm_result
True,C,STR_010,main_factorial,10,stress_N0100_A050_C080_DM_O110_S20268010,100,0.5,0.8,M,1.1,20268010,ECP-RCF,1,CERTIFIED_OPTIMAL,0,False,True,True,829142.0027743122,829142.0027743122,829142.0027743122,0.0,0.6897746000031475,0.8826185000070836,True,0.687515000012354,0.0,0.0,0.0,25,0,True,True,True,0,25,25,65,35,0.65,0.35,46843.0,20576.0,True,0,0,6e31a25479b2806c537a0ae77dc6fdda07e0b33c70a7a85e8360bf356be97978,228304557969567fda2394a316674bad5ff763c3e89b91d894114912e75cfbae,2026-07-21T06:29:55+08:00,frozen RCG-ED,829142.0027743122,True,OPTIMAL,True,829142.0027743122,829142.0027743116,7.02022822613067e-16,1.8501321999997344,True,True,2.6822272087016428,OPTIMAL,True,829142.0027743122,0.8029262000000017,new_ecp_formal_run,reused_frozen_baseline,historical_algorithm_result
True,C,STR_011,main_factorial,11,stress_N0100_A050_C080_DH_O090_S20268011,100,0.5,0.8,H,0.9,20268011,ECP-RCF,1,CERTIFIED_OPTIMAL,0,False,True,True,729664.16575612,729664.16575612,729664.16575612,0.0,0.6122560000076191,0.8123825000075158,True,0.6090886000019964,0.0,0.0,0.0,25,0,True,True,True,0,25,25,44,56,0.44,0.56,30080.0,36463.0,True,0,0,510eecc68732732b51362981b0fd626cee73bf26cf177a1a3b88f85a186a0347,7a31ae683afcf2a6be3d4563ba24a4bf08ce2396097d198926b7d3486873752c,2026-07-21T06:29:55+08:00,frozen RCG-ED,729664.1657561199,True,OPTIMAL,True,729664.1657561199,729664.1657561198,1.59546442446298e-16,1.9647079999999733,True,True,3.208964877396912,OPTIMAL,True,729664.1657561199,0.7861382999999478,new_ecp_formal_run,reused_frozen_baseline,historical_algorithm_result
True,C,STR_012,main_factorial,12,stress_N0100_A050_C080_DH_O110_S20268012,100,0.5,0.8,H,1.1,20268012,ECP-RCF,1,CERTIFIED_OPTIMAL,0,False,True,True,834328.4414605654,834328.4414605654,834328.4414605654,0.0,1.218059799997718,1.4237380999984453,True,1.212695199996233,0.0,0.0,0.0,25,0,True,True,True,0,25,25,85,15,0.85,0.15,60771.0,8273.0,True,0,0,8f460455bed0af7bc63816c44a4a1cc339e7566546710559c9372d93cde58f33,cc672068d94aa4d82a406bc9061c9bd8d5039948015e9e79e103e5fded27e485,2026-07-21T06:29:57+08:00,frozen RCG-ED,834328.4414605653,True,OPTIMAL,True,834328.4414605653,834328.4414605653,0.0,2.666385900000023,True,True,2.189043510018981,OPTIMAL,True,834328.4414605653,1.4376053999999385,new_ecp_formal_run,reused_frozen_baseline,historical_algorithm_result
True,C,STR_013,main_factorial,13,stress_N0100_A080_C050_DL_O090_S20268013,100,0.8,0.5,L,0.9,20268013,ECP-RCF,1,CERTIFIED_OPTIMAL,0,False,True,True,706169.9472223315,706169.9472223315,706169.9472223315,0.0,0.26452709999284707,0.4861598999996204,True,0.26331159999244846,0.0,0.0,0.0,40,0,True,True,True,0,40,40,56,44,0.56,0.44,44032.0,22386.0,True,0,0,6cbc60b721fe1dc25f8e136437721de06ef1adc92f129d73d50ebb2bf82df85d,2b8d4d9e8833076f65d00831aa6293c0e2cd41239a0504d66342d61d07c873b6,2026-07-21T06:29:57+08:00,frozen RCG-ED,706169.9472223313,True,OPTIMAL,True,706169.9472223313,706169.9472223312,1.6485454002233613e-16,0.7377707000000555,True,True,2.7890174580222786,OPTIMAL,True,706169.9472223313,0.42919239999991987,new_ecp_formal_run,reused_frozen_baseline,historical_algorithm_result
True,C,STR_014,main_factorial,14,stress_N0100_A080_C050_DL_O110_S20268014,100,0.8,0.5,L,1.1,20268014,ECP-RCF,1,CERTIFIED_OPTIMAL,0,False,True,True,803934.4418544815,803934.4418544815,803934.4418544815,0.0,0.2918062000098871,0.48186400000122376,True,0.2906580999988364,0.0,0.0,0.0,40,0,True,True,True,0,40,40,60,40,0.6,0.4,48940.0,21364.0,True,0,0,7f2faef0c4d88165d9127ed84eca1650193ab725b006c63eef6e14aaa52f6ef6,55c0269092abae6c5466b8c36ea82bddca1ec3c89fdba680cefcd789ef08a0e4,2026-07-21T06:29:58+08:00,frozen RCG-ED,803934.4418544814,True,OPTIMAL,True,803934.4418544815,803934.4418544808,8.688419037631448e-16,0.7250558000000638,True,True,2.4847169113456022,OPTIMAL,True,803934.4418544814,0.452334399999927,new_ecp_formal_run,reused_frozen_baseline,historical_algorithm_result
True,C,STR_015,main_factorial,15,stress_N0100_A080_C050_DM_O090_S20268015,100,0.8,0.5,M,0.9,20268015,ECP-RCF,1,CERTIFIED_OPTIMAL,0,False,True,True,726576.0266202013,726576.0266202013,726576.0266202013,0.0,0.38758720000623725,0.5928105999919353,True,0.38514710000890773,0.0,0.0,0.0,40,0,True,True,True,0,40,40,58,42,0.58,0.42,44568.0,23878.0,True,0,0,a2e76933bd04fcb1ab4867f1662d8af105dfaeabecd9dcc5ba1c918682512712,b2dbfc97ddb8c36296a61619eab9af99a46bc8a3acda0397d2730830fa21e6b9,2026-07-21T06:29:59+08:00,frozen RCG-ED,726576.0266202011,True,OPTIMAL,True,726576.0266202012,726576.0266202011,1.6022455677276001e-16,1.0958424999998897,True,True,2.8273444014205187,OPTIMAL,True,726576.0266202011,0.631525899999815,new_ecp_formal_run,reused_frozen_baseline,historical_algorithm_result
True,C,STR_016,main_factorial,16,stress_N0100_A080_C050_DM_O110_S20268016,100,0.8,0.5,M,1.1,20268016,ECP-RCF,1,CERTIFIED_OPTIMAL,0,False,True,True,761359.9118544204,761359.9118544204,761359.4774369937,0.0,0.8808071999956155,1.0768872000044212,True,0.8788462999946205,0.0,0.0,0.0,40,0,True,True,True,0,40,40,76,24,0.76,0.24,55778.0,12021.0,True,0,0,34739f8d887041c8aef474ec41e5f0cf7f4e731dd6924026c2a0bc8d6a0db2da,cd1e159d92075f1ca5039d36a7c792c9c33da5ffe2c21b748839fcc42fe52b02,2026-07-21T06:30:00+08:00,frozen RCG-ED,761359.7162239554,True,OPTIMAL,True,761360.3169076778,761359.7162239555,7.889611645843594e-07,1.5569661999998061,True,True,1.7676583479421561,OPTIMAL,True,761359.7162239554,1.287020300000222,new_ecp_formal_run,reused_frozen_baseline,historical_algorithm_result
True,C,STR_017,main_factorial,17,stress_N0100_A080_C050_DH_O090_S20268017,100,0.8,0.5,H,0.9,20268017,ECP-RCF,1,CERTIFIED_OPTIMAL,0,False,True,True,739619.6994417452,739619.6994417452,739619.6994417452,0.0,0.46597420000762213,0.6828253999992739,True,0.46422370000800584,0.0,0.0,0.0,40,0,True,True,True,0,40,40,61,39,0.61,0.39,48484.0,21269.0,True,0,0,8c37a44489c52959eba8c2e136b67223b797baabbb8f030cad6b9403756646c9,d65d20c4a4808a4b63fb6c219d41bde8634edec101cbc9b8909bf9cbb16de197,2026-07-21T06:30:01+08:00,frozen RCG-ED,739619.6994417452,True,OPTIMAL,True,739619.6994417451,739619.6994417442,1.101792249994997e-15,1.4535619999996925,True,True,3.1194044648307053,OPTIMAL,True,739619.6994417452,0.5984157000002597,new_ecp_formal_run,reused_frozen_baseline,historical_algorithm_result
True,C,STR_018,main_factorial,18,stress_N0100_A080_C050_DH_O110_S20268018,100,0.8,0.5,H,1.1,20268018,ECP-RCF,1,CERTIFIED_OPTIMAL,0,False,True,True,778326.625364575,778326.625364575,778325.9640859717,8.496158061398463e-07,2.5682550000055926,2.769116399998893,True,2.169029500000761,0.012939199994434603,0.11252850000164472,0.2649565000028815,40,0,True,True,True,0,40,40,94,6,0.94,0.06,70023.0,1208.0,True,0,0,71a4f10bc26adbfed36e7b48419c82afac9498efaa4696b1d174a059f9c3c90b,80dbddf0b46b9f60fcff974027c3f159dcbb1fac3241c1294ad1f1145cafb06d,2026-07-21T06:30:03+08:00,frozen RCG-ED,778326.2348074019,True,OPTIMAL,True,778326.5078394638,778325.9020198801,7.783617511875815e-07,2.8734936999999263,True,True,1.1188506203603883,OPTIMAL,True,778326.2348074019,2.074551100000008,new_ecp_formal_run,reused_frozen_baseline,historical_algorithm_result
True,C,STR_019,main_factorial,19,stress_N0100_A080_C080_DL_O090_S20268019,100,0.8,0.8,L,0.9,20268019,ECP-RCF,1,CERTIFIED_OPTIMAL,0,False,True,True,723404.290243181,723404.290243181,723404.290243181,0.0,0.356915200012736,0.5488208000024315,True,0.3554839999997057,0.0,0.0,0.0,40,0,True,True,True,0,40,40,54,46,0.54,0.46,40886.0,27004.0,True,0,0,df22ac27583a53e13d50368a74668560d3e8ad6fa7691e385e81fa9204c16296,2a4aa1bc624219de1d3cb1002b4d5aa80051eb49d95d0643925a412c5ac81746,2026-07-21T06:30:04+08:00,frozen RCG-ED,723404.2902431812,True,OPTIMAL,True,723404.2902431816,723404.2902431814,3.2185410951267737e-16,1.0536142999999356,True,True,2.9520017638989287,OPTIMAL,True,723404.2902431812,0.5469978000000992,new_ecp_formal_run,reused_frozen_baseline,historical_algorithm_result
True,C,STR_020,main_factorial,20,stress_N0100_A080_C080_DL_O110_S20268020,100,0.8,0.8,L,1.1,20268020,ECP-RCF,1,CERTIFIED_OPTIMAL,0,False,True,True,784176.5865648363,784176.5865648363,784176.5865648363,0.0,0.4362414000061108,0.6365285000065342,True,0.4345829999947455,0.0,0.0,0.0,40,0,True,True,True,0,40,40,64,36,0.64,0.36,49460.0,19207.0,True,0,0,433e26191579381757ad3815481b98a543defb3263be1e2bb9b07a911cabd347,d07306d9dc16f6c93ff3562e63de66aa9cc8ae25b0992c0e55115b4932947d37,2026-07-21T06:30:05+08:00,frozen RCG-ED,784176.5865648361,True,OPTIMAL,True,784176.5865648359,784176.5865648356,2.96910986176988e-16,1.2608172999998715,True,True,2.8901825915243493,OPTIMAL,True,784176.5865648361,0.6308259000002181,new_ecp_formal_run,reused_frozen_baseline,historical_algorithm_result
True,C,STR_021,main_factorial,21,stress_N0100_A080_C080_DM_O090_S20268021,100,0.8,0.8,M,0.9,20268021,ECP-RCF,1,CERTIFIED_OPTIMAL,0,False,True,True,751490.2914721853,751490.2914721853,751490.2914721853,0.0,0.6793636999937007,0.8751175999932457,True,0.6765031999966595,0.0,0.0,0.0,40,0,True,True,True,0,40,40,63,37,0.63,0.37,43195.0,26693.0,True,0,0,e8ad0b992774051269eefa39d4cf2f6076ad709d7598536263d225d1159ded06,5666817c08c841a5a0f911957fb54a0732af03fb55ad9b09e2bc86df7d8161f2,2026-07-21T06:30:06+08:00,frozen RCG-ED,751490.2914721854,True,OPTIMAL,True,751490.2914721859,751490.2914721856,3.09825218364098e-16,2.2862820999998803,True,True,3.365328615616465,OPTIMAL,True,751490.2914721854,0.9093282999997427,new_ecp_formal_run,reused_frozen_baseline,historical_algorithm_result
True,C,STR_022,main_factorial,22,stress_N0100_A080_C080_DM_O110_S20268022,100,0.8,0.8,M,1.1,20268022,ECP-RCF,1,CERTIFIED_OPTIMAL,0,False,True,True,801648.4899361749,801648.4899361749,801647.9515342307,0.0,2.1081904000020586,2.3093975000083447,True,2.104013899996062,0.0,0.0,0.0,40,0,True,True,True,0,40,40,84,16,0.84,0.16,60413.0,10285.0,True,0,0,56d2c8228919c1abd5377ec218422837c54e236a0c1c5acd036b8368a08ecd16,fa936d42562da1f24b59dfd8209f8bd3a8238566883daafff7b131ae7bf986ef,2026-07-21T06:30:08+08:00,frozen RCG-ED,801648.8040366374,True,OPTIMAL,True,801648.4034435309,801648.4034435309,0.0,4.013410600000043,True,True,1.90372302235895,OPTIMAL,True,801648.8040366374,1.9137179999997898,new_ecp_formal_run,reused_frozen_baseline,historical_algorithm_result
True,C,STR_023,main_factorial,23,stress_N0100_A080_C080_DH_O090_S20268023,100,0.8,0.8,H,0.9,20268023,ECP-RCF,1,CERTIFIED_OPTIMAL,0,False,True,True,728284.0194869039,728284.0194869039,728283.8979600194,0.0,2.029434600000968,2.2251657000015257,True,2.025282000002335,0.0,0.0,0.0,40,0,True,True,True,0,40,40,64,36,0.64,0.36,44845.0,23874.0,True,0,0,46558003945a6c27f85736cb6ba1f8cb9fcf48c4252da002f1e783979eba7c72,2c44684e04d284e434e75342b3327d76598f90792871ee1ff4c7c983c279d7cc,2026-07-21T06:30:10+08:00,frozen RCG-ED,728283.9077974102,True,OPTIMAL,True,728283.9077974103,728283.8979600201,1.3507630816963343e-08,3.550912799999878,True,True,1.7497054598350614,OPTIMAL,True,728283.9077974102,1.6791557000001376,new_ecp_formal_run,reused_frozen_baseline,historical_algorithm_result
True,C,STR_024,main_factorial,24,stress_N0100_A080_C080_DH_O110_S20268024,100,0.8,0.8,H,1.1,20268024,ECP-RCF,1,CERTIFIED_OPTIMAL,0,False,True,True,771108.7666047305,771108.7666047305,771108.7666047305,0.0,1.6642305999994278,1.863820400001714,True,1.6582417000026908,0.0,0.0,0.0,40,0,True,True,True,0,40,40,87,13,0.87,0.13,63722.0,5737.0,True,0,0,08bc2e8006d614355b2f7e1a7fd1e23fb413526f78661036fcf29fd9831e109d,a9898b207817af393208531cfa2dd9a190c6ba8532faaaf4e3361de993c8e4ab,2026-07-21T06:30:12+08:00,frozen RCG-ED,771108.7666047305,True,OPTIMAL,True,771108.7666047303,771108.7666047298,6.038853498684665e-16,4.10606800000005,True,True,2.4672470269453415,OPTIMAL,True,771108.7666047305,1.9351271000000452,new_ecp_formal_run,reused_frozen_baseline,historical_algorithm_result
True,C,STR_025,main_factorial,25,stress_N0100_A100_C050_DL_O090_S20268025,100,1.0,0.5,L,0.9,20268025,ECP-RCF,1,CERTIFIED_OPTIMAL,0,False,True,True,746019.7165888492,746019.7165888492,746019.7165888492,0.0,0.2741662000044016,0.46784470000420697,True,0.2728218999982346,0.0,0.0,0.0,50,0,True,True,True,0,50,50,65,35,0.65,0.35,52697.0,18973.0,True,0,0,14c9977fb2ee688d6e32e5513d7059aa0204860a108abd3bc80b9ee7bb18e40e,29d4f95e0d590f11e787c89521936ca0bed6455d3d824949e9f906b7e8583160,2026-07-21T06:30:13+08:00,frozen RCG-ED,746019.7165888489,True,OPTIMAL,True,746019.7165888491,746019.7165888486,6.241943435985316e-16,0.8088226999998369,True,True,2.950118212919213,OPTIMAL,True,746019.7165888489,0.4694494999998824,new_ecp_formal_run,reused_frozen_baseline,historical_algorithm_result
True,C,STR_026,main_factorial,26,stress_N0100_A100_C050_DL_O110_S20268026,100,1.0,0.5,L,1.1,20268026,ECP-RCF,1,CERTIFIED_OPTIMAL,0,False,True,True,753318.9621257851,753318.9621257851,753318.9621257851,0.0,0.3228101999993669,0.5221963000076357,True,0.32136680000985507,0.0,0.0,0.0,50,0,True,True,True,0,50,50,72,28,0.72,0.28,57476.0,10351.0,True,0,0,2b64426505e3378176e6de38ac6e9b499416d751118f5ab405792cb5bd723a59,9b9ba9f3ca54ae02a44a31ca7612c3eb0c2bb2ad1e9fd369d90f8b9e2efd27a8,2026-07-21T06:30:13+08:00,frozen RCG-ED,753318.9621257853,True,OPTIMAL,True,753318.9621257853,753318.9621257851,3.0907312222281853e-16,0.9766414999999142,True,True,3.025435689460338,OPTIMAL,True,753318.9621257853,0.5711676000000807,new_ecp_formal_run,reused_frozen_baseline,historical_algorithm_result
True,C,STR_027,main_factorial,27,stress_N0100_A100_C050_DM_O090_S20268027,100,1.0,0.5,M,0.9,20268027,ECP-RCF,1,CERTIFIED_OPTIMAL,0,False,True,True,731030.1702085952,731030.1702085952,731030.1702085952,0.0,0.4211585000011837,0.6124635999876773,True,0.41913510000449605,0.0,0.0,0.0,50,0,True,True,True,0,50,50,68,32,0.68,0.32,51134.0,19019.0,True,0,0,e85dffe9c5cb6548d308da83752ab61635017adef54667ca7feeebf66fe3dba0,d0d4b9d19b60164238109a25cbe2d0a6ff98fbcd1224d40e1c8ddb55d3da2933,2026-07-21T06:30:14+08:00,frozen RCG-ED,731030.1702085953,True,OPTIMAL,True,731030.1702085956,731030.1702085956,0.0,1.220715299999938,True,True,2.8984700534276455,OPTIMAL,True,731030.1702085953,0.6154274000000441,new_ecp_formal_run,reused_frozen_baseline,historical_algorithm_result
True,C,STR_028,main_factorial,28,stress_N0100_A100_C050_DM_O110_S20268028,100,1.0,0.5,M,1.1,20268028,ECP-RCF,1,CERTIFIED_OPTIMAL,0,False,True,True,790287.8153891383,790287.8153891383,790287.2145699821,0.0,1.3304586000012932,1.531216499992297,True,1.327578900003573,0.0,0.0,0.0,50,0,True,True,True,0,50,50,85,15,0.85,0.15,64060.0,8476.0,True,0,0,3b54815f4ac2bcb8ffd47bd7e691d38bc1b9d5fc2625999e2f6d0c03e45d7c55,0be5566299da377454cb3fe55c0d75625a795192bbb35632bde4ca555ad8a46a,2026-07-21T06:30:16+08:00,frozen RCG-ED,790287.8153891383,True,OPTIMAL,True,790288.0852460498,790287.3684636268,9.069887758031343e-07,1.7991052000002128,True,True,1.3522444065515935,OPTIMAL,True,790287.8153891383,1.3122914999999011,new_ecp_formal_run,reused_frozen_baseline,historical_algorithm_result
True,C,STR_029,main_factorial,29,stress_N0100_A100_C050_DH_O090_S20268029,100,1.0,0.5,H,0.9,20268029,ECP-RCF,1,CERTIFIED_OPTIMAL,0,False,True,True,726114.8257744554,726114.8257744554,726114.8257744554,0.0,0.49343669999507256,0.6967656000051647,True,0.4907948000036413,0.0,0.0,0.0,50,0,True,True,True,0,50,50,69,31,0.69,0.31,55555.0,14748.0,True,0,0,31da172f311bafc5e399351e350c06ef162f66b5e366fed089a50946fefff147,f6321b6ab514c04f61a5dca25f8de94a8902b583333198004bd60459d728c683,2026-07-21T06:30:16+08:00,frozen RCG-ED,726114.8257744552,True,OPTIMAL,True,726114.8257744553,726114.8257744546,9.619579523343508e-16,1.8004384000000755,True,True,3.648772780820832,OPTIMAL,True,726114.8257744552,0.6782133000001522,new_ecp_formal_run,reused_frozen_baseline,historical_algorithm_result
True,C,STR_030,main_factorial,30,stress_N0100_A100_C050_DH_O110_S20268030,100,1.0,0.5,H,1.1,20268030,ECP-RCF,1,CERTIFIED_OPTIMAL,0,False,True,True,722084.6237536744,722084.6237536744,722084.6237536742,3.224423232328728e-16,3.085309900008724,3.3339707999984967,True,2.4503267999971285,0.01634780000313185,0.14226519998919684,0.4667352000105893,50,0,True,True,True,0,50,50,94,6,0.94,0.06,64193.0,2509.0,True,0,0,02701aa998ad30b9010f13c064818405395ebf59a585f52105a2c5c92b152279,bebd8123e35051db12c38a5c68d6ae3a5386f5a7d657a487f85c48226e55f93b,2026-07-21T06:30:20+08:00,frozen RCG-ED,722085.2858840585,True,OPTIMAL,True,722084.6237536187,722084.6237536187,0.0,3.079302899999675,True,True,0.9980530318821353,OPTIMAL,True,722085.2858840585,1.8144148000001223,new_ecp_formal_run,reused_frozen_baseline,historical_algorithm_result
True,C,STR_031,main_factorial,31,stress_N0100_A100_C080_DL_O090_S20268031,100,1.0,0.8,L,0.9,20268031,ECP-RCF,1,CERTIFIED_OPTIMAL,0,False,True,True,717317.4561799006,717317.4561799006,717317.4561799006,0.0,0.3819229000073392,0.5817132000083802,True,0.3800311000086367,0.0,0.0,0.0,50,0,True,True,True,0,50,50,66,34,0.66,0.34,48797.0,19568.0,True,0,0,d4a9e8d8aa9d74c5bc86ee9e1d49bd3e685ea41b8e8817f5cddf29bb8def9058,0847ff0d4927b090486fbd93145a7ff513cff9c7685a70c6927c9642734773fd,2026-07-21T06:30:20+08:00,frozen RCG-ED,717317.4561799007,True,OPTIMAL,True,717317.4561799007,717317.4561799007,0.0,1.2566584999999577,True,True,3.2903460357465057,OPTIMAL,True,717317.4561799007,0.8155296000004455,new_ecp_formal_run,reused_frozen_baseline,historical_algorithm_result
True,C,STR_032,main_factorial,32,stress_N0100_A100_C080_DL_O110_S20268032,100,1.0,0.8,L,1.1,20268032,ECP-RCF,1,CERTIFIED_OPTIMAL,0,False,True,True,709747.2956684745,709747.2956684745,709747.2956684745,0.0,0.5497878000023775,0.7739405000029365,True,0.5469979000044987,0.0,0.0,0.0,50,0,True,True,True,0,50,50,72,28,0.72,0.28,54249.0,10260.0,True,0,0,07d40e562dcaf1ff2924b12e5cda9a50e99503289a7516669a6402f076a50e8b,7a400b60663d7aeac50cc63dc310b29ec23b7adac4f88727dcb2317597d59dcf,2026-07-21T06:30:21+08:00,frozen RCG-ED,709747.2956684746,True,OPTIMAL,True,709747.2956684746,709747.2956684746,0.0,1.3863769999998112,True,True,2.5216583561763577,OPTIMAL,True,709747.2956684746,0.7872748999998294,new_ecp_formal_run,reused_frozen_baseline,historical_algorithm_result
True,C,STR_033,main_factorial,33,stress_N0100_A100_C080_DM_O090_S20268033,100,1.0,0.8,M,0.9,20268033,ECP-RCF,1,CERTIFIED_OPTIMAL,0,False,True,True,730690.713048683,730690.713048683,730690.713048683,0.0,0.7966052999981912,1.0112457999930484,True,0.792759300005855,0.0,0.0,0.0,50,0,True,True,True,0,50,50,68,32,0.68,0.32,50493.0,19261.0,True,0,0,9b8b66e75e078163fd176d6883e6c0714fd25fd2a03bd8265c66647b1748f5f4,7c68e3bd0e6aa7c1a17c0eb68460f47bd78f5794123bc26223021690d17e22d7,2026-07-21T06:30:22+08:00,frozen RCG-ED,730690.713048683,True,OPTIMAL,True,730690.713048683,730690.7130486825,6.372891826760006e-16,2.4729757999998583,True,True,3.1043928530295664,OPTIMAL,True,730690.713048683,1.0840058999997382,new_ecp_formal_run,reused_frozen_baseline,historical_algorithm_result
True,C,STR_034,main_factorial,34,stress_N0100_A100_C080_DM_O110_S20268034,100,1.0,0.8,M,1.1,20268034,ECP-RCF,1,CERTIFIED_OPTIMAL,0,False,True,True,729250.5443448602,729250.5443448602,729250.5443448602,0.0,1.258862999995472,1.4734102999937022,True,1.2531201999954646,0.0,0.0,0.0,50,0,True,True,True,0,50,50,83,17,0.83,0.17,56462.0,9890.0,True,0,0,e6c7edb395ae9b3c70c8f03ab457003a05b88545952672a70ec161290e99baac,0a59fafe79f9709aa3a651f57ca5c809b64530bf38b55bf9005d90efab5988da,2026-07-21T06:30:24+08:00,frozen RCG-ED,729250.5443448604,True,OPTIMAL,True,729250.5443448605,729250.5443448604,1.5963693511057887e-16,2.540920500000084,True,True,2.018424959673311,OPTIMAL,True,729250.5443448604,1.375772599999891,new_ecp_formal_run,reused_frozen_baseline,historical_algorithm_result
True,C,STR_035,main_factorial,35,stress_N0100_A100_C080_DH_O090_S20268035,100,1.0,0.8,H,0.9,20268035,ECP-RCF,1,CERTIFIED_OPTIMAL,0,False,True,True,682136.1438184893,682136.1438184893,682136.1399603408,0.0,1.2081730000063544,1.4085425999946892,True,1.2033743000065442,0.0,0.0,0.0,50,0,True,True,True,0,50,50,66,34,0.66,0.34,46044.0,19509.0,True,0,0,d86ad6524c1b7015c9c27aab4f03a66056ebe9a12cb4d849b773bc5fe089dc6d,8adaee16ada65295c880c62a013c52abbd071483e9eaa2ca775bcf1772ff2148,2026-07-21T06:30:25+08:00,frozen RCG-ED,682136.2509151223,True,OPTIMAL,True,682136.1855215003,682136.1399603414,6.679188097660543e-08,4.852800600000137,True,True,4.016643808440193,OPTIMAL,True,682136.2509151223,1.8931597000000693,new_ecp_formal_run,reused_frozen_baseline,historical_algorithm_result
True,C,STR_036,main_factorial,36,stress_N0100_A100_C080_DH_O110_S20268036,100,1.0,0.8,H,1.1,20268036,ECP-RCF,1,CERTIFIED_OPTIMAL,0,False,True,True,755265.2446492758,755265.2446492758,755265.2446492758,0.0,1.5863439999957336,1.7997680999978911,True,1.5798608000040986,0.0,0.0,0.0,50,0,True,True,True,0,50,50,95,5,0.95,0.05,68527.0,1499.0,True,0,0,2f652385935905e67f7b0d66ff62f67eadd18672b7705b7db61cfaff1517821c,96d8f327c97b7872b87f3601b0960da1d5e8547d47eaf47b520125732a1d9425,2026-07-21T06:30:27+08:00,frozen RCG-ED,755265.2446492758,True,OPTIMAL,True,755265.2446492758,755265.2446492754,4.624149832857522e-16,4.692767799999729,True,True,2.958228354009187,OPTIMAL,True,755265.2446492758,2.0344952999998895,new_ecp_formal_run,reused_frozen_baseline,historical_algorithm_result
True,C,STR_037,main_factorial,37,stress_N0200_A050_C050_DL_O090_S20268037,200,0.5,0.5,L,0.9,20268037,ECP-RCF,1,CERTIFIED_OPTIMAL,0,False,True,True,1493528.9584826583,1493528.9584826583,1493528.9584826583,0.0,0.5941506999952253,0.8306817999982741,True,0.5911470999999437,0.0,0.0,0.0,50,0,True,True,True,0,50,50,80,120,0.4,0.6,66684.0,68585.0,True,0,0,2afe016d0781fae28099b75dc139bddfff3d303b25daeaf5b3fcbe67cb6374df,dc9ce3f0c914a14fd1a0d900a1a41fcc29963007a5b83b93f0332e2870b16f9c,2026-07-21T06:30:28+08:00,frozen RCG-ED,1493528.9584826583,True,OPTIMAL,True,1493528.958482659,1493528.9584826573,1.0912506893959972e-15,2.4874935999996524,True,True,4.186637497893451,OPTIMAL,True,1493528.9584826583,0.9252344999999877,new_ecp_formal_run,reused_frozen_baseline,historical_algorithm_result
True,C,STR_038,main_factorial,38,stress_N0200_A050_C050_DL_O110_S20268038,200,0.5,0.5,L,1.1,20268038,ECP-RCF,1,CERTIFIED_OPTIMAL,0,False,True,True,1674627.8190498492,1674627.8190498492,1674627.8190498492,0.0,0.7277239000104601,0.9545811999996658,True,0.7245546000049217,0.0,0.0,0.0,50,0,True,True,True,0,50,50,93,107,0.465,0.535,73061.0,62450.0,True,0,0,eb64f32c5de068f2af02a20ab9ce289be229d60842e0924ab376faf6be1b9457,3efcf0d90d7f8ae1670bd64a05d9c81f81f3d4d6a0a8ea7eb679ebf460a4747a,2026-07-21T06:30:29+08:00,frozen RCG-ED,1674627.8190498492,True,OPTIMAL,True,1674627.8190498494,1674627.8190498494,0.0,2.4336445999997522,True,True,3.3441867169193866,OPTIMAL,True,1674627.8190498492,0.8526693000003434,new_ecp_formal_run,reused_frozen_baseline,historical_algorithm_result
True,C,STR_039,main_factorial,39,stress_N0200_A050_C050_DM_O090_S20268039,200,0.5,0.5,M,0.9,20268039,ECP-RCF,1,CERTIFIED_OPTIMAL,0,False,True,True,1456366.9980785404,1456366.9980785404,1456366.9980785404,0.0,1.1534219000022858,1.3787200000078883,True,1.1485602000029758,0.0,0.0,0.0,50,0,True,True,True,0,50,50,85,115,0.425,0.575,65640.0,67319.0,True,0,0,616cb1dddc411d419b09105a2b5322afcba17fa4d0a292578ea704a7616f4ae2,3b968d86d8bafcd40a30b75d416eb982acd1216e4ba1c67acfdbd19203b44eab,2026-07-21T06:30:30+08:00,frozen RCG-ED,1456366.9980785414,True,OPTIMAL,True,1456366.9980785414,1456366.998078541,3.197417188951066e-16,4.904959299999973,True,True,4.252528324622805,OPTIMAL,True,1456366.9980785414,1.298581600000034,new_ecp_formal_run,reused_frozen_baseline,historical_algorithm_result
True,C,STR_040,main_factorial,40,stress_N0200_A050_C050_DM_O110_S20268040,200,0.5,0.5,M,1.1,20268040,ECP-RCF,1,CERTIFIED_OPTIMAL,0,False,True,True,1645194.9855400508,1645194.9855400508,1645194.9855400508,0.0,1.599055500002578,1.8217961999907857,True,1.59366100000625,0.0,0.0,0.0,50,0,True,True,True,0,50,50,133,67,0.665,0.335,96471.0,38688.0,True,0,0,59b4cb36c52eba9af3e114d05a71c8e10f7d4459a7b516a614ecb1c1cdc02478,e63702bfbbe47a08ec9f701ae3443cdf6fd0b7b9cb449f769ab977e4710cbb83,2026-07-21T06:30:32+08:00,frozen RCG-ED,1645194.9855400508,True,OPTIMAL,True,1645194.9855400508,1645194.9855400505,1.4152161032598867e-16,7.793327599999884,True,True,4.873706760013846,OPTIMAL,True,1645194.9855400508,1.6398823999998058,new_ecp_formal_run,reused_frozen_baseline,historical_algorithm_result
True,C,STR_041,main_factorial,41,stress_N0200_A050_C050_DH_O090_S20268041,200,0.5,0.5,H,0.9,20268041,ECP-RCF,1,CERTIFIED_OPTIMAL,0,False,True,True,1462009.7767134162,1462009.7767134162,1462009.6305075325,0.0,2.9268232000031276,3.1606033999996725,True,2.9197313000040594,0.0,0.0,0.0,50,0,True,True,True,0,50,50,87,113,0.435,0.565,62983.0,69539.0,True,0,0,f8776d2101a895a26e19355740382b1c1c8680097d5eadb83dd70d935c2673a2,5dd7e133a052176daeeda9b5ba5fe01aba47354b76f6e14351be4156b85aa69f,2026-07-21T06:30:36+08:00,frozen RCG-ED,1462010.3077840577,True,OPTIMAL,True,1462010.7486697508,1462009.7762754944,6.651074605789763e-07,9.9154024999998,True,True,3.3877695448051677,OPTIMAL,True,1462010.3077840577,3.420780200000081,new_ecp_formal_run,reused_frozen_baseline,historical_algorithm_result
True,C,STR_042,main_factorial,42,stress_N0200_A050_C050_DH_O110_S20268042,200,0.5,0.5,H,1.1,20268042,ECP-RCF,1,CERTIFIED_OPTIMAL,0,False,True,True,1618329.9473473672,1618329.9473473672,1618328.7611486732,7.329770396187034e-07,41.80039369998849,42.04966790000617,True,15.617313700000523,0.05992530001094565,0.47285520000150427,25.61448219999147,50,0,True,True,True,0,50,50,167,33,0.835,0.165,115795.0,20327.0,True,0,0,05955c7fb221adce885f5508c64f574a410ed6ca1b8a14717bad7c0b8898be74,bc5c759f6f3d5945a364090cdfde07795454cbfd234867f4ecbda850f8e2dd19,2026-07-21T06:31:18+08:00,frozen RCG-ED,1618329.295575286,True,OPTIMAL,True,1618329.4377088412,1618328.213488652,7.564715568661367e-07,28.96950149999975,True,True,0.6930437475761796,OPTIMAL,True,1618329.295575286,16.336392700000033,new_ecp_formal_run,reused_frozen_baseline,historical_algorithm_result
True,C,STR_043,main_factorial,43,stress_N0200_A050_C080_DL_O090_S20268043,200,0.5,0.8,L,0.9,20268043,ECP-RCF,1,CERTIFIED_OPTIMAL,0,False,True,True,1456347.8579250674,1456347.8579250674,1456347.8579250674,0.0,1.1543554999952903,1.3924727999983588,True,1.148949199996423,0.0,0.0,0.0,50,0,True,True,True,0,50,50,71,129,0.355,0.645,59987.0,71804.0,True,0,0,f22422f1950ae604feac49767650af57db91c1b76db369ed3c8f1e491744e514,ce4addb88065bf0f6cd5861468fa487f2f81abdb09ee1aa8a43bf6f557a10fd0,2026-07-21T06:31:19+08:00,frozen RCG-ED,1456347.857925067,True,OPTIMAL,True,1456347.857925068,1456347.8579250665,9.592377633689599e-16,4.933125799999743,True,True,4.273489232753576,OPTIMAL,True,1456347.857925067,1.372718199999781,new_ecp_formal_run,reused_frozen_baseline,historical_algorithm_result
True,C,STR_044,main_factorial,44,stress_N0200_A050_C080_DL_O110_S20268044,200,0.5,0.8,L,1.1,20268044,ECP-RCF,1,CERTIFIED_OPTIMAL,0,False,True,True,1687818.1790003045,1687818.1790003045,1687818.1790003045,0.0,1.419627399998717,1.646337099999073,True,1.4142683999962173,0.0,0.0,0.0,50,0,True,True,True,0,50,50,88,112,0.44,0.56,70973.0,64048.0,True,0,0,e880c684f550a530b305d336b2d3dbf709b673812c5fe80a9a0c613eaf970572,7fde46fedfae655ab90db11b7d146aa04252d1ae69f6a8fffce72aef7482566d,2026-07-21T06:31:21+08:00,frozen RCG-ED,1687818.1790003043,True,OPTIMAL,True,1687818.179000305,1687818.1790003048,1.3794770464658417e-16,5.655268299999989,True,True,3.9836285915621943,OPTIMAL,True,1687818.1790003043,1.4805143000003227,new_ecp_formal_run,reused_frozen_baseline,historical_algorithm_result
True,C,STR_045,main_factorial,45,stress_N0200_A050_C080_DM_O090_S20268045,200,0.5,0.8,M,0.9,20268045,ECP-RCF,1,CERTIFIED_OPTIMAL,0,False,True,True,1485635.1830989139,1485635.1830989139,1485635.1830989139,0.0,2.6532260999956634,2.8815251999913016,True,2.6435742000030586,0.0,0.0,0.0,50,0,True,True,True,0,50,50,92,108,0.46,0.54,69732.0,65471.0,True,0,0,4c46b7adf857c56ca845f07c25aef2f87c511b3aeaee82351a7339d13fe45b14,244a80d225f7aa90c3f151401b0f98e1756f12a6b51ceb5a11c1760806cd4947,2026-07-21T06:31:24+08:00,frozen RCG-ED,1485635.1830989136,True,OPTIMAL,True,1485635.1830989136,1485635.1830989132,3.134425548110727e-16,15.093835299999682,True,True,5.688861307381362,OPTIMAL,True,1485635.1830989136,3.419579200000044,new_ecp_formal_run,reused_frozen_baseline,historical_algorithm_result
True,C,STR_046,main_factorial,46,stress_N0200_A050_C080_DM_O110_S20268046,200,0.5,0.8,M,1.1,20268046,ECP-RCF,1,CERTIFIED_OPTIMAL,0,False,True,True,1628702.8850003914,1628702.8850003914,1628702.8850003914,0.0,4.244138499998371,4.485603799999808,True,4.2321382999944035,0.0,0.0,0.0,50,0,True,True,True,0,50,50,133,67,0.665,0.335,93989.0,39880.0,True,0,0,c3c887e925d34eb37a13a1d7fd6d12f9bbbed52a7c244b02f2eab5d46494481a,8e34764766ce86cd95d535bce6856d16fd6091efde3b1b55c6ba810e5a630369,2026-07-21T06:31:28+08:00,frozen RCG-ED,1628702.8850003919,True,OPTIMAL,True,1628702.885000392,1628702.8850003919,1.4295464556373865e-16,28.098568500000056,True,True,6.620558801276358,OPTIMAL,True,1628702.8850003919,3.9902281999998195,new_ecp_formal_run,reused_frozen_baseline,historical_algorithm_result
True,C,STR_047,main_factorial,47,stress_N0200_A050_C080_DH_O090_S20268047,200,0.5,0.8,H,0.9,20268047,ECP-RCF,1,CERTIFIED_OPTIMAL,0,False,True,True,1435567.1287803932,1435567.1287803932,1435567.1287803932,0.0,4.6273244000039995,4.861825200001476,True,4.612726499995915,0.0,0.0,0.0,50,0,True,True,True,0,50,50,92,108,0.46,0.54,65065.0,65670.0,True,0,0,69aba56ca387cb2b0c113896912fd6ebf55880e78d771c49b3820aeb91663244,a18deecac8f18ad415efe058c8580692b4375e5671ed5359868f09e178ebad04,2026-07-21T06:31:33+08:00,frozen RCG-ED,1435567.1287803936,True,OPTIMAL,True,1435567.1287803948,1435567.128780394,4.865616639989674e-16,28.149057399999947,True,True,6.083225416393028,OPTIMAL,True,1435567.1287803936,4.735901500000182,new_ecp_formal_run,reused_frozen_baseline,historical_algorithm_result
True,C,STR_048,main_factorial,48,stress_N0200_A050_C080_DH_O110_S20268048,200,0.5,0.8,H,1.1,20268048,ECP-RCF,1,CERTIFIED_OPTIMAL,0,False,True,True,1626777.7737258654,1626777.7737258654,1626776.4348226122,0.0,28.527858699992066,28.797835999997915,True,28.502542500005802,0.0,0.0,0.0,50,0,True,True,True,0,50,50,160,40,0.8,0.2,118046.0,19772.0,True,0,0,78133da7f35b0d5d6e7246a1d04905c77852bc086d2a5991349a2c4720ee555e,618b2e35b836fb7018f1545464324a5fbb6fd40808eab2576d4091c49b82ceab,2026-07-21T06:32:02+08:00,frozen RCG-ED,1626777.6743410132,True,OPTIMAL,True,1626778.0411623258,1626776.5560748777,9.129010906561564e-07,75.80980850000014,True,True,2.657395681086335,OPTIMAL,True,1626777.6743410132,19.502309199999672,new_ecp_formal_run,reused_frozen_baseline,historical_algorithm_result
True,C,STR_049,main_factorial,49,stress_N0200_A080_C050_DL_O090_S20268049,200,0.8,0.5,L,0.9,20268049,ECP-RCF,1,CERTIFIED_OPTIMAL,0,False,True,True,1490126.459150312,1490126.459150312,1490126.459150312,0.0,1.0310991000005743,1.2746948999993037,True,1.0267591000010725,0.0,0.0,0.0,80,0,True,True,True,0,80,80,111,89,0.555,0.445,93210.0,45915.0,True,0,0,170b4513de312f2aea00aa53c9e3c14ba923ee363fac1a45db0adc3082841e11,77d26d68e7f05991d6eff9743209588a9bbcb6bd3e70a8b216c791a2f7a2b1cd,2026-07-21T06:32:04+08:00,frozen RCG-ED,1490126.459150312,True,OPTIMAL,True,1490126.4591503125,1490126.4591503118,4.6874674741357e-16,3.6244550999999774,True,True,3.5151374877525923,OPTIMAL,True,1490126.459150312,1.3064072000001943,new_ecp_formal_run,reused_frozen_baseline,historical_algorithm_result
True,C,STR_050,main_factorial,50,stress_N0200_A080_C050_DL_O110_S20268050,200,0.8,0.5,L,1.1,20268050,ECP-RCF,1,CERTIFIED_OPTIMAL,0,False,True,True,1531007.5006144375,1531007.5006144375,1531007.5006144375,0.0,1.2094601999997394,1.4491858999972465,True,1.2041888000094332,0.0,0.0,0.0,80,0,True,True,True,0,80,80,121,79,0.605,0.395,96285.0,37946.0,True,0,0,7f61d37da3ff91ef8e7765ec93da79f04b4dd23beee6434f7e79c458617d9966,695a7b64e1b0c31e3962ff36553947003f52e37a60b6e99c583b8e8977d7da34,2026-07-21T06:32:05+08:00,frozen RCG-ED,1531007.5006144377,True,OPTIMAL,True,1531007.5006144382,1531007.5006144375,4.562302475208538e-16,3.1379391000000396,True,True,2.594495544376504,OPTIMAL,True,1531007.5006144377,1.4992631999998594,new_ecp_formal_run,reused_frozen_baseline,historical_algorithm_result
True,C,STR_051,main_factorial,51,stress_N0200_A080_C050_DM_O090_S20268051,200,0.8,0.5,M,0.9,20268051,ECP-RCF,1,CERTIFIED_OPTIMAL,0,False,True,True,1436193.791044628,1436193.791044628,1436193.791044628,0.0,1.8036116000002949,2.040190999992774,True,1.7958049000008032,0.0,0.0,0.0,80,0,True,True,True,0,80,80,120,80,0.6,0.4,91021.0,44170.0,True,0,0,e5843845cac5aea598fa3dacd53bfa90b3eea8227b03d4ac85e9fd404289fdf9,17c5afc51863befce7301ac3553baabf270fbb87efbeb9aae503176bf4114f16,2026-07-21T06:32:07+08:00,frozen RCG-ED,1436193.7910446275,True,OPTIMAL,True,1436193.7910446285,1436193.7910446282,1.6211645329876977e-16,9.35628349999979,True,True,5.187526793461664,OPTIMAL,True,1436193.7910446275,2.1283260999998674,new_ecp_formal_run,reused_frozen_baseline,historical_algorithm_result
True,C,STR_052,main_factorial,52,stress_N0200_A080_C050_DM_O110_S20268052,200,0.8,0.5,M,1.1,20268052,ECP-RCF,1,CERTIFIED_OPTIMAL,0,False,True,True,1526357.1913851313,1526357.1913851313,1526356.9520196186,0.0,4.117736300002434,4.364831200000481,True,4.108271300006891,0.0,0.0,0.0,80,0,True,True,True,0,80,80,165,35,0.825,0.175,116460.0,18591.0,True,0,0,2477f0364ce5abc709af2dae12f4d47a6cb91ce8b221d7b2ab32db3dbc2585f3,0ffb4c44da858bc432b5a102ca201fa66f67fa93704d8dfb83413b8ba525792f,2026-07-21T06:32:12+08:00,frozen RCG-ED,1526358.2921335138,True,OPTIMAL,True,1526357.2184572043,1526357.0869957716,8.612756639116825e-08,19.18572949999998,True,True,4.6592904698605,OPTIMAL,True,1526358.2921335138,7.311033200000111,new_ecp_formal_run,reused_frozen_baseline,historical_algorithm_result
True,C,STR_053,main_factorial,53,stress_N0200_A080_C050_DH_O090_S20268053,200,0.8,0.5,H,0.9,20268053,ECP-RCF,1,CERTIFIED_OPTIMAL,0,False,True,True,1433196.8704479258,1433196.8704479258,1433196.7315625537,0.0,4.2879566999909,4.579804399996647,True,4.2773119999910705,0.0,0.0,0.0,80,0,True,True,True,0,80,80,124,76,0.62,0.38,90336.0,44748.0,True,0,0,c0d76ad310f642bebff4fe9592465a5ced57b6449b5f1a036760d948568f71e1,4d66e6a5e0178b657ef7475551ab6741cbcbbb47a06b438f3454283fd04cbe1f,2026-07-21T06:32:16+08:00,frozen RCG-ED,1433196.9833740673,True,OPTIMAL,True,1433196.7379968378,1433196.7379968374,3.249109315993759e-16,16.92018109999981,True,True,3.94597760281388,OPTIMAL,True,1433196.9833740673,4.602655200000299,new_ecp_formal_run,reused_frozen_baseline,historical_algorithm_result
True,C,STR_054,main_factorial,54,stress_N0200_A080_C050_DH_O110_S20268054,200,0.8,0.5,H,1.1,20268054,ECP-RCF,1,CERTIFIED_OPTIMAL,0,False,True,True,1475088.8590861661,1475088.8590861661,1475087.843909486,6.882139160082704e-07,28.474124299988034,28.739668499998515,True,12.304569899992202,0.09358679999422748,0.6611498999991454,15.376338399990345,80,0,True,True,True,0,80,80,182,18,0.91,0.09,120490.0,10272.0,True,0,0,957d4485726870e6f79205dcad860d789004ca9eb2078def9e4616ab1e029909,0c18e45ffe777f09e0e258d3d17342146e9a5962f91e88b5dedecaee0ed6d5ea,2026-07-21T06:32:45+08:00,frozen RCG-ED,1475088.9617219989,True,OPTIMAL,True,1475088.479558552,1475087.9964409636,3.275177014972297e-07,43.31859020000002,True,True,1.5213317798159018,OPTIMAL,True,1475088.9617219989,10.809363500000018,new_ecp_formal_run,reused_frozen_baseline,historical_algorithm_result
True,C,STR_055,main_factorial,55,stress_N0200_A080_C080_DL_O090_S20268055,200,0.8,0.8,L,0.9,20268055,ECP-RCF,1,CERTIFIED_OPTIMAL,0,False,True,True,1370368.877076619,1370368.877076619,1370368.877076619,0.0,1.923800200005644,2.1567638000124134,True,1.9154134999989765,0.0,0.0,0.0,80,0,True,True,True,0,80,80,107,93,0.535,0.465,79645.0,48306.0,True,0,0,95814e85f907a07b92e2f0118d6fd8172972ebecba402dd563b28657b4085f1c,e2ea09d583c7f09cd6bb4f422ccf09ffbed63353d983cd9efc5c7bc0538e70e0,2026-07-21T06:32:47+08:00,frozen RCG-ED,1370368.8770766184,True,OPTIMAL,True,1370368.877076619,1370368.8770766188,1.699036278104642e-16,9.131342099999983,True,True,4.746512709569941,OPTIMAL,True,1370368.8770766184,2.5570060000000012,new_ecp_formal_run,reused_frozen_baseline,historical_algorithm_result
True,C,STR_056,main_factorial,56,stress_N0200_A080_C080_DL_O110_S20268056,200,0.8,0.8,L,1.1,20268056,ECP-RCF,1,CERTIFIED_OPTIMAL,0,False,True,True,1544059.3414057873,1544059.3414057873,1544059.3414057873,0.0,2.415027299997746,2.6626278000039747,True,2.4059192999993684,0.0,0.0,0.0,80,0,True,True,True,0,80,80,132,68,0.66,0.34,100551.0,33655.0,True,0,0,21ae26a945cacd32771c797dfdc3cd825a1c409548584c16b852eb8d1cf3a435,517f4b328d86957c603e26f198e57bbe79ccf8dafee09a841428a00a3bd6f53c,2026-07-21T06:32:50+08:00,frozen RCG-ED,1544059.3414057877,True,OPTIMAL,True,1544059.341405788,1544059.3414057877,1.5079125355498907e-16,10.921339200000148,True,True,4.522242543597889,OPTIMAL,True,1544059.3414057877,2.837457899999663,new_ecp_formal_run,reused_frozen_baseline,historical_algorithm_result
True,C,STR_057,main_factorial,57,stress_N0200_A080_C080_DM_O090_S20268057,200,0.8,0.8,M,0.9,20268057,ECP-RCF,1,CERTIFIED_OPTIMAL,0,False,True,True,1376818.926815349,1376818.926815349,1376818.926815349,0.0,3.805949800007511,4.056560400000308,True,3.788416200011852,0.0,0.0,0.0,80,0,True,True,True,0,80,80,121,79,0.605,0.395,83833.0,44365.0,True,0,0,8a04e290fb87f5b28c87278463f4ab6fe88a30b6a03ac6005a1e87d4f7d11b5a,fa322ebd94e53e544010dc614eeebdae02d2d6e5768590549aefd066f1bbd3c2,2026-07-21T06:32:54+08:00,frozen RCG-ED,1376818.9268153496,True,OPTIMAL,True,1376818.92681535,1376818.9268153496,3.3821534425360984e-16,30.81863489999978,True,True,8.097488542791332,OPTIMAL,True,1376818.9268153496,5.832518300000629,new_ecp_formal_run,reused_frozen_baseline,historical_algorithm_result
True,C,STR_058,main_factorial,58,stress_N0200_A080_C080_DM_O110_S20268058,200,0.8,0.8,M,1.1,20268058,ECP-RCF,1,CERTIFIED_OPTIMAL,0,False,True,True,1507031.958245421,1507031.958245421,1507031.958245421,0.0,7.394533200000296,7.700476400001207,True,7.352890699999989,0.0,0.0,0.0,80,0,True,True,True,0,80,80,162,38,0.81,0.19,112575.0,20921.0,True,0,0,7c57801893248e2f222ae84935e8c5abbef69a41d200fdfa61d68f15d6ceb113,5fde1de27a158bb567aa09a7f7643b1c4609afd7fdba8be68000899ea421f260,2026-07-21T06:33:02+08:00,frozen RCG-ED,1507031.958245421,True,OPTIMAL,True,1507031.9582454208,1507031.9582454208,0.0,39.47786850000011,True,True,5.338791162638708,OPTIMAL,True,1507031.958245421,10.324461899999733,new_ecp_formal_run,reused_frozen_baseline,historical_algorithm_result
True,C,STR_059,main_factorial,59,stress_N0200_A080_C080_DH_O090_S20268059,200,0.8,0.8,H,0.9,20268059,ECP-RCF,1,CERTIFIED_OPTIMAL,0,False,True,True,1389427.6063771404,1389427.6063771404,1389427.6063771404,0.0,6.721953900007065,6.978402600012487,True,6.695332800009055,0.0,0.0,0.0,80,0,True,True,True,0,80,80,120,80,0.6,0.4,85176.0,44918.0,True,0,0,f23fcdbf9f5ea8186571bd797f77f1b236385408ef11dca9d1f7c51155950f8b,e7cebc5101f19347936ef57c17ab93d4df18ee7c55f1d6a423f3ca6552bda63b,2026-07-21T06:33:09+08:00,frozen RCG-ED,1389427.6063771406,True,OPTIMAL,True,1389427.6063771409,1389427.6063771406,1.6757306576120452e-16,55.08507009999994,True,True,8.194800339220125,OPTIMAL,True,1389427.6063771406,9.541759200000342,new_ecp_formal_run,reused_frozen_baseline,historical_algorithm_result
True,C,STR_060,main_factorial,60,stress_N0200_A080_C080_DH_O110_S20268060,200,0.8,0.8,H,1.1,20268060,ECP-RCF,1,CERTIFIED_OPTIMAL,0,False,True,True,1516846.571915979,1516846.571915979,1516846.2826881032,0.0,25.070589100010693,25.36462659999961,True,25.026871200010646,0.0,0.0,0.0,80,0,True,True,True,0,80,80,173,27,0.865,0.135,124386.0,10545.0,True,0,0,240281d3eda8f6428098630fd27a30f09f83b61df7e7b1ec50c3c4bfdc2466ad,3a42dfa910042488200165b66fa1204bacc95d7eeff7861a9b060a39076381ca,2026-07-21T06:33:34+08:00,frozen RCG-ED,1516846.3822019207,True,OPTIMAL,True,1516846.5719159795,1516846.282688104,1.9067708018082698e-07,100.0645185000003,True,True,3.9913110178953723,OPTIMAL,True,1516846.3822019207,29.508991599999717,new_ecp_formal_run,reused_frozen_baseline,historical_algorithm_result
True,C,STR_061,main_factorial,61,stress_N0200_A100_C050_DL_O090_S20268061,200,1.0,0.5,L,0.9,20268061,ECP-RCF,1,CERTIFIED_OPTIMAL,0,False,True,True,1388543.1224062971,1388543.1224062971,1388543.1224062971,0.0,1.2688218999974197,1.5124001000076532,True,1.2629895999998553,0.0,0.0,0.0,100,0,True,True,True,0,100,100,124,76,0.62,0.38,93115.0,38619.0,True,0,0,2f167a18abdf0e4b0dd68c01f8d552473d95260ec340bbfbea4de25d34d65197,9c43b21f36767d8f31b8d2306ea687c7e6e613f73c750cac6df0a56952f10024,2026-07-21T06:33:36+08:00,frozen RCG-ED,1388543.1224062978,True,OPTIMAL,True,1388543.122406298,1388543.1224062978,1.6767980763203237e-16,4.085689300000013,True,True,3.2200652432057812,OPTIMAL,True,1388543.1224062978,1.668092400000205,new_ecp_formal_run,reused_frozen_baseline,historical_algorithm_result
True,C,STR_062,main_factorial,62,stress_N0200_A100_C050_DL_O110_S20268062,200,1.0,0.5,L,1.1,20268062,ECP-RCF,1,CERTIFIED_OPTIMAL,0,False,True,True,1452208.0513739996,1452208.0513739996,1452208.0513739996,0.0,1.555099599994719,1.7981724999990547,True,1.5488268000044627,0.0,0.0,0.0,100,0,True,True,True,0,100,100,149,51,0.745,0.255,110078.0,21189.0,True,0,0,54ce1a1c8b7c4dd9ec07395c8e7640fecf17494e3a4ffcbd939a0d44a177968c,93cae5074b5ff283021f28cfec2ee3b7d76f14dc8b23bf923d865bf06d25e702,2026-07-21T06:33:38+08:00,frozen RCG-ED,1452208.051373999,True,OPTIMAL,True,1452208.0513739996,1452208.051373999,3.206574201727887e-16,4.776730900000075,True,True,3.0716559248142667,OPTIMAL,True,1452208.051373999,1.893896799999311,new_ecp_formal_run,reused_frozen_baseline,historical_algorithm_result
True,C,STR_063,main_factorial,63,stress_N0200_A100_C050_DM_O090_S20268063,200,1.0,0.5,M,0.9,20268063,ECP-RCF,1,CERTIFIED_OPTIMAL,0,False,True,True,1381393.3384138574,1381393.3384138574,1381393.3384138574,0.0,2.2062123000068823,2.455852600003709,True,2.196730000010575,0.0,0.0,0.0,100,0,True,True,True,0,100,100,134,66,0.67,0.33,96583.0,35385.0,True,0,0,776e0945f2492d766609d682f7d14adb3d0195b00d8f230f15a2deb5ebbf8682,0f9d19856d218faf951f32cfc045d2b3ab5fd4be6ad91d5926b17b30f91990ca,2026-07-21T06:33:40+08:00,frozen RCG-ED,1381393.3384138574,True,OPTIMAL,True,1381393.3384138576,1381393.3384138562,1.0112860856323959e-15,9.717689499999324,True,True,4.404693736848901,OPTIMAL,True,1381393.3384138574,2.808856300000116,new_ecp_formal_run,reused_frozen_baseline,historical_algorithm_result
True,C,STR_064,main_factorial,64,stress_N0200_A100_C050_DM_O110_S20268064,200,1.0,0.5,M,1.1,20268064,ECP-RCF,1,CERTIFIED_OPTIMAL,0,False,True,True,1420436.493269417,1420436.493269417,1420436.493269417,0.0,3.846461500012083,4.101269999999204,True,3.834807000006549,0.0,0.0,0.0,100,0,True,True,True,0,100,100,172,28,0.86,0.14,121345.0,10938.0,True,0,0,85d5bb2203497101cbb422d6ef195b8869b74b5f6de72d73ddae9b28ee6eab10,590b1591357dbbebdde5e3fd649f3dcc4e020909fcb3d46b31c03befd50af8fe,2026-07-21T06:33:45+08:00,frozen RCG-ED,1420436.493269417,True,OPTIMAL,True,1420436.493269417,1420436.4932694167,1.639148562833412e-16,19.806303400000616,True,True,5.149226997316468,OPTIMAL,True,1420436.493269417,3.9364147000005687,new_ecp_formal_run,reused_frozen_baseline,historical_algorithm_result
True,C,STR_065,main_factorial,65,stress_N0200_A100_C050_DH_O090_S20268065,200,1.0,0.5,H,0.9,20268065,ECP-RCF,1,CERTIFIED_OPTIMAL,0,False,True,True,1404938.7786118079,1404938.7786118079,1404938.7786118079,0.0,3.360998299991479,3.6205806999932975,True,3.348947799997404,0.0,0.0,0.0,100,0,True,True,True,0,100,100,143,57,0.715,0.285,103087.0,32129.0,True,0,0,7b1eb839c6a34730119d9e042210d9d29f7a27bbf1c6737281509e5141a346f8,3a604d83ff0e4846e841b7f9ac8b90048fb16807466de4bdfd107413e6376fbe,2026-07-21T06:33:48+08:00,frozen RCG-ED,1404938.7786118085,True,OPTIMAL,True,1404938.778611809,1404938.778611809,0.0,23.13997240000026,True,True,6.8848509682551535,OPTIMAL,True,1404938.7786118085,3.8088755999997375,new_ecp_formal_run,reused_frozen_baseline,historical_algorithm_result
True,C,STR_066,main_factorial,66,stress_N0200_A100_C050_DH_O110_S20268066,200,1.0,0.5,H,1.1,20268066,ECP-RCF,1,CERTIFIED_OPTIMAL,0,False,True,True,1417364.0827111362,1417364.0827111362,1417364.0827111362,0.0,5.993778400006704,6.259754200000316,True,5.976977900005295,0.0,0.0,0.0,100,0,True,True,True,0,100,100,196,4,0.98,0.02,130152.0,1592.0,True,0,0,2b0ab198b98907cdeac211a053b8af709e397bf68134cea8d9a0ca67738315bd,0be5ad6f9c4394196f08db4a3861c35301bb3c8a1d50ada1f64dcb8b3fcb7c98,2026-07-21T06:33:55+08:00,frozen RCG-ED,1417364.082711137,True,OPTIMAL,True,1417364.0827111367,1417364.0827111364,1.6427017341127392e-16,29.23379079999995,True,True,4.8773559596342855,OPTIMAL,True,1417364.082711137,7.231226799999604,new_ecp_formal_run,reused_frozen_baseline,historical_algorithm_result
True,C,STR_067,main_factorial,67,stress_N0200_A100_C080_DL_O090_S20268067,200,1.0,0.8,L,0.9,20268067,ECP-RCF,1,CERTIFIED_OPTIMAL,0,False,True,True,1427580.9732472769,1427580.9732472769,1427580.9732472769,0.0,2.5358295000041835,2.772289800006547,True,2.526137499997276,0.0,0.0,0.0,100,0,True,True,True,0,100,100,130,70,0.65,0.35,104638.0,32547.0,True,0,0,05bfc7072b7884aed2f3ac5fa69a451274a6248f1d80ad61e89e724c6678a7a7,4d609820d58745365e3a01f906dff47420337cc709cb0bc3584fb95dcf65e02d,2026-07-21T06:33:57+08:00,frozen RCG-ED,1427580.9732472764,True,OPTIMAL,True,1427580.973247277,1427580.9732472762,6.523781081902668e-16,13.466607000000295,True,True,5.310533298858648,OPTIMAL,True,1427580.9732472764,3.6845800999999483,new_ecp_formal_run,reused_frozen_baseline,historical_algorithm_result
True,C,STR_068,main_factorial,68,stress_N0200_A100_C080_DL_O110_S20268068,200,1.0,0.8,L,1.1,20268068,ECP-RCF,1,CERTIFIED_OPTIMAL,0,False,True,True,1454381.2191580865,1454381.2191580865,1454381.2191580865,0.0,2.8172377000009874,3.0669502999953693,True,2.8040397000004305,0.0,0.0,0.0,100,0,True,True,True,0,100,100,149,51,0.745,0.255,109826.0,21690.0,True,0,0,7765d2f4dc26408ddd2713587208cb2fe28ada92ce282d75c9d781b7aa7414a0,ff0d8dea55071581e930ade8ccb3623d7709cf733017c0687e50eb9f1a0bf5f1,2026-07-21T06:34:01+08:00,frozen RCG-ED,1454381.2191580874,True,OPTIMAL,True,1454381.2191580874,1454381.2191580872,1.6008914346999797e-16,12.022133899999972,True,True,4.267348083548562,OPTIMAL,True,1454381.2191580874,4.448406800000157,new_ecp_formal_run,reused_frozen_baseline,historical_algorithm_result
True,C,STR_069,main_factorial,69,stress_N0200_A100_C080_DM_O090_S20268069,200,1.0,0.8,M,0.9,20268069,ECP-RCF,1,CERTIFIED_OPTIMAL,0,False,True,True,1441315.7159820916,1441315.7159820916,1441315.7159820916,0.0,6.810374500011676,7.083314100003918,True,6.783845200014184,0.0,0.0,0.0,100,0,True,True,True,0,100,100,133,67,0.665,0.335,98267.0,38040.0,True,0,0,ad3ddad48ac8a15b6079251ea69e85310b99d0b37c037e440d7035c3cfa4b923,3e239bc66fcf9bd941a4ecdc98520e1629bdb98df023c6fb1c2f8ecf4b5a01e6,2026-07-21T06:34:08+08:00,frozen RCG-ED,1441315.715982092,True,OPTIMAL,True,1441315.715982093,1441315.715982093,0.0,30.320565799999713,True,True,4.452114314704387,OPTIMAL,True,1441315.715982092,6.967255000000478,new_ecp_formal_run,reused_frozen_baseline,historical_algorithm_result
True,C,STR_070,main_factorial,70,stress_N0200_A100_C080_DM_O110_S20268070,200,1.0,0.8,M,1.1,20268070,ECP-RCF,1,CERTIFIED_OPTIMAL,0,False,True,True,1546169.789957365,1546169.789957365,1546169.789957365,0.0,9.333019499987131,9.62964070000453,True,9.29836199998681,0.0,0.0,0.0,100,0,True,True,True,0,100,100,176,24,0.88,0.12,130700.0,11164.0,True,0,0,107468a7d5942954de8540d38d541d1ec1b50a3f28d91b440721320be040030e,7495c17f66faf12dc37eba9f08aa859122e4337dc3476881c6b749ac16c3380e,2026-07-21T06:34:17+08:00,frozen RCG-ED,1546169.789957366,True,OPTIMAL,True,1546169.7899573657,1546169.7899573655,1.5058543063390842e-16,66.95069109999986,True,True,7.173529542083585,OPTIMAL,True,1546169.789957366,11.225362500000301,new_ecp_formal_run,reused_frozen_baseline,historical_algorithm_result
True,C,STR_071,main_factorial,71,stress_N0200_A100_C080_DH_O090_S20268071,200,1.0,0.8,H,0.9,20268071,ECP-RCF,1,CERTIFIED_OPTIMAL,0,False,True,True,1358784.3738380242,1358784.3738380242,1358784.3738380242,0.0,10.62380370000028,10.904053199992632,True,10.595229700003983,0.0,0.0,0.0,100,0,True,True,True,0,100,100,143,57,0.715,0.285,103339.0,27962.0,True,0,0,d07f78b4cd1a0fa65af5bde46e699bbd3b8453d40357383864f4d9b84e8223f9,201cb282c0d04fc7595ae2c80f7ce555c0d8afa759c4161b9f1f64fadb7645d6,2026-07-21T06:34:28+08:00,frozen RCG-ED,1358784.3738380247,True,OPTIMAL,True,1358784.3738380242,1358784.3738380237,3.427043291588876e-16,120.50944250000066,True,True,11.34334235674907,OPTIMAL,True,1358784.3738380247,13.044053199999325,new_ecp_formal_run,reused_frozen_baseline,historical_algorithm_result
True,C,STR_072,main_factorial,72,stress_N0200_A100_C080_DH_O110_S20268072,200,1.0,0.8,H,1.1,20268072,ECP-RCF,1,CERTIFIED_OPTIMAL,0,False,True,True,1433783.7265369038,1433783.7265369038,1433783.7265369038,0.0,24.604649400003836,24.908588199992664,True,24.56083080000826,0.0,0.0,0.0,100,0,True,True,True,0,100,100,184,16,0.92,0.08,124807.0,7613.0,True,0,0,cc54d1b8fb61d3821ab554baf4bd622eeab4216a08b3ada1b39e4a5f29ff94b0,aa9011693e7f7cc5c343e9117b5e81ebcb838359fe1a19ac4c5db9ee3fbef4e0,2026-07-21T06:34:53+08:00,frozen RCG-ED,1433783.7265369035,True,OPTIMAL,True,1433783.7265369042,1433783.726536903,8.119447840862238e-16,152.22648299999946,True,True,6.186899090705016,OPTIMAL,True,1433783.7265369035,37.60312739999972,new_ecp_formal_run,reused_frozen_baseline,historical_algorithm_result
True,C,STR_073,main_factorial,73,stress_N0400_A050_C050_DL_O090_S20268073,400,0.5,0.5,L,0.9,20268073,ECP-RCF,1,CERTIFIED_OPTIMAL,0,False,True,True,2874817.0106066256,2874817.0106066256,2874817.0106066256,0.0,4.865579800010892,5.219684399999096,True,4.848016600008123,0.0,0.0,0.0,100,0,True,True,True,0,100,100,164,236,0.41,0.59,124114.0,135621.0,True,0,0,31e1ce75e7d7aef6e9a1577d73bde6159665e06df400a26f198262742da8d01b,85f9d78eb07f42d19b5d1ca61ecef5d8bfc2b53ee7fa82ce368a0c29d3d368c7,2026-07-21T06:34:59+08:00,frozen RCG-ED,2874817.0106066256,True,OPTIMAL,True,2874817.010606622,2874817.01060662,6.479178126325042e-16,34.85585209999954,True,True,7.163761264365968,OPTIMAL,True,2874817.0106066256,5.62848380000014,new_ecp_formal_run,reused_frozen_baseline,historical_algorithm_result
True,C,STR_074,main_factorial,74,stress_N0400_A050_C050_DL_O110_S20268074,400,0.5,0.5,L,1.1,20268074,ECP-RCF,1,CERTIFIED_OPTIMAL,0,False,True,True,3206182.2191069494,3206182.2191069494,3206182.2191069494,0.0,5.116022700007306,5.454851600006805,True,5.097015100007411,0.0,0.0,0.0,100,0,True,True,True,0,100,100,192,208,0.48,0.52,141664.0,119125.0,True,0,0,f958a4b96f190299c4f2ee9d612d86f31fe4cfe78332d06fa22adc032895ff3f,1e5e1c3be676de22f5120eb62904a9861b1f1b3d110203269b8b94977c5ecf21,2026-07-21T06:35:04+08:00,frozen RCG-ED,3206182.2191069503,True,OPTIMAL,True,3206182.2191069494,3206182.219106943,2.0333398343542137e-15,93.26561000000038,True,True,18.23010089456155,OPTIMAL,True,3206182.2191069503,5.837639000000308,new_ecp_formal_run,reused_frozen_baseline,historical_algorithm_result
True,C,STR_075,main_factorial,75,stress_N0400_A050_C050_DM_O090_S20268075,400,0.5,0.5,M,0.9,20268075,ECP-RCF,1,CERTIFIED_OPTIMAL,0,False,True,True,2881568.761942908,2881568.761942908,2881568.705167541,0.0,30.16163190000225,30.52227739999944,True,30.12375620000239,0.0,0.0,0.0,100,0,True,True,True,0,100,100,183,217,0.4575,0.5425,134114.0,126979.0,True,0,0,679d92797d4be9a840436ec67c898f5cf483f45c63beda81bc3f7fd4c08b1f35,9621b02dd0b8a503cc8189e2b0331d932428e673ed423675d8b6ed049738491c,2026-07-21T06:35:35+08:00,frozen RCG-ED,2881568.7203342025,True,OPTIMAL,True,2881568.952920398,2881568.705167535,8.597846070327783e-08,170.6332433000007,True,True,5.657294799754783,OPTIMAL,True,2881568.7203342025,18.554487899999913,new_ecp_formal_run,reused_frozen_baseline,historical_algorithm_result
True,C,STR_076,main_factorial,76,stress_N0400_A050_C050_DM_O110_S20268076,400,0.5,0.5,M,1.1,20268076,ECP-RCF,1,CERTIFIED_OPTIMAL,0,False,True,True,3158509.036991674,3158509.036991674,3158508.478693132,0.0,35.41718360000232,35.77936669999326,True,35.379856999992626,0.0,0.0,0.0,100,0,True,True,True,0,100,100,274,126,0.685,0.315,188045.0,70571.0,True,0,0,b813411fedb4b6236d2e54dfe4171dae5478a9e45c4bc670c47f2d9b51bd18ba,13c076dd8302d275861ba14cb05f53927c41d7f0d13beef84d0d9b5bc337e878,2026-07-21T06:36:11+08:00,frozen RCG-ED,3158510.171394223,True,FEASIBLE,False,3868830.5852659545,0.0,1.0,601.0484759999999,False,False,,OPTIMAL,True,3158510.171394223,35.362095799999224,new_ecp_formal_run,reused_frozen_baseline,historical_algorithm_result
True,C,STR_077,main_factorial,77,stress_N0400_A050_C050_DH_O090_S20268077,400,0.5,0.5,H,0.9,20268077,ECP-RCF,1,CERTIFIED_OPTIMAL,0,False,True,True,2850674.121064955,2850674.121064955,2850674.121064955,0.0,16.3858700000128,16.75283370001125,True,16.33746360000805,0.0,0.0,0.0,100,0,True,True,True,0,100,100,181,219,0.4525,0.5475,132611.0,127336.0,True,0,0,f451ce0cd7e4fc60cedbfba45ceb4fca603f3b59a9139c62c1b45a46f6947eab,b8f2340dd4b3ccaceb477da30712581770f56aec43295ffeb790aaec681f520c,2026-07-21T06:36:28+08:00,frozen RCG-ED,2850674.121064956,True,OPTIMAL,True,2850674.1210649577,2850674.1210649554,8.167564364280563e-16,293.55960460000006,True,True,17.915411546641753,OPTIMAL,True,2850674.121064956,19.04689159999998,new_ecp_formal_run,reused_frozen_baseline,historical_algorithm_result
True,C,STR_078,main_factorial,78,stress_N0400_A050_C050_DH_O110_S20268078,400,0.5,0.5,H,1.1,20268078,ECP-RCF,1,FEASIBLE_UNCERTIFIED,0,False,True,False,3143197.941405718,3143197.941405718,3141554.240654917,0.0005229389880759917,601.9385201999976,602.80875750001,True,147.23169320001034,0.6712245999951847,9.515385299993795,442.84012790001,100,0,True,True,True,0,100,100,342,58,0.855,0.145,231020.0,32311.0,True,0,0,b3ecafcf8361c4d263bda8b2ac0dc0d8762f3697b83cd364f540594fec1a5578,40c42ec33ef7ab68b3a286183deb609318cce0d8f1dd3d8841e08ec3684cfc82,2026-07-21T06:46:30+08:00,frozen RCG-ED,3141557.7634107997,False,FEASIBLE,False,3932007.2360364124,44699.412339999995,0.9886319099491133,601.3067255000005,False,False,,OPTIMAL,True,3141557.7634107997,372.77632750000066,new_ecp_formal_run,reused_frozen_baseline,historical_algorithm_result
True,C,STR_079,main_factorial,79,stress_N0400_A050_C080_DL_O090_S20268079,400,0.5,0.8,L,0.9,20268079,ECP-RCF,1,CERTIFIED_OPTIMAL,0,False,True,True,2796390.971298816,2796390.971298816,2796390.971298814,0.0,10.407543900000746,10.855460299993865,True,10.379353500000434,0.0,0.0,0.0,100,0,True,True,True,0,100,100,166,234,0.415,0.585,119255.0,133652.0,True,0,0,583f47f68d9a795ad2ffc36aa1dcbd8ed28bfda1ba3862354f39a7f3f0b71bce,4ea3c003b70946fb019740407879ce7a04aba39939887e954b4f7a96bf59d94c,2026-07-21T06:46:41+08:00,frozen RCG-ED,2796390.971298815,True,OPTIMAL,True,2796390.971298817,2796390.971298817,0.0,89.99139309999919,True,True,8.646746433612712,OPTIMAL,True,2796390.971298815,13.933989200000724,new_ecp_formal_run,reused_frozen_baseline,historical_algorithm_result
True,C,STR_080,main_factorial,80,stress_N0400_A050_C080_DL_O110_S20268080,400,0.5,0.8,L,1.1,20268080,ECP-RCF,1,CERTIFIED_OPTIMAL,0,False,True,True,3173649.5055310912,3173649.5055310912,3173649.5055310912,0.0,10.017293099997914,10.372565600002417,True,9.983694099995773,0.0,0.0,0.0,100,0,True,True,True,0,100,100,192,208,0.48,0.52,142599.0,114541.0,True,0,0,9f3e100dd3e7085e5591f1802e1f769c8d9fb563f48bd130d5105e3eafeeb892,ec38f52d75f1f7e11f557a5d7b4630d74ce29f9ae9efc356bbf76ab9c209bb03,2026-07-21T06:46:52+08:00,frozen RCG-ED,3173649.5055310912,True,OPTIMAL,True,3173649.505531094,3173649.505531094,0.0,241.2562498999996,True,True,24.083976328899652,OPTIMAL,True,3173649.5055310912,16.206910800001424,new_ecp_formal_run,reused_frozen_baseline,historical_algorithm_result
True,C,STR_081,main_factorial,81,stress_N0400_A050_C080_DM_O090_S20268081,400,0.5,0.8,M,0.9,20268081,ECP-RCF,1,CERTIFIED_OPTIMAL,0,False,True,True,2830628.9430981698,2830628.9430981698,2830628.9430981698,0.0,26.228607700002613,26.602637400006643,True,26.16022439999506,0.0,0.0,0.0,100,0,True,True,True,0,100,100,185,215,0.4625,0.5375,125981.0,130317.0,True,0,0,1079c0d973e37d5f19e6d2e1fbd40f037593f612f8727624c6f6843fd8d9c63c,b99a53f8b04aaea1dc34f672948630690d5583be0a02b60dbf572c2814b19223,2026-07-21T06:47:19+08:00,frozen RCG-ED,2830628.94309817,True,OPTIMAL,True,2830628.9430981716,2830628.943098171,1.6450806399162478e-16,424.95861180000065,True,True,16.202103316370785,OPTIMAL,True,2830628.94309817,41.8255979000005,new_ecp_formal_run,reused_frozen_baseline,historical_algorithm_result
True,C,STR_082,main_factorial,82,stress_N0400_A050_C080_DM_O110_S20268082,400,0.5,0.8,M,1.1,20268082,ECP-RCF,1,CERTIFIED_OPTIMAL,0,False,True,True,3153597.3091379907,3153597.3091379907,3153597.2989807627,0.0,45.87443539999367,46.27990179999324,True,45.7907841999986,0.0,0.0,0.0,100,0,True,True,True,0,100,100,270,130,0.675,0.325,187366.0,74069.0,True,0,0,9e0f0c4f52b69dbb4244d0183b64f5711eec5569d5059dc40868b269d5d732b2,845239aeaa7699c5aeef744cbbba918b44c51970db281b8bd0a51e7d7df2ecb5,2026-07-21T06:48:05+08:00,frozen RCG-ED,3153597.30913799,True,FEASIBLE,False,3911109.4962913524,0.0,1.0,601.6139860999992,False,False,,OPTIMAL,True,3153597.30913799,80.76999879999858,new_ecp_formal_run,reused_frozen_baseline,historical_algorithm_result
True,C,STR_083,main_factorial,83,stress_N0400_A050_C080_DH_O090_S20268083,400,0.5,0.8,H,0.9,20268083,ECP-RCF,1,CERTIFIED_OPTIMAL,0,False,True,True,2891864.191255928,2891864.191255928,2891864.1626754515,0.0,50.17884929999127,50.569978500003344,True,50.06966019999527,0.0,0.0,0.0,100,0,True,True,True,0,100,100,190,210,0.475,0.525,139507.0,124985.0,True,0,0,2d189b1722e4120ba016dcd74a2ae77c182d8137c031025cf13cdd3ef4e2c690,b57b404424525f75fa7001207775572948106a0da909c839e63711e8c3c3e149,2026-07-21T06:48:56+08:00,frozen RCG-ED,2891864.234001972,True,FEASIBLE,False,3234614.9542809897,0.0,1.0,603.1098158000004,False,False,,OPTIMAL,True,2891864.234001972,89.27294979999897,new_ecp_formal_run,reused_frozen_baseline,historical_algorithm_result
True,C,STR_084,main_factorial,84,stress_N0400_A050_C080_DH_O110_S20268084,400,0.5,0.8,H,1.1,20268084,ECP-RCF,1,FEASIBLE_UNCERTIFIED,0,False,True,False,3070903.001510103,3070903.001510103,3070487.0277119465,0.00013545650837935847,601.8845203999954,602.882099399998,True,241.1975734000007,1.2600422999967122,10.403824599998188,347.32427769999777,100,0,True,True,True,0,100,100,339,61,0.8475,0.1525,221279.0,35685.0,True,0,0,c86316d622d2a13d9db471e954bac3f8015573115d5d8d8c9982d69f85c771f0,c137f079e5e554b48db7e8ebfcc87ef729a9b495f63b8f24ecfa90788c688929,2026-07-21T06:58:59+08:00,frozen RCG-ED,3070487.188509864,False,FEASIBLE,False,3849200.104630891,0.0,1.0,602.3898938000002,False,False,,OPTIMAL,True,3070487.188509864,511.29061659999934,new_ecp_formal_run,reused_frozen_baseline,historical_algorithm_result
True,C,STR_085,main_factorial,85,stress_N0400_A080_C050_DL_O090_S20268085,400,0.8,0.5,L,0.9,20268085,ECP-RCF,1,CERTIFIED_OPTIMAL,0,False,True,True,2738190.466376052,2738190.466376052,2738190.466376052,0.0,8.435187900002347,8.919970599992666,True,8.40742339999997,0.0,0.0,0.0,160,0,True,True,True,0,160,160,224,176,0.56,0.44,171297.0,84873.0,True,0,0,e7b18aac82c76a0e933247cad850857a567da060ec230371a273985fdf414cac,3e5f0a18d55f85be61c864f089701eddf62b458062ad00fb8b3b566b926ccfcc,2026-07-21T06:59:08+08:00,frozen RCG-ED,2738190.466376051,True,OPTIMAL,True,2738190.466376051,2738190.46637605,3.40123372004895e-16,129.30382709999867,True,True,15.329098608456924,OPTIMAL,True,2738190.466376051,11.772644699998636,new_ecp_formal_run,reused_frozen_baseline,historical_algorithm_result
True,C,STR_086,main_factorial,86,stress_N0400_A080_C050_DL_O110_S20268086,400,0.8,0.5,L,1.1,20268086,ECP-RCF,1,CERTIFIED_OPTIMAL,0,False,True,True,3019235.2352927043,3019235.2352927043,3019235.197254318,0.0,28.624167100002524,29.017379799988703,True,28.59001729999727,0.0,0.0,0.0,160,0,True,True,True,0,160,160,262,138,0.655,0.345,191687.0,70485.0,True,0,0,51ad6ae1924b87e8d786a1c0d40ab5afd391284fcb77e7026fff085403f620c4,45653cff86d66e35c14ee9412d39e7dbae41499bfbe1421a120ae6316aa0c31b,2026-07-21T06:59:37+08:00,frozen RCG-ED,3019236.2277259612,True,OPTIMAL,True,3019236.241917816,3019235.197254317,3.460025699896467e-07,116.83888499999921,True,True,4.081826541600538,OPTIMAL,True,3019236.2277259612,25.933979000001273,new_ecp_formal_run,reused_frozen_baseline,historical_algorithm_result
True,C,STR_087,main_factorial,87,stress_N0400_A080_C050_DM_O090_S20268087,400,0.8,0.5,M,0.9,20268087,ECP-RCF,1,CERTIFIED_OPTIMAL,0,False,True,True,2796431.989112933,2796431.989112933,2796431.989112933,0.0,19.88560900000448,20.277199400006793,True,19.829557400007616,0.0,0.0,0.0,160,0,True,True,True,0,160,160,249,151,0.6225,0.3775,184018.0,80768.0,True,0,0,09d65ae99f75392f9b38d2d246c64180778019d11afbb509013a713af85aa7c6,9d5fdc2701b462de0933330ccf153d2958c855136661f3770d80e0540943d8d7,2026-07-21T06:59:57+08:00,frozen RCG-ED,2796431.9891129327,True,OPTIMAL,True,2796431.989112934,2796431.9891129313,9.991187823354574e-16,256.5010160999991,True,True,12.898826286886226,OPTIMAL,True,2796431.9891129327,26.79658489999929,new_ecp_formal_run,reused_frozen_baseline,historical_algorithm_result
True,C,STR_088,main_factorial,88,stress_N0400_A080_C050_DM_O110_S20268088,400,0.8,0.5,M,1.1,20268088,ECP-RCF,1,CERTIFIED_OPTIMAL,0,False,True,True,3029176.5648470507,3029176.5648470507,3029176.5097679445,0.0,71.76325409999117,72.18495720000647,True,71.70110870001372,0.0,0.0,0.0,160,0,True,True,True,0,160,160,328,72,0.82,0.18,230676.0,37358.0,True,0,0,82ef8d4de6176aed5b8701089199f24865faad43bc553be64c085109412e2853,c7206390b89dfbe812ed72c66d54573bf85aa98e6e9f3d10b1c3a254cd5bce56,2026-07-21T07:01:09+08:00,frozen RCG-ED,3029176.524355175,True,FEASIBLE,False,3998832.038895386,0.0,1.0,601.3585015000008,False,False,,OPTIMAL,True,3029176.524355175,61.29096369999934,new_ecp_formal_run,reused_frozen_baseline,historical_algorithm_result
True,C,STR_089,main_factorial,89,stress_N0400_A080_C050_DH_O090_S20268089,400,0.8,0.5,H,0.9,20268089,ECP-RCF,1,CERTIFIED_OPTIMAL,0,False,True,True,2857695.0832368573,2857695.0832368573,2857695.0832368573,0.0,25.881599500018638,26.279441799997585,True,25.807167199993273,0.0,0.0,0.0,160,0,True,True,True,0,160,160,235,165,0.5875,0.4125,185112.0,84147.0,True,0,0,cdeab07ca6b06c7182606795b04a35f84a63183295b8c12a1bbc211fe25872b8,bd03633765667a90e74a554440a718bbb057ef72ac508327a702047dfc6dbd99,2026-07-21T07:01:36+08:00,frozen RCG-ED,2857695.083236855,True,OPTIMAL,True,2857695.0832368555,2857695.0832368555,0.0,437.7699762000011,True,True,16.914332369592763,OPTIMAL,True,2857695.083236855,36.756217500000275,new_ecp_formal_run,reused_frozen_baseline,historical_algorithm_result
True,C,STR_090,main_factorial,90,stress_N0400_A080_C050_DH_O110_S20268090,400,0.8,0.5,H,1.1,20268090,ECP-RCF,1,CERTIFIED_OPTIMAL,0,False,True,True,2900703.343618091,2900703.343618091,2900700.662129498,0.0,168.05048519998672,168.5132969999977,True,167.94434009998804,0.0,0.0,0.0,160,0,True,True,True,0,160,160,355,45,0.8875,0.1125,235260.0,23233.0,True,0,0,224be47cb89dfe2e35a3032e2fdff90ca529fb32579d2599e06d60b4018a9057,75e7e935818964067394da31deaf8b24344c35367606cd779cd1b9f24f688423,2026-07-21T07:04:24+08:00,frozen RCG-ED,2900703.4860591283,True,FEASIBLE,False,3860935.0639902237,30867.87858922,0.9920050769884438,601.6505283999995,False,False,,OPTIMAL,True,2900703.4860591283,162.42592420000074,new_ecp_formal_run,reused_frozen_baseline,historical_algorithm_result
True,C,STR_091,main_factorial,91,stress_N0400_A080_C080_DL_O090_S20268091,400,0.8,0.8,L,0.9,20268091,ECP-RCF,1,CERTIFIED_OPTIMAL,0,False,True,True,2820390.268120758,2820390.268120758,2820390.268120758,0.0,19.064755300001707,19.4571248999855,True,19.00792959998944,0.0,0.0,0.0,160,0,True,True,True,0,160,160,227,173,0.5675,0.4325,179925.0,85623.0,True,0,0,91bb2a4129389470c3d541b45b0e7962edd5a779f0c9e9c3d07d92d67906751c,c20e750ceb8021d330bdd0e5e7805ca88034eaa117f13941b4b01c41a7ebce61,2026-07-21T07:04:44+08:00,frozen RCG-ED,2820390.268120759,True,OPTIMAL,True,2820390.268120758,2820390.268120758,0.0,260.7126764000004,True,True,13.675112651457797,OPTIMAL,True,2820390.268120759,36.185066500000175,new_ecp_formal_run,reused_frozen_baseline,historical_algorithm_result
True,C,STR_092,main_factorial,92,stress_N0400_A080_C080_DL_O110_S20268092,400,0.8,0.8,L,1.1,20268092,ECP-RCF,1,CERTIFIED_OPTIMAL,0,False,True,True,3084823.0037834067,3084823.0037834067,3084823.0037834067,0.0,22.565157899982296,22.981551599979866,True,22.502624999993714,0.0,0.0,0.0,160,0,True,True,True,0,160,160,256,144,0.64,0.36,199576.0,68620.0,True,0,0,c273a2ed96dfe3ddea5ad8c7f888b6c72157c5438a68a9aca8ffc5f050ad59c5,4d9accf701bb8aa917c0481e8ffb9eab2edde9b5a4d65c1fd6034566ec50b871,2026-07-21T07:05:07+08:00,frozen RCG-ED,3084823.0037834067,True,OPTIMAL,True,3084823.0037834067,3084823.0037834034,1.0566664625997589e-15,312.42931130000034,True,True,13.845651454548229,OPTIMAL,True,3084823.0037834067,43.58537820000129,new_ecp_formal_run,reused_frozen_baseline,historical_algorithm_result
True,C,STR_093,main_factorial,93,stress_N0400_A080_C080_DM_O090_S20268093,400,0.8,0.8,M,0.9,20268093,ECP-RCF,1,CERTIFIED_OPTIMAL,0,False,True,True,2780821.2169576795,2780821.2169576795,2780821.2169576795,0.0,51.77849799999967,52.208386400016025,True,51.663410099979956,0.0,0.0,0.0,160,0,True,True,True,0,160,160,243,157,0.6075,0.3925,174835.0,86966.0,True,0,0,43d8b2cd3d313d12e61e9ed92aedc766aecfd13db73c280817842eddebba4bdb,20c7a9fad844eb0df1b2ee9ffd78204656c0578a5a7739632167fccbce860342,2026-07-21T07:05:59+08:00,frozen RCG-ED,2780821.21695768,True,FEASIBLE,False,3211407.397076449,0.0,1.0,602.3504033999998,False,False,,OPTIMAL,True,2780821.21695768,86.7182552000013,new_ecp_formal_run,reused_frozen_baseline,historical_algorithm_result
True,C,STR_094,main_factorial,94,stress_N0400_A080_C080_DM_O110_S20268094,400,0.8,0.8,M,1.1,20268094,ECP-RCF,1,CERTIFIED_OPTIMAL,0,False,True,True,2933002.6735951314,2933002.6735951314,2933002.668060254,0.0,110.42803109998931,110.90826329999254,True,110.29244260000996,0.0,0.0,0.0,160,0,True,True,True,0,160,160,332,68,0.83,0.17,226281.0,32541.0,True,0,0,886530d7f5b7b0e5bd6378070165932d4c2c70d4d4abbeefccf17bddd7ba74f0,fc872d604ebae899c78c1fb7b964925f5cc49a78f0678f9367351369e1659305,2026-07-21T07:07:51+08:00,frozen RCG-ED,2933002.6746642212,True,FEASIBLE,False,3869195.5739556337,0.0,1.0,602.3445313999982,False,False,,OPTIMAL,True,2933002.6746642212,240.24355460000152,new_ecp_formal_run,reused_frozen_baseline,historical_algorithm_result
True,C,STR_095,main_factorial,95,stress_N0400_A080_C080_DH_O090_S20268095,400,0.8,0.8,H,0.9,20268095,ECP-RCF,1,CERTIFIED_OPTIMAL,0,False,True,True,2744848.9934640145,2744848.9934640145,2744848.9934640145,0.0,73.92324559998815,75.11878930000239,True,73.76688119999017,0.0,0.0,0.0,160,0,True,True,True,0,160,160,251,149,0.6275,0.3725,173781.0,84021.0,True,0,0,cb2edfb600a1631fad6e5ca12990ee9fa03d4ddbcd6640d60d0aa2c0f461add5,30f9cde349ce59c57f73b035c602c35cf2e96a0311b9ce990d19c0ffe6ea8bbb,2026-07-21T07:09:06+08:00,frozen RCG-ED,2744848.993464014,True,FEASIBLE,False,3158441.491916,4141.64834358,0.9986887050609674,604.5562869999994,False,False,,OPTIMAL,True,2744848.993464014,134.485295399998,new_ecp_formal_run,reused_frozen_baseline,historical_algorithm_result
True,C,STR_096,main_factorial,96,stress_N0400_A080_C080_DH_O110_S20268096,400,0.8,0.8,H,1.1,20268096,ECP-RCF,1,CERTIFIED_OPTIMAL,0,False,True,True,2980987.746707395,2980987.746707395,2980987.746707395,0.0,413.5921171999944,414.2625831000041,True,413.31901979999384,0.0,0.0,0.0,160,0,True,True,True,0,160,160,371,29,0.9275,0.0725,253711.0,13773.0,True,0,0,67149eb1a2e976f1e4cbf9c5558ed4f4be0f1f733d7db2bd1b2e8e4a10671f4c,c4cf9275e8e2583e0c2988df5e2a131572b8b953f1ae8008ceb8a11b11a49e64,2026-07-21T07:16:00+08:00,frozen RCG-ED,2980987.746707395,True,FEASIBLE,False,3998597.995463672,0.0,1.0,604.6468055000005,False,False,,OPTIMAL,True,2980987.746707395,563.6755522999993,new_ecp_formal_run,reused_frozen_baseline,historical_algorithm_result
True,C,STR_097,main_factorial,97,stress_N0400_A100_C050_DL_O090_S20268097,400,1.0,0.5,L,0.9,20268097,ECP-RCF,1,CERTIFIED_OPTIMAL,0,False,True,True,2744732.983001794,2744732.983001794,2744732.983001794,0.0,12.089853899989976,12.522931099985726,True,12.053202599985525,0.0,0.0,0.0,200,0,True,True,True,0,200,200,268,132,0.67,0.33,194010.0,67800.0,True,0,0,51ee450ae586549b7fc7bfa53d3ad73e134c0da2b97b7709f8452d2a0752c902,a200667981a769262e39a999d8525b99e88f6c71b13c64189147cdb1427fdd65,2026-07-21T07:16:13+08:00,frozen RCG-ED,2744732.983001794,True,OPTIMAL,True,2744732.983001796,2744732.983001796,0.0,74.29553859999942,True,True,6.145280101363427,OPTIMAL,True,2744732.983001794,18.605629099998623,new_ecp_formal_run,reused_frozen_baseline,historical_algorithm_result
True,C,STR_098,main_factorial,98,stress_N0400_A100_C050_DL_O110_S20268098,400,1.0,0.5,L,1.1,20268098,ECP-RCF,1,CERTIFIED_OPTIMAL,0,False,True,True,2850493.1372180204,2850493.1372180204,2850493.1372180204,0.0,13.49651569998241,13.93262410000898,True,13.456716799992137,0.0,0.0,0.0,200,0,True,True,True,0,200,200,310,90,0.775,0.225,219988.0,38612.0,True,0,0,4f4d61d541b775177053ceefa3146fdd8a212c053276343d080b571a37c3ed34,ae00a206763d7128f17ea66f8194a4dfab51918cf6dcf84ed5fc6512a7d9c4c0,2026-07-21T07:16:27+08:00,frozen RCG-ED,2850493.13721802,True,OPTIMAL,True,2850493.13721802,2850493.137218017,9.801699528290214e-16,140.31397610000204,True,True,10.396311108665246,OPTIMAL,True,2850493.13721802,23.795729699999356,new_ecp_formal_run,reused_frozen_baseline,historical_algorithm_result
True,C,STR_099,main_factorial,99,stress_N0400_A100_C050_DM_O090_S20268099,400,1.0,0.5,M,0.9,20268099,ECP-RCF,1,CERTIFIED_OPTIMAL,0,False,True,True,2649659.50172775,2649659.50172775,2649659.50172775,0.0,21.10800430001109,21.562206200003857,True,21.042841499991482,0.0,0.0,0.0,200,0,True,True,True,0,200,200,286,114,0.715,0.285,192510.0,60852.0,True,0,0,adbbd4ffbd376456aaaa9b4063849e36951c158e56248d5b994970394a29a6c8,db02fb159966fbe72ab110c83a691e92228391b8413fdcafdab7ab3fdf1119a6,2026-07-21T07:16:48+08:00,frozen RCG-ED,2649659.5017277505,True,OPTIMAL,True,2649659.50172775,2649659.50172775,0.0,310.84136750000107,True,True,14.726231958358932,OPTIMAL,True,2649659.5017277505,37.030693799999426,new_ecp_formal_run,reused_frozen_baseline,historical_algorithm_result
True,C,STR_100,main_factorial,100,stress_N0400_A100_C050_DM_O110_S20268100,400,1.0,0.5,M,1.1,20268100,ECP-RCF,1,CERTIFIED_OPTIMAL,0,False,True,True,2762929.4120238563,2762929.4120238563,2762927.7712825276,0.0,110.41543310001725,110.89634770000703,True,110.3374684000155,0.0,0.0,0.0,200,0,True,True,True,0,200,200,346,54,0.865,0.135,229133.0,24461.0,True,0,0,2900813678e7757c943ab3be991493769d7095bdba3e78a149c505dc40d2a9d7,ea1b02523bbc85d873d60a2307be2f99b16c18f60a5345c90f9ebbd60794850d,2026-07-21T07:18:39+08:00,frozen RCG-ED,2762928.591706175,True,FEASIBLE,False,3795192.282813435,12575.524031949999,0.9966864593161989,601.3555878000006,False,False,,OPTIMAL,True,2762928.591706175,140.6952091000021,new_ecp_formal_run,reused_frozen_baseline,historical_algorithm_result
True,C,STR_101,main_factorial,101,stress_N0400_A100_C050_DH_O090_S20268101,400,1.0,0.5,H,0.9,20268101,ECP-RCF,1,CERTIFIED_OPTIMAL,0,False,True,True,2675633.8113298328,2675633.8113298328,2675633.286415165,0.0,76.0805842000118,76.53213219999452,True,75.99184989999048,0.0,0.0,0.0,200,0,True,True,True,0,200,200,288,112,0.72,0.28,192874.0,63530.0,True,0,0,2a41beff58bb5d25d855416f6012db92e09c43c11e53a1751d9d3a7adf5df4b0,0510c182f8c0b4d17e5f3fa0ab4c7f1a5e80bc5b719bda50e8dbb2fc4cf0cf04,2026-07-21T07:19:56+08:00,frozen RCG-ED,2675634.2841277267,True,OPTIMAL,True,2675633.7440308724,2675633.286415163,1.7103077370691947e-07,577.0758998000019,True,True,7.585061364446153,OPTIMAL,True,2675634.2841277267,67.88594319999902,new_ecp_formal_run,reused_frozen_baseline,historical_algorithm_result
True,C,STR_102,main_factorial,102,stress_N0400_A100_C050_DH_O110_S20268102,400,1.0,0.5,H,1.1,20268102,ECP-RCF,1,CERTIFIED_OPTIMAL,0,False,True,True,2815892.7610929348,2815892.7610929348,2815890.799315416,0.0,176.12364569999045,176.68973159999587,True,175.9915456000017,0.0,0.0,0.0,200,0,True,True,True,0,200,200,375,25,0.9375,0.0625,248226.0,11836.0,True,0,0,c582bcbe13827962e7eb6e416a06182806a4222d78e3f858be3fe36d7c555baf,89492b2e8c8b33e0c00ea7e415f6e73a2c1b585113981aa09098f355be19e745,2026-07-21T07:22:53+08:00,frozen RCG-ED,2815893.096166951,True,FEASIBLE,False,3885284.472189524,27307.38640229,0.9929715863541645,601.8310149999998,False,False,,OPTIMAL,True,2815893.096166951,337.9533908000012,new_ecp_formal_run,reused_frozen_baseline,historical_algorithm_result
True,C,STR_103,main_factorial,103,stress_N0400_A100_C080_DL_O090_S20268103,400,1.0,0.8,L,0.9,20268103,ECP-RCF,1,CERTIFIED_OPTIMAL,0,False,True,True,2724363.5506631704,2724363.5506631704,2724363.5506631704,0.0,26.52740530000301,27.014720200008014,True,26.442687900009332,0.0,0.0,0.0,200,0,True,True,True,0,200,200,258,142,0.645,0.355,187897.0,71471.0,True,0,0,dac6d7604dd42d254d20b91453617d1ca04a76820fbe7773d8ee1a65493155f1,d76926854b2b029ea62b72dd952d9eaf6e6b11e1511e6e050fd5beed2f2162ef,2026-07-21T07:23:20+08:00,frozen RCG-ED,2724363.5506631713,True,OPTIMAL,True,2724363.5506631704,2724363.5506631704,0.0,397.74071059999915,True,True,14.993577626680059,OPTIMAL,True,2724363.5506631713,51.958963900000526,new_ecp_formal_run,reused_frozen_baseline,historical_algorithm_result
True,C,STR_104,main_factorial,104,stress_N0400_A100_C080_DL_O110_S20268104,400,1.0,0.8,L,1.1,20268104,ECP-RCF,1,CERTIFIED_OPTIMAL,0,False,True,True,2854071.0038620466,2854071.0038620466,2854071.0038620485,0.0,39.86368819998461,40.34861060002004,True,39.78587019999395,0.0,0.0,0.0,200,0,True,True,True,0,200,200,308,92,0.77,0.23,218358.0,39824.0,True,0,0,c21edf4e0387166609cd3dcef900698cb574bd5e8bf3a8f9116cb6bf75ced682,f6d7e6efc404bcb11dd05cd839a100ba7dd38cde1297585255bafd818a45904d,2026-07-21T07:24:01+08:00,frozen RCG-ED,2854071.003862048,True,FEASIBLE,False,3857892.391480212,8488.041003690001,0.9977998243231369,601.3231788000012,False,False,,OPTIMAL,True,2854071.003862048,79.58165329999974,new_ecp_formal_run,reused_frozen_baseline,historical_algorithm_result
True,C,STR_105,main_factorial,105,stress_N0400_A100_C080_DM_O090_S20268105,400,1.0,0.8,M,0.9,20268105,ECP-RCF,1,CERTIFIED_OPTIMAL,0,False,True,True,2745165.313484875,2745165.313484875,2745165.313484875,0.0,62.062369899998885,62.54867319998448,True,61.93127179998555,0.0,0.0,0.0,200,0,True,True,True,0,200,200,277,123,0.6925,0.3075,197978.0,64138.0,True,0,0,384446b5cd660f1f320a63bb6bf5e49d088f5fe863f2a8498d1ea9b227793d7b,431ac58930db517df5c8ca15d4f2bc84997d888d264c8b90bdd8bb1e2a7842d4,2026-07-21T07:25:03+08:00,frozen RCG-ED,2745165.313484874,True,FEASIBLE,False,3208931.1437735795,18314.09153294,0.9942927751602039,602.8149099000002,False,False,,OPTIMAL,True,2745165.313484874,118.82682370000111,new_ecp_formal_run,reused_frozen_baseline,historical_algorithm_result
True,C,STR_106,main_factorial,106,stress_N0400_A100_C080_DM_O110_S20268106,400,1.0,0.8,M,1.1,20268106,ECP-RCF,1,CERTIFIED_OPTIMAL,0,False,True,True,2841637.354102147,2841637.354102147,2841637.354102147,0.0,136.72297520001302,137.2821935999964,True,136.5510104999994,0.0,0.0,0.0,200,0,True,True,True,0,200,200,358,42,0.895,0.105,244971.0,18956.0,True,0,0,dd804d529e4d72d9f22d7c47df2f10532c097484d3dac982692441281e091687,816d634d8fb76c489eaf7191210c9805df9b0f18024369df3cef95383781e4e3,2026-07-21T07:27:21+08:00,frozen RCG-ED,2841637.3541021477,True,FEASIBLE,False,3940671.2109821285,0.0,1.0,602.6440349000004,False,False,,OPTIMAL,True,2841637.3541021477,372.8297796000006,new_ecp_formal_run,reused_frozen_baseline,historical_algorithm_result
True,C,STR_107,main_factorial,107,stress_N0400_A100_C080_DH_O090_S20268107,400,1.0,0.8,H,0.9,20268107,ECP-RCF,1,CERTIFIED_OPTIMAL,0,False,True,True,2733952.9396226434,2733952.9396226434,2733952.9396226434,0.0,97.39951749998727,97.89843120001024,True,97.21547759999521,0.0,0.0,0.0,200,0,True,True,True,0,200,200,282,118,0.705,0.295,204937.0,57398.0,True,0,0,41fcb611d113d0d8b3f9a50786c9b3ce1999e7657aef319b5c38bec823c26c63,0d546306dfa9021d26675921dabded429227f4674b922851a00ab2d3ba3ba2da,2026-07-21T07:28:59+08:00,frozen RCG-ED,2733952.9396226434,True,FEASIBLE,False,3208779.8466896135,0.0,1.0,607.3905621000013,False,False,,OPTIMAL,True,2733952.9396226434,194.65896220000286,new_ecp_formal_run,reused_frozen_baseline,historical_algorithm_result
True,C,STR_108,main_factorial,108,stress_N0400_A100_C080_DH_O110_S20268108,400,1.0,0.8,H,1.1,20268108,ECP-RCF,1,CERTIFIED_OPTIMAL,0,False,True,True,2854299.896704006,2854299.896704006,2854299.896704006,0.0,421.4961000000185,422.1991071999946,True,421.20771160000004,0.0,0.0,0.0,200,0,True,True,True,0,200,200,381,19,0.9525,0.0475,255614.0,9223.0,True,0,0,b86164b1a150e3ca5bfb53d50356804d18eb2b5d039eff3c4f3caa23f5260e10,f41070b4680a2acccf13b5b337b52097efa91d36a753992877757ce188f93ae2,2026-07-21T07:36:01+08:00,,,,FEASIBLE,False,3961558.9021059303,22379.84001294,0.9943507491454833,607.4024906000013,False,False,,FEASIBLE,False,3961558.9021059303,605.1524914999973,new_ecp_formal_run,reused_frozen_baseline,historical_algorithm_result
True,C,REP_01,independent_replication,109,stress_N0100_A050_C050_DL_O090_S20269001,100,0.5,0.5,L,0.9,20269001,ECP-RCF,1,CERTIFIED_OPTIMAL,0,False,True,True,727841.1397970221,727841.1397970221,727841.1397970221,0.0,0.16883429998415522,0.4234121000044979,True,0.16829390000202693,0.0,0.0,0.0,25,0,True,True,True,0,25,25,42,58,0.42,0.58,33827.0,32837.0,True,0,0,2b80c8ac91729ed75adb3d4beeb0824a21a9f03ae6147eeae074f83bc4f39878,ad600b24efe7a656985cafcd3e8dc9cfd6cc80490456719ee90bf9230dba0285,2026-07-21T07:36:01+08:00,frozen RCG-ED,727841.1397970221,True,OPTIMAL,True,727841.1397970221,727841.1397970221,0.0,0.6927211999973224,True,True,4.102964859997838,OPTIMAL,True,727841.1397970221,0.3857265999977244,new_ecp_formal_run,reused_frozen_baseline,historical_algorithm_result
True,C,REP_02,independent_replication,110,stress_N0100_A050_C080_DH_O110_S20269002,100,0.5,0.8,H,1.1,20269002,ECP-RCF,1,CERTIFIED_OPTIMAL,0,False,True,True,874656.3972536802,874656.3972536802,874656.3972536802,0.0,0.9779158000019379,1.2341920000035316,True,0.9727426000172272,0.0,0.0,0.0,25,0,True,True,True,0,25,25,82,18,0.82,0.18,61193.0,11736.0,True,0,0,bc1e6ff1ba7028bc7378df469ad5e5b695901f83ee0339268b16eb44a8bc604b,e92347da023b4b2c7c9dd30fce08c5f612b972c13854c9d0347450e99d76bef1,2026-07-21T07:36:03+08:00,frozen RCG-ED,874656.3972536803,True,OPTIMAL,True,874656.3972536802,874656.3972536802,0.0,2.321733299999323,True,True,2.3741648309544874,OPTIMAL,True,874656.3972536803,1.1503437999999733,new_ecp_formal_run,reused_frozen_baseline,historical_algorithm_result
True,C,REP_03,independent_replication,111,stress_N0100_A080_C050_DM_O090_S20269003,100,0.8,0.5,M,0.9,20269003,ECP-RCF,1,CERTIFIED_OPTIMAL,0,False,True,True,707642.8110400471,707642.8110400471,707642.8110400471,0.0,0.2819977999897674,0.5612152999965474,True,0.2798772999958601,0.0,0.0,0.0,40,0,True,True,True,0,40,40,59,41,0.59,0.41,44976.0,21795.0,True,0,0,c89931f80b013efd444b9958525043c78c8dd3298819b190089e265ecb1ade1d,6c5c72dbdc80bd209aad20194a6cd1e2e25a0fdd18da69a593dc9d15aa4a63d3,2026-07-21T07:36:03+08:00,frozen RCG-ED,707642.8110400471,True,OPTIMAL,True,707642.8110400472,707642.8110400472,0.0,1.096712300000945,True,True,3.889081049712943,OPTIMAL,True,707642.8110400471,0.5228485000006913,new_ecp_formal_run,reused_frozen_baseline,historical_algorithm_result
True,C,REP_04,independent_replication,112,stress_N0100_A080_C080_DM_O110_S20269004,100,0.8,0.8,M,1.1,20269004,ECP-RCF,1,CERTIFIED_OPTIMAL,0,False,True,True,788833.2276785307,788833.2276785307,788833.2276785307,0.0,0.9400577000051271,1.1860957999888342,True,0.9365737999905832,0.0,0.0,0.0,40,0,True,True,True,0,40,40,80,20,0.8,0.2,59068.0,9970.0,True,0,0,9e597dba28249320f35b7815aa344d076e67dc8e1374f52d8b065e0fffeda057,28b5ec7dbcd5f1bebd519056afe28a418a8ffb302e1dba8e9c293f573708350c,2026-07-21T07:36:05+08:00,frozen RCG-ED,788833.2276785306,True,OPTIMAL,True,788833.2276785308,788833.2276785308,0.0,2.4087553000026674,True,True,2.562348353712256,OPTIMAL,True,788833.2276785306,1.1127885000023525,new_ecp_formal_run,reused_frozen_baseline,historical_algorithm_result
True,C,REP_05,independent_replication,113,stress_N0100_A100_C050_DH_O110_S20269005,100,1.0,0.5,H,1.1,20269005,ECP-RCF,1,CERTIFIED_OPTIMAL,0,False,True,True,695356.5028792789,695356.5028792789,695356.5028792789,0.0,0.847051199991256,1.1068720999755897,True,0.8433266000065487,0.0,0.0,0.0,50,0,True,True,True,0,50,50,96,4,0.96,0.04,62041.0,1496.0,True,0,0,90b7948c4ed49b58c39222ee0d043120edb03a008fed0f780fa55ae5055cc1bf,c915b119d6490ccf4d8c3e740d35868b57e54b3fbba882eae53e6d947960b65f,2026-07-21T07:36:06+08:00,frozen RCG-ED,695356.5028792787,True,OPTIMAL,True,695356.5028792789,695356.5028792787,1.6741818239261614e-16,2.1098137000008137,True,True,2.49077470172121,OPTIMAL,True,695356.5028792787,1.0360806999997294,new_ecp_formal_run,reused_frozen_baseline,historical_algorithm_result
True,C,REP_06,independent_replication,114,stress_N0100_A100_C080_DL_O090_S20269006,100,1.0,0.8,L,0.9,20269006,ECP-RCF,1,CERTIFIED_OPTIMAL,0,False,True,True,693662.6646908148,693662.6646908148,693662.6646908148,0.0,0.3766679000109434,0.6277434999938123,True,0.37488990000565536,0.0,0.0,0.0,50,0,True,True,True,0,50,50,62,38,0.62,0.38,50192.0,16693.0,True,0,0,4cf68725dfe738231c5a99ff63a8328642208f438c9840bfc7d33ba3b60bb266,40c98d7a65bf0ab9d8a3f3b6eaefb3a39b0195c47794c95edcf3ecf82a6324d6,2026-07-21T07:36:06+08:00,frozen RCG-ED,693662.6646908149,True,OPTIMAL,True,693662.6646908149,693662.6646908144,6.713079873129652e-16,1.283720399998856,True,True,3.4080960972824066,OPTIMAL,True,693662.6646908149,0.6440150999987964,new_ecp_formal_run,reused_frozen_baseline,historical_algorithm_result
True,C,REP_07,independent_replication,115,stress_N0200_A050_C050_DL_O090_S20269007,200,0.5,0.5,L,0.9,20269007,ECP-RCF,1,CERTIFIED_OPTIMAL,0,False,True,True,1489310.35331587,1489310.35331587,1489310.35331587,0.0,0.7203922000189777,1.0092176999896765,True,0.7174867000139784,0.0,0.0,0.0,50,0,True,True,True,0,50,50,79,121,0.395,0.605,60365.0,74452.0,True,0,0,490ea91d45717209df11c637d3cd0b8dfff4f8bbf8e6da970f4e69d0487c1ac4,4c7cdf1251b20690ff46590a7f32dc12eafb1ace3bc431994c8141995b698384,2026-07-21T07:36:08+08:00,frozen RCG-ED,1489310.35331587,True,OPTIMAL,True,1489310.3533158703,1489310.3533158698,3.1266907281680356e-16,2.101203099999111,True,True,2.916748820911384,OPTIMAL,True,1489310.35331587,0.9187969999984489,new_ecp_formal_run,reused_frozen_baseline,historical_algorithm_result
True,C,REP_08,independent_replication,116,stress_N0200_A050_C080_DH_O110_S20269008,200,0.5,0.8,H,1.1,20269008,ECP-RCF,1,CERTIFIED_OPTIMAL,0,False,True,True,1675057.7587045822,1675057.7587045822,1675057.7531676108,0.0,12.240799999999581,12.568910900008632,True,12.21859149998636,0.0,0.0,0.0,50,0,True,True,True,0,50,50,171,29,0.855,0.145,123057.0,18896.0,True,0,0,9883c1cd30fe65daded676185ad1ce612cef77f08ab8a77d40817f1bb20634dc,6ae929cba9a1d8d7cb8089ee4a16b4b8199fb3908a0867fc0f8e5b2569bd99e0,2026-07-21T07:36:20+08:00,frozen RCG-ED,1675057.7587045825,True,OPTIMAL,True,1675059.1305517922,1675057.7531676122,8.222898850839471e-07,58.982803899998544,True,True,4.818541590418973,OPTIMAL,True,1675057.7587045825,16.23945300000196,new_ecp_formal_run,reused_frozen_baseline,historical_algorithm_result
True,C,REP_09,independent_replication,117,stress_N0200_A080_C050_DM_O090_S20269009,200,0.8,0.5,M,0.9,20269009,ECP-RCF,1,CERTIFIED_OPTIMAL,0,False,True,True,1407299.1170962,1407299.1170962,1407299.1170962,0.0,1.6836502999940421,1.9751487000030465,True,1.6763892000017222,0.0,0.0,0.0,80,0,True,True,True,0,80,80,117,83,0.585,0.415,90164.0,42355.0,True,0,0,8699667509e7a93b7de76ebf01831ee6c47490b2b4972fc7023ada549af9b938,ab735af489e48ccffeaa21a41b01d8fe14c5d4df8c375b71c6d234814a136bf6,2026-07-21T07:36:22+08:00,frozen RCG-ED,1407299.1170962004,True,OPTIMAL,True,1407299.1170962006,1407299.1170962,4.963350878829985e-16,9.594435700000759,True,True,5.698591744398887,OPTIMAL,True,1407299.1170962004,2.1216672000009567,new_ecp_formal_run,reused_frozen_baseline,historical_algorithm_result
True,C,REP_10,independent_replication,118,stress_N0200_A080_C080_DM_O110_S20269010,200,0.8,0.8,M,1.1,20269010,ECP-RCF,1,CERTIFIED_OPTIMAL,0,False,True,True,1501844.3486319233,1501844.3486319233,1501844.3486319233,0.0,6.35164999999688,6.6599588000099175,True,6.333106200007023,0.0,0.0,0.0,80,0,True,True,True,0,80,80,165,35,0.825,0.175,113018.0,19871.0,True,0,0,e4a2ab28a3567bbfed0d2ec2f964667154ebf0f3bc82c33c7f7cd0db32fb3c72,067b760cfe60ae99551eb097e52638f83844d8b22cbb8b2c81434d0e41d3b58f,2026-07-21T07:36:29+08:00,frozen RCG-ED,1501844.3486319236,True,OPTIMAL,True,1501844.3486319236,1501844.3486319236,0.0,49.183663899999374,True,True,7.743446805164568,OPTIMAL,True,1501844.3486319236,8.783225900002435,new_ecp_formal_run,reused_frozen_baseline,historical_algorithm_result
True,C,REP_11,independent_replication,119,stress_N0200_A100_C050_DH_O110_S20269011,200,1.0,0.5,H,1.1,20269011,ECP-RCF,1,CERTIFIED_OPTIMAL,0,False,True,True,1440484.87080966,1440484.87080966,1440484.5314515634,0.0,9.804834500013385,10.114618699997663,True,9.787435900012497,0.0,0.0,0.0,100,0,True,True,True,0,100,100,185,15,0.925,0.075,123752.0,7385.0,True,0,0,1f3fb9d18272c27010844d0a24608fba90392012e6c2caf73cb95c4ed207b893,3c1c2f04f91eaae0eb626dabe63e4c388850245c39d20167a4f60e75634b8274,2026-07-21T07:36:39+08:00,frozen RCG-ED,1440485.9572400786,True,OPTIMAL,True,1440485.8703634907,1440484.687439071,8.211982109501685e-07,56.19572340000013,True,True,5.7314300817544055,OPTIMAL,True,1440485.9572400786,10.374229699998978,new_ecp_formal_run,reused_frozen_baseline,historical_algorithm_result
True,C,REP_12,independent_replication,120,stress_N0200_A100_C080_DL_O090_S20269012,200,1.0,0.8,L,0.9,20269012,ECP-RCF,1,CERTIFIED_OPTIMAL,0,False,True,True,1372471.3262225809,1372471.3262225809,1372471.3262225809,0.0,2.453380399994785,2.7613425999879837,True,2.444772599992575,0.0,0.0,0.0,100,0,True,True,True,0,100,100,125,75,0.625,0.375,96635.0,34465.0,True,0,0,83f0f0940bc11b6b18aa4d46a80229e70bf3808b9bcbb8bfc0f0e653957d2066,4191ecbab1895229dc6bcca9ee40257bec4fa2ede822eeeec07ca3ae7b64e4d3,2026-07-21T07:36:42+08:00,frozen RCG-ED,1372471.3262225806,True,OPTIMAL,True,1372471.3262225813,1372471.3262225813,0.0,11.535786100001133,True,True,4.701996518772895,OPTIMAL,True,1372471.3262225806,3.072677999996813,new_ecp_formal_run,reused_frozen_baseline,historical_algorithm_result
True,C,REP_13,independent_replication,121,stress_N0400_A050_C050_DL_O090_S20269013,400,0.5,0.5,L,0.9,20269013,ECP-RCF,1,CERTIFIED_OPTIMAL,0,False,True,True,2847620.4564693077,2847620.4564693077,2847620.4564693077,0.0,3.8803638000099454,4.272761700005503,True,3.863610600004904,0.0,0.0,0.0,100,0,True,True,True,0,100,100,154,246,0.385,0.615,124582.0,132390.0,True,0,0,3b3a248c1ac6ad39351f426f1d33065b47ded155929b8af9cb10496a481385c0,8ef17494cb474a8016260c7711a596745d19fe85cd7d1e8ac2cbc4732964c655,2026-07-21T07:36:46+08:00,frozen RCG-ED,2847620.4564693086,True,OPTIMAL,True,2847620.4564693086,2847620.4564693086,0.0,60.858371700000134,True,True,15.683676798511561,OPTIMAL,True,2847620.4564693086,4.8852138000002014,new_ecp_formal_run,reused_frozen_baseline,historical_algorithm_result
True,C,REP_14,independent_replication,122,stress_N0400_A050_C080_DH_O110_S20269014,400,0.5,0.8,H,1.1,20269014,ECP-RCF,1,FEASIBLE_UNCERTIFIED,0,False,True,False,3098676.755411153,3098676.755411153,3098495.032067795,5.8645466340119385e-05,601.4770553999988,602.4583049000066,True,228.4343785000092,1.1775205000012647,9.510910100012552,361.01644119998673,100,0,True,True,True,0,100,100,346,54,0.865,0.135,230004.0,29689.0,True,0,0,c0aa3c1ca55c7dee1029d7641909805db07c955747c521aac2fce19be67849af,620412b16dc1ca366db06a1a52162f2d439bddb09777c5bc59d16e080294741f,2026-07-21T07:46:49+08:00,frozen RCG-ED,3098495.1458699615,False,FEASIBLE,False,3882809.8039814103,0.0,1.0,602.3549574999997,False,False,,OPTIMAL,True,3098495.1458699615,479.15131850000034,new_ecp_formal_run,reused_frozen_baseline,historical_algorithm_result
True,C,REP_15,independent_replication,123,stress_N0400_A080_C050_DM_O090_S20269015,400,0.8,0.5,M,0.9,20269015,ECP-RCF,1,CERTIFIED_OPTIMAL,0,False,True,True,2785301.3227943657,2785301.3227943657,2785300.735337449,0.0,41.26183070000843,41.81864969999879,True,41.21151789999567,0.0,0.0,0.0,160,0,True,True,True,0,160,160,239,161,0.5975,0.4025,171688.0,88776.0,True,0,0,456d30d3e357d5dbd42cbc3832099cffd79f9e7d1cb1f04060be71475170a8d2,91274c77c51e442bf9198fffff1bf58371c1b12dfa913e339a73988b6cb132f8,2026-07-21T07:47:31+08:00,frozen RCG-ED,2785301.239050911,True,OPTIMAL,True,2785301.0717962887,2785300.815104121,9.215957672813717e-08,257.5125138000003,True,True,6.240937676086865,OPTIMAL,True,2785301.239050911,29.765040799997223,new_ecp_formal_run,reused_frozen_baseline,historical_algorithm_result
True,C,REP_16,independent_replication,124,stress_N0400_A080_C080_DM_O110_S20269016,400,0.8,0.8,M,1.1,20269016,ECP-RCF,1,CERTIFIED_OPTIMAL,0,False,True,True,2934719.0722302264,2934719.0722302264,2934719.0722302264,0.0,89.68241350000608,90.1869823000161,True,89.54155729999184,0.0,0.0,0.0,160,0,True,True,True,0,160,160,323,77,0.8075,0.1925,227983.0,33652.0,True,0,0,2fd915f3658d15e531f7de4b4e7028caf8792ba7d2073cefc452fa637e269496,b4dccedc644eee7c0a57f304b80db784c7a55136c3236472208de679f84aed5e,2026-07-21T07:49:01+08:00,frozen RCG-ED,2934719.0722302264,True,FEASIBLE,False,3906697.1234155702,5061.41124255,0.9987044270178476,602.1790063000008,False,False,,OPTIMAL,True,2934719.0722302264,194.90463029999955,new_ecp_formal_run,reused_frozen_baseline,historical_algorithm_result
True,C,REP_17,independent_replication,125,stress_N0400_A100_C050_DH_O110_S20269017,400,1.0,0.5,H,1.1,20269017,ECP-RCF,1,TIME_LIMIT_NO_RESULT,,True,False,False,,,,,650.9811993000039,650.9811993000039,False,,,,,,,,,,,0,0,0,0,0.0,0.0,0,0,False,400,0,be04268604a656588ee5a7e2c7b33e62180ea74e95cef29e3618462d79d77260,ca1b87ccbcdd53b76d1ab337d3af703bbf8e976b908b0f9ab9b627da183e2ffd,2026-07-21T07:59:53+08:00,frozen RCG-ED,2840401.560024957,,FEASIBLE,False,3925311.0070918608,14517.93055755,0.9963014572523501,601.9152850000028,,False,,OPTIMAL,True,2840401.560024957,359.65257530000235,new_ecp_formal_run,reused_frozen_baseline,historical_algorithm_result
True,C,REP_18,independent_replication,126,stress_N0400_A100_C080_DL_O090_S20269018,400,1.0,0.8,L,0.9,20269018,ECP-RCF,1,CERTIFIED_OPTIMAL,0,False,True,True,2842017.18307385,2842017.18307385,2842017.18307385,0.0,28.211561100004474,34.55236420000438,True,28.13426220000838,0.0,0.0,0.0,200,0,True,True,True,0,200,200,267,133,0.6675,0.3325,199604.0,70340.0,True,0,0,fd7b2097d442fea33c2d40a5faf98e27dbd00fa56ad2f2b28834110fd0d53300,45de9dc6c524e3547f0ce833d97c8ba348c839ba66429dda6084921800400fcf,2026-07-21T08:00:32+08:00,frozen RCG-ED,2842017.183073848,True,OPTIMAL,True,2842017.1830738485,2842017.1830738485,0.0,321.40111949999846,True,True,11.392532244518277,OPTIMAL,True,2842017.183073848,61.934214599998086,new_ecp_formal_run,reused_frozen_baseline,historical_algorithm_result
