complete,instance_id,N,split,result_origin,method,status,returncode,process_timed_out,external_wall_s,runtime_s,success,certificate,objective,LB,gap,validation_passed,route_count,self_task_count,outsourced_task_count,non_all_outsource,root_seconds,network_filter_seconds,filtered_compact_build_seconds,filtered_compact_mip_seconds,fallback_bp_seconds,sparse_filtered_model_used,pricing_profile_count,pricing_cache_hit_count,profile_equivalent_pricing,profile_equivalence_verified,instance_sha256,algorithm_source_sha256,current_named_source_sha256,source_relation,configuration_sha256,result_file,run_directory,completed_at,reference_method,reference_objective,objective_matches_certified_reference,compact_status,compact_certificate,compact_objective,compact_runtime_s,objective_matches_compact,compact_over_ecp_time,compact_speedup_comparable,original_rcg_status,original_rcg_certificate,original_rcg_objective,original_rcg_runtime_s,objective_matches_original_rcg,original_rcg_over_ecp_time,standard_bp_status,standard_bp_certificate,standard_bp_objective,standard_bp_runtime_s,objective_matches_standard_bp
True,GD-4-250-1_REVISED_DERIVED,250,development,reused_development_gate,ECP-RCG-ED,CERTIFIED_OPTIMAL,0,False,4.203825900010997,4.203825900010997,True,True,43618.6,43618.600000000006,0.0,True,,,,True,4.165207800004282,0.0,0.0,0.0,,False,4,63,True,True,b3e4e986a4e8435f53b58d2f890f1e4034b749fcc46b340c792c1e86c4f7cd67,a1b42e0ebbb209b5c1e1226188a126f5a8f84fcc1c7f75a194547d58bbf36a58,e6832f4e4b5c7005479e290760a56a0b9aa6b4a524c5effab30f9d6bde3a4ab6,same computational implementation; paper-facing metadata renamed to ECP-RCG-ED,a34f6cea710a3246c23278c6f6c8c5bdbefdacedb9b08c6bcc42a58477760673,<LOCAL_PATH_REDACTED>\Desktop\RCG-ED\01_STAGE_D_FULL\runs\GD-4-250-1_REVISED_DERIVED\ECP_RCG_ED\repeat_01\result.json,<LOCAL_PATH_REDACTED>\Desktop\RCG-ED\01_STAGE_D_FULL\runs\GD-4-250-1_REVISED_DERIVED\ECP_RCG_ED\repeat_01,,Compact-Gurobi,43618.600000000006,True,CERTIFIED_OPTIMAL,True,43618.600000000006,23.772372700000233,True,5.654937493947607,True,CERTIFIED_OPTIMAL,True,43618.600000000006,21.284921799999665,True,5.06322628630838,CERTIFIED_OPTIMAL,True,43618.6,18.577313199999935,True
True,GD-4-250-2_REVISED_DERIVED,250,heldout,new_formal_run,ECP-RCG-ED,CERTIFIED_OPTIMAL,0,False,6.149026300001424,5.648191799991764,True,True,43651.65,43651.649999999994,0.0,True,41,158,92,True,5.5981121999939205,0.0,0.0,0.0,0.0,False,4,59,True,True,33a4f4b80569fb46c0b9e453c960876f796638f764f163034d05e34b8d51bd80,c2f25f96c853b553c576fad7624bed18f9ad4e168c3e9fb88189db2216c831d2,,,bda48843583513ee22e671f47dfaa8d03047bfe99579142dcc7cca5d01cec3da,<LOCAL_PATH_REDACTED>\Desktop\RCG-ED\01_STAGE_D_FULL\runs\GD-4-250-2_REVISED_DERIVED\ECP_RCG_ED\repeat_01\result.json,<LOCAL_PATH_REDACTED>\Desktop\RCG-ED\01_STAGE_D_FULL\runs\GD-4-250-2_REVISED_DERIVED\ECP_RCG_ED\repeat_01,2026-07-20T20:40:02+08:00,Compact-Gurobi,43651.65000000001,True,CERTIFIED_OPTIMAL,True,43651.65000000001,19.80484770000021,True,3.5064049524715304,True,CERTIFIED_OPTIMAL,True,43651.65000000001,20.43745510000008,True,3.618406708502689,CERTIFIED_OPTIMAL,True,43651.65,18.770810499999698,True
True,GD-4-250-3_REVISED_DERIVED,250,heldout,new_formal_run,ECP-RCG-ED,CERTIFIED_OPTIMAL,0,False,3.792506700003287,3.529301899994607,True,True,44290.1,44290.099999999984,0.0,True,43,162,88,True,3.4894665999891004,0.0,0.0,0.0,0.0,False,4,70,True,True,5a96823db0115072705b6cfc1ab2f98a8cea84dc0ed190f2510adae7fe221eea,c2f25f96c853b553c576fad7624bed18f9ad4e168c3e9fb88189db2216c831d2,,,fadef26d3d7627c0a0a585c5b45a4e63c02480a52d73f615d21a7391a94435e8,<LOCAL_PATH_REDACTED>\Desktop\RCG-ED\01_STAGE_D_FULL\runs\GD-4-250-3_REVISED_DERIVED\ECP_RCG_ED\repeat_01\result.json,<LOCAL_PATH_REDACTED>\Desktop\RCG-ED\01_STAGE_D_FULL\runs\GD-4-250-3_REVISED_DERIVED\ECP_RCG_ED\repeat_01,2026-07-20T20:40:05+08:00,Compact-Gurobi,44290.1,True,CERTIFIED_OPTIMAL,True,44290.1,23.30357849999973,True,6.602886111849864,True,CERTIFIED_OPTIMAL,True,44290.1,23.002262900000005,True,6.517510700922228,CERTIFIED_OPTIMAL,True,44290.1,20.8133842000002,True
True,GD-4-250-4_REVISED_DERIVED,250,heldout,new_formal_run,ECP-RCG-ED,CERTIFIED_OPTIMAL,0,False,3.704980999988038,3.453322699991986,True,True,43964.600000000006,43964.6,0.0,True,45,162,88,True,3.408716199992341,0.0,0.0,0.0,0.0,False,4,68,True,True,e8076197c8300586732c12e9281ae95502e3078e45b9fee0155f095a95680181,c2f25f96c853b553c576fad7624bed18f9ad4e168c3e9fb88189db2216c831d2,,,06924aeee90e4fad14da8f4779e76b5cd69fa9b2bce15bf7d943395b7fb654eb,<LOCAL_PATH_REDACTED>\Desktop\RCG-ED\01_STAGE_D_FULL\runs\GD-4-250-4_REVISED_DERIVED\ECP_RCG_ED\repeat_01\result.json,<LOCAL_PATH_REDACTED>\Desktop\RCG-ED\01_STAGE_D_FULL\runs\GD-4-250-4_REVISED_DERIVED\ECP_RCG_ED\repeat_01,2026-07-20T20:40:09+08:00,Compact-Gurobi,43964.6,True,CERTIFIED_OPTIMAL,True,43964.6,21.57802330000004,True,6.248481585590051,True,CERTIFIED_OPTIMAL,True,43964.6,20.034544800000276,True,5.8015269757578025,CERTIFIED_OPTIMAL,True,43964.600000000006,17.22117049999997,True
True,GD-4-250-5_REVISED_DERIVED,250,heldout,new_formal_run,ECP-RCG-ED,CERTIFIED_OPTIMAL,0,False,6.345284099996206,6.0685831000009784,True,True,43657.65000000001,43657.65,0.0,True,48,182,68,True,6.019348899993929,0.0,0.0,0.0,0.0,False,4,64,True,True,666f54c8097b5e25d28c640e0cd2504ad503632bbdbf1d2f64da8cc2e666a5fb,c2f25f96c853b553c576fad7624bed18f9ad4e168c3e9fb88189db2216c831d2,,,5eef5c96f913636cfd999a9c66a09a9c706e6b65dfb584bc1d58ef231926b3d5,<LOCAL_PATH_REDACTED>\Desktop\RCG-ED\01_STAGE_D_FULL\runs\GD-4-250-5_REVISED_DERIVED\ECP_RCG_ED\repeat_01\result.json,<LOCAL_PATH_REDACTED>\Desktop\RCG-ED\01_STAGE_D_FULL\runs\GD-4-250-5_REVISED_DERIVED\ECP_RCG_ED\repeat_01,2026-07-20T20:40:16+08:00,Compact-Gurobi,43657.65,True,CERTIFIED_OPTIMAL,True,43657.65,20.147029799999927,True,3.319890239287764,True,CERTIFIED_OPTIMAL,True,43657.65,20.06110609999996,True,3.305731464729671,,False,,,
True,GD-4-250-6_REVISED_DERIVED,250,heldout,new_formal_run,ECP-RCG-ED,CERTIFIED_OPTIMAL,0,False,5.135777799994685,4.858682299993234,True,True,43615.7,43615.7,0.0,True,48,189,61,True,4.819593799998984,0.0,0.0,0.0,0.0,False,4,67,True,True,8adcae24af3affdb5a17259213e61b3243f0b9896a3b4c93d35d49148eb1a403,c2f25f96c853b553c576fad7624bed18f9ad4e168c3e9fb88189db2216c831d2,,,3ae875dbba8286528f469905debaedc235a541ccaac557556d4884dccc9db915,<LOCAL_PATH_REDACTED>\Desktop\RCG-ED\01_STAGE_D_FULL\runs\GD-4-250-6_REVISED_DERIVED\ECP_RCG_ED\repeat_01\result.json,<LOCAL_PATH_REDACTED>\Desktop\RCG-ED\01_STAGE_D_FULL\runs\GD-4-250-6_REVISED_DERIVED\ECP_RCG_ED\repeat_01,2026-07-20T20:40:21+08:00,Compact-Gurobi,43615.700000000004,True,CERTIFIED_OPTIMAL,True,43615.700000000004,20.874643200000264,True,4.296358953132073,True,CERTIFIED_OPTIMAL,True,43615.700000000004,28.916852500000005,True,5.951583313039479,,False,,,
True,GD-4-250-7_REVISED_DERIVED,250,heldout,new_formal_run,ECP-RCG-ED,CERTIFIED_OPTIMAL,0,False,3.985848900003475,3.72975569999835,True,True,43332.65,43332.65,0.0,True,51,187,63,True,3.695423099998152,0.0,0.0,0.0,0.0,False,4,62,True,True,26d09321e65e03f8b72c9e15fcb97bfca66ee24cc692fbb95fe97cdeef7e5ced,c2f25f96c853b553c576fad7624bed18f9ad4e168c3e9fb88189db2216c831d2,,,b58c8db08ad4cbef7fcffeb9a5b18988346e662b9dcacc39e0b9c1af3e0b1df2,<LOCAL_PATH_REDACTED>\Desktop\RCG-ED\01_STAGE_D_FULL\runs\GD-4-250-7_REVISED_DERIVED\ECP_RCG_ED\repeat_01\result.json,<LOCAL_PATH_REDACTED>\Desktop\RCG-ED\01_STAGE_D_FULL\runs\GD-4-250-7_REVISED_DERIVED\ECP_RCG_ED\repeat_01,2026-07-20T20:40:25+08:00,Compact-Gurobi,43332.65000000001,True,CERTIFIED_OPTIMAL,True,43332.65000000001,17.182018100000278,True,4.606740891905569,True,CERTIFIED_OPTIMAL,True,43332.65,19.76061000000027,True,5.298097674335349,,False,,,
True,GD-4-250-8_REVISED_DERIVED,250,heldout,new_formal_run,ECP-RCG-ED,CERTIFIED_OPTIMAL,0,False,3.6775626000016928,3.44160049999482,True,True,43625.49999999999,43625.5,0.0,True,50,175,75,True,3.403615599992918,0.0,0.0,0.0,0.0,False,4,60,True,True,fb68dae81b3f47fd0bd91e2382d1a2498af9ebf0487dc07d9a0c21deb47a8c38,c2f25f96c853b553c576fad7624bed18f9ad4e168c3e9fb88189db2216c831d2,,,7b013f24684b2d104083d6fa658dc3dfe8ed525e1e1e190b270a057f8c5ce367,<LOCAL_PATH_REDACTED>\Desktop\RCG-ED\01_STAGE_D_FULL\runs\GD-4-250-8_REVISED_DERIVED\ECP_RCG_ED\repeat_01\result.json,<LOCAL_PATH_REDACTED>\Desktop\RCG-ED\01_STAGE_D_FULL\runs\GD-4-250-8_REVISED_DERIVED\ECP_RCG_ED\repeat_01,2026-07-20T20:40:29+08:00,Compact-Gurobi,43625.5,True,CERTIFIED_OPTIMAL,True,43625.5,16.4450925000001,True,4.778326973169853,True,CERTIFIED_OPTIMAL,True,43625.5,15.317131899999822,True,4.450583936172393,,False,,,
True,GD-4-250-9_REVISED_DERIVED,250,heldout,new_formal_run,ECP-RCG-ED,CERTIFIED_OPTIMAL,0,False,3.4680292999983067,3.231796600011876,True,True,43197.799999999996,43197.799999999996,0.0,True,53,186,64,True,3.198811400012346,0.0,0.0,0.0,0.0,False,4,62,True,True,9da5335254a02d028f7fcceae40f2eedc3456618742c1301b3775e89a3a2f44d,c2f25f96c853b553c576fad7624bed18f9ad4e168c3e9fb88189db2216c831d2,,,b3cd52f857007311cf3a75ba65a9fe3b8a1c74735cb9f73af1f1816abd2c3cb2,<LOCAL_PATH_REDACTED>\Desktop\RCG-ED\01_STAGE_D_FULL\runs\GD-4-250-9_REVISED_DERIVED\ECP_RCG_ED\repeat_01\result.json,<LOCAL_PATH_REDACTED>\Desktop\RCG-ED\01_STAGE_D_FULL\runs\GD-4-250-9_REVISED_DERIVED\ECP_RCG_ED\repeat_01,2026-07-20T20:40:32+08:00,Compact-Gurobi,43197.8,True,CERTIFIED_OPTIMAL,True,43197.8,16.941718000000037,True,5.242198101185508,True,CERTIFIED_OPTIMAL,True,43197.8,16.999394200000097,True,5.260044583232011,,False,,,
True,GD-4-500-1_REVISED_DERIVED,500,heldout,new_formal_run,ECP-RCG-ED,CERTIFIED_OPTIMAL,0,False,53.10937849999755,52.69623720001255,True,True,84422.5,84422.50000000001,0.0,True,86,354,146,True,52.45848740001384,0.0,0.0,0.0,0.0,False,4,111,True,True,ec50bd24b05971ee721608945febd09ddfca0d67bdcffdfc39a78637d01b881c,c2f25f96c853b553c576fad7624bed18f9ad4e168c3e9fb88189db2216c831d2,,,ae4ffb27909e7448c3d059e6996a97f18b33e0b8020ba637f65bb53b6fbaaee6,<LOCAL_PATH_REDACTED>\Desktop\RCG-ED\01_STAGE_D_FULL\runs\GD-4-500-1_REVISED_DERIVED\ECP_RCG_ED\repeat_01\result.json,<LOCAL_PATH_REDACTED>\Desktop\RCG-ED\01_STAGE_D_FULL\runs\GD-4-500-1_REVISED_DERIVED\ECP_RCG_ED\repeat_01,2026-07-20T20:41:25+08:00,Compact-Gurobi,84422.5,True,CERTIFIED_OPTIMAL,True,84422.5,137.48857420000013,True,2.6090776401766953,True,CERTIFIED_OPTIMAL,True,84422.49999999999,501.2233355999997,True,9.51155836227108,CERTIFIED_OPTIMAL,True,84422.5,481.98391300000003,True
True,GD-4-500-2_REVISED_DERIVED,500,heldout,new_formal_run,ECP-RCG-ED,CERTIFIED_OPTIMAL,0,False,46.84094880000339,46.46807670000999,True,True,85601.35,85601.35000000006,0.0,True,95,369,131,True,46.21215180000581,0.0,0.0,0.0,0.0,False,4,121,True,True,a89fdba6114c0c85c22704cb6e7860e581d2a9e0ce2d07097b9325451fa31636,c2f25f96c853b553c576fad7624bed18f9ad4e168c3e9fb88189db2216c831d2,,,95b440f8c5dbd16b49d84bda3beb504c5fb57b92c83c08d257b9aeb3aaece92b,<LOCAL_PATH_REDACTED>\Desktop\RCG-ED\01_STAGE_D_FULL\runs\GD-4-500-2_REVISED_DERIVED\ECP_RCG_ED\repeat_01\result.json,<LOCAL_PATH_REDACTED>\Desktop\RCG-ED\01_STAGE_D_FULL\runs\GD-4-500-2_REVISED_DERIVED\ECP_RCG_ED\repeat_01,2026-07-20T20:42:12+08:00,Compact-Gurobi,85601.35,True,CERTIFIED_OPTIMAL,True,85601.35,265.2507303000002,True,5.708235613288105,True,CERTIFIED_OPTIMAL,True,85601.35,463.8778206999996,True,9.982720474848056,CERTIFIED_OPTIMAL,True,85601.35,412.03930579999997,True
True,GD-4-500-3_REVISED_DERIVED,500,development,reused_development_gate,ECP-RCG-ED,CERTIFIED_OPTIMAL,0,False,78.33828860000358,78.33828860000358,True,True,86408.75000000001,86408.75,0.0,True,,,,True,78.01632530000643,0.0,0.0,0.0,,False,4,124,True,True,989a58651184b35d502e1bf6c9143387de58b72ec4fe1518303e91c14a717523,a1b42e0ebbb209b5c1e1226188a126f5a8f84fcc1c7f75a194547d58bbf36a58,e6832f4e4b5c7005479e290760a56a0b9aa6b4a524c5effab30f9d6bde3a4ab6,same computational implementation; paper-facing metadata renamed to ECP-RCG-ED,6b503f58d884905b9424b644b2d41815fe30c4701f556071e7e33b3a30a05b2c,<LOCAL_PATH_REDACTED>\Desktop\RCG-ED\01_STAGE_D_FULL\runs\GD-4-500-3_REVISED_DERIVED\ECP_RCG_ED\repeat_01\result.json,<LOCAL_PATH_REDACTED>\Desktop\RCG-ED\01_STAGE_D_FULL\runs\GD-4-500-3_REVISED_DERIVED\ECP_RCG_ED\repeat_01,,Compact-Gurobi,86408.75000000001,True,CERTIFIED_OPTIMAL,True,86408.75000000001,185.23626700000023,True,2.3645687225287655,True,CERTIFIED_OPTIMAL,True,86408.75,840.8735193999992,True,10.733876555479931,TIME_LIMIT_NO_CERTIFICATE,False,86411.25000000001,1806.2073516,False
True,GD-4-500-4_REVISED_DERIVED,500,heldout,new_formal_run,ECP-RCG-ED,CERTIFIED_OPTIMAL,0,False,34.56435910001164,34.195409200008726,True,True,85833.15,85833.15,0.0,True,88,366,134,True,33.97919720000937,0.0,0.0,0.0,0.0,False,4,120,True,True,8f085569262e5c61aeace48a7e66388e75e5d1558ab6ac1613707913bbe36fc8,c2f25f96c853b553c576fad7624bed18f9ad4e168c3e9fb88189db2216c831d2,,,c6439624d491a8b0dfb67033922a90bbf6a4141c2b863be0c4cff1459fbcd8f8,<LOCAL_PATH_REDACTED>\Desktop\RCG-ED\01_STAGE_D_FULL\runs\GD-4-500-4_REVISED_DERIVED\ECP_RCG_ED\repeat_01\result.json,<LOCAL_PATH_REDACTED>\Desktop\RCG-ED\01_STAGE_D_FULL\runs\GD-4-500-4_REVISED_DERIVED\ECP_RCG_ED\repeat_01,2026-07-20T20:42:47+08:00,Compact-Gurobi,85833.15,True,CERTIFIED_OPTIMAL,True,85833.15,294.51601800000026,True,8.612735594926734,True,CERTIFIED_OPTIMAL,True,85833.15,680.3946173000004,True,19.897250339084312,TIME_LIMIT_NO_CERTIFICATE,False,85836.45000000001,1805.1375043999997,False
True,GD-4-500-5_REVISED_DERIVED,500,heldout,new_formal_run,ECP-RCG-ED,CERTIFIED_OPTIMAL,0,False,32.02880670000741,31.695366700005252,True,True,87251.95,87251.94999999997,0.0,True,96,367,133,True,31.4859953999985,0.0,0.0,0.0,0.0,False,4,117,True,True,9797f12c3cb111c7fb763ef5e0c4ea3cfccb2e98855c48971e97650e431fe9c1,c2f25f96c853b553c576fad7624bed18f9ad4e168c3e9fb88189db2216c831d2,,,4c79e1db95e91b9a6120a3a8de9d195226274b1f4120daa383b1642bfb08ede9,<LOCAL_PATH_REDACTED>\Desktop\RCG-ED\01_STAGE_D_FULL\runs\GD-4-500-5_REVISED_DERIVED\ECP_RCG_ED\repeat_01\result.json,<LOCAL_PATH_REDACTED>\Desktop\RCG-ED\01_STAGE_D_FULL\runs\GD-4-500-5_REVISED_DERIVED\ECP_RCG_ED\repeat_01,2026-07-20T20:43:19+08:00,Compact-Gurobi,87251.95000000001,True,CERTIFIED_OPTIMAL,True,87251.95000000001,809.3562803000004,True,25.53547614578841,True,CERTIFIED_OPTIMAL,True,87251.95000000001,646.2267145000005,True,20.388680800462026,,False,,,
True,GD-4-500-6_REVISED_DERIVED,500,heldout,new_formal_run,ECP-RCG-ED,CERTIFIED_OPTIMAL,0,False,53.345384000000195,52.9854992999899,True,True,85163.5,85163.49999999997,0.0,True,91,368,132,True,52.77711689998978,0.0,0.0,0.0,0.0,False,4,111,True,True,b0a3e8e2b6b1cd035d33042d3948c298fe53e205c68ec6eff06a2f657855b374,c2f25f96c853b553c576fad7624bed18f9ad4e168c3e9fb88189db2216c831d2,,,9ace93051176fef6298e59da170b3654356e7d9d5329c5186bad176eefbabab6,<LOCAL_PATH_REDACTED>\Desktop\RCG-ED\01_STAGE_D_FULL\runs\GD-4-500-6_REVISED_DERIVED\ECP_RCG_ED\repeat_01\result.json,<LOCAL_PATH_REDACTED>\Desktop\RCG-ED\01_STAGE_D_FULL\runs\GD-4-500-6_REVISED_DERIVED\ECP_RCG_ED\repeat_01,2026-07-20T20:44:12+08:00,Compact-Gurobi,85163.49999999999,True,CERTIFIED_OPTIMAL,True,85163.49999999999,305.5922913000013,True,5.767470257660846,True,CERTIFIED_OPTIMAL,True,85163.5,699.0530354000002,True,13.19328957234406,,False,,,
True,GD-4-500-7_REVISED_DERIVED,500,heldout,new_formal_run,ECP-RCG-ED,CERTIFIED_OPTIMAL,0,False,34.40280780001194,34.043051400003606,True,True,86573.55,86573.54999999996,0.0,True,84,332,168,True,33.831635099995765,0.0,0.0,0.0,0.0,False,4,125,True,True,1199ebc40aea14f09935a104c6c7dc9e13710f688a3292dd4746c4c51a83e39a,c2f25f96c853b553c576fad7624bed18f9ad4e168c3e9fb88189db2216c831d2,,,c1d777e6d643a7812667cebfb90d8a2b89d66693c6ad5ee8e91070acc3773a18,<LOCAL_PATH_REDACTED>\Desktop\RCG-ED\01_STAGE_D_FULL\runs\GD-4-500-7_REVISED_DERIVED\ECP_RCG_ED\repeat_01\result.json,<LOCAL_PATH_REDACTED>\Desktop\RCG-ED\01_STAGE_D_FULL\runs\GD-4-500-7_REVISED_DERIVED\ECP_RCG_ED\repeat_01,2026-07-20T20:44:47+08:00,Compact-Gurobi,86573.54999999999,True,CERTIFIED_OPTIMAL,True,86573.54999999999,271.55898290000005,True,7.976928381336911,True,CERTIFIED_OPTIMAL,True,86573.54999999999,703.5534392999998,True,20.666579826622865,,False,,,
True,GD-4-500-8_REVISED_DERIVED,500,heldout,new_formal_run,ECP-RCG-ED,CERTIFIED_OPTIMAL,0,False,36.95714600000065,36.60081750000245,True,True,87905.05000000002,87905.05,0.0,True,93,377,123,True,36.40142910000577,0.0,0.0,0.0,0.0,False,4,116,True,True,f40c9bfd8f54c707cc021abb45e1f2347c3ab0d69aede50bf8565158de2cf5c3,c2f25f96c853b553c576fad7624bed18f9ad4e168c3e9fb88189db2216c831d2,,,2a91caa3a89c0d88773ae514cd14f2ede96b2d432895c2204db3ea2bbf15ee08,<LOCAL_PATH_REDACTED>\Desktop\RCG-ED\01_STAGE_D_FULL\runs\GD-4-500-8_REVISED_DERIVED\ECP_RCG_ED\repeat_01\result.json,<LOCAL_PATH_REDACTED>\Desktop\RCG-ED\01_STAGE_D_FULL\runs\GD-4-500-8_REVISED_DERIVED\ECP_RCG_ED\repeat_01,2026-07-20T20:45:24+08:00,Compact-Gurobi,87905.05000000002,True,CERTIFIED_OPTIMAL,True,87905.05000000002,291.14857719999964,True,7.954701481735487,True,CERTIFIED_OPTIMAL,True,87905.05,674.528358399999,True,18.42932492969464,,False,,,
True,GD-4-500-9_REVISED_DERIVED,500,heldout,new_formal_run,ECP-RCG-ED,CERTIFIED_OPTIMAL,0,False,43.798998300000676,43.41594289999921,True,True,86658.6,86658.59999999998,0.0,True,87,348,152,True,43.18745840000338,0.0,0.0,0.0,0.0,False,4,130,True,True,08d41d054474ebbe2bd3150e26d3f8aa6ff9e64d59c3a7cc28876c1870b4ba7d,c2f25f96c853b553c576fad7624bed18f9ad4e168c3e9fb88189db2216c831d2,,,6414d4cc71a820a58414dfee3afbf958d4461b436dbcd3e57d538f60cdc4b37e,<LOCAL_PATH_REDACTED>\Desktop\RCG-ED\01_STAGE_D_FULL\runs\GD-4-500-9_REVISED_DERIVED\ECP_RCG_ED\repeat_01\result.json,<LOCAL_PATH_REDACTED>\Desktop\RCG-ED\01_STAGE_D_FULL\runs\GD-4-500-9_REVISED_DERIVED\ECP_RCG_ED\repeat_01,2026-07-20T20:46:08+08:00,Compact-Gurobi,86658.59999999999,True,CERTIFIED_OPTIMAL,True,86658.59999999999,272.8879234999986,True,6.285431232682121,True,CERTIFIED_OPTIMAL,True,86658.59999999999,660.430349000002,True,15.211701160589422,,False,,,
True,GD-4-750-0_REVISED_DERIVED,750,heldout,new_formal_run,ECP-RCG-ED,CERTIFIED_OPTIMAL,0,False,221.3229902000021,220.687162599992,True,True,129760.5,129760.49999999999,0.0,True,138,572,178,True,219.89816670000437,0.0,0.0,0.0,0.0,False,4,180,True,True,310de114675b5599d1839b6c7f38a23bff7c04ab5fb0faf3cacaa6348dddfb6c,c2f25f96c853b553c576fad7624bed18f9ad4e168c3e9fb88189db2216c831d2,,,71f9afe0e2fd7355928c43883418a6c21f59475fbdff1e683cbe66413551218a,<LOCAL_PATH_REDACTED>\Desktop\RCG-ED\01_STAGE_D_FULL\runs\GD-4-750-0_REVISED_DERIVED\ECP_RCG_ED\repeat_01\result.json,<LOCAL_PATH_REDACTED>\Desktop\RCG-ED\01_STAGE_D_FULL\runs\GD-4-750-0_REVISED_DERIVED\ECP_RCG_ED\repeat_01,2026-07-20T20:49:49+08:00,RCG-ED,129760.5,True,MEMORY_FAILURE,False,,1428.8584193999995,,6.474587839936509,False,CERTIFIED_OPTIMAL,True,129760.5,3467.1043653999986,True,15.710494097403943,TIME_LIMIT_NO_CERTIFICATE,False,129762.8,3605.716600300002,False
True,GD-4-750-1_REVISED_DERIVED,750,development,reused_development_gate,ECP-RCG-ED,CERTIFIED_OPTIMAL,0,False,234.2229851000011,234.2229851000011,True,True,128388.70000000001,128388.6999999999,0.0,True,,,,True,233.00329999999667,0.0,0.0,0.0,,False,4,181,True,True,1041954c28b8df7458b6879d57c545c8564f1764ba0efb981adfbb2b66d3a866,a1b42e0ebbb209b5c1e1226188a126f5a8f84fcc1c7f75a194547d58bbf36a58,e6832f4e4b5c7005479e290760a56a0b9aa6b4a524c5effab30f9d6bde3a4ab6,same computational implementation; paper-facing metadata renamed to ECP-RCG-ED,a6e314afa4736367bc373701f21b0481af6e7ba46ce14625503cf6918d43556d,<LOCAL_PATH_REDACTED>\Desktop\RCG-ED\01_STAGE_D_FULL\runs\GD-4-750-1_REVISED_DERIVED\ECP_RCG_ED\repeat_01\result.json,<LOCAL_PATH_REDACTED>\Desktop\RCG-ED\01_STAGE_D_FULL\runs\GD-4-750-1_REVISED_DERIVED\ECP_RCG_ED\repeat_01,,RCG-ED,128388.7,True,MEMORY_FAILURE,False,,809.5986957999994,,3.4565296631939972,False,CERTIFIED_OPTIMAL,True,128388.7,3188.700887499999,True,13.613953754959569,CERTIFIED_OPTIMAL,True,128388.70000000001,2854.7299722999996,True
True,GD-4-750-2_REVISED_DERIVED,750,heldout,new_formal_run,ECP-RCG-ED,CERTIFIED_OPTIMAL,0,False,690.3499953999999,689.555752299988,True,True,130146.34999999999,130146.34999999996,0.0,True,139,610,140,True,688.7170553999895,0.0,0.0,0.0,0.0,False,4,179,True,True,9938e25da7b8f2d8341445736c4d459349f6d05081de6cb9274c9aae09402f92,c2f25f96c853b553c576fad7624bed18f9ad4e168c3e9fb88189db2216c831d2,,,552fc416b0af0ffc59b0d47a72b40edb39dea86988bec1b2c4c04d1e235f7927,<LOCAL_PATH_REDACTED>\Desktop\RCG-ED\01_STAGE_D_FULL\runs\GD-4-750-2_REVISED_DERIVED\ECP_RCG_ED\repeat_01\result.json,<LOCAL_PATH_REDACTED>\Desktop\RCG-ED\01_STAGE_D_FULL\runs\GD-4-750-2_REVISED_DERIVED\ECP_RCG_ED\repeat_01,2026-07-20T21:01:20+08:00,,,,MEMORY_FAILURE,False,,850.5823962999966,,1.233522298179531,False,FEASIBLE_FALLBACK_UNCERTIFIED,False,136753.44999999998,3607.9386362000005,False,5.232265301487013,FEASIBLE_FALLBACK_UNCERTIFIED,False,136753.44999999998,3607.054864100006,False
True,GD-4-750-3_REVISED_DERIVED,750,heldout,new_formal_run,ECP-RCG-ED,CERTIFIED_OPTIMAL,0,False,324.13401340000564,323.44668540000566,True,True,129676.00000000001,129676.00000000009,0.0,True,135,568,182,True,322.71405230001255,0.0,0.0,0.0,0.0,False,4,179,True,True,c5bc4c92d28d73020dcf0a7eed427c3bb8f0923e9bdc7d64621c2d05e3aba7e9,c2f25f96c853b553c576fad7624bed18f9ad4e168c3e9fb88189db2216c831d2,,,3aa89471873c005a78f32623e4c9fe06de764e55ed584fbff8617dad8fbf9a89,<LOCAL_PATH_REDACTED>\Desktop\RCG-ED\01_STAGE_D_FULL\runs\GD-4-750-3_REVISED_DERIVED\ECP_RCG_ED\repeat_01\result.json,<LOCAL_PATH_REDACTED>\Desktop\RCG-ED\01_STAGE_D_FULL\runs\GD-4-750-3_REVISED_DERIVED\ECP_RCG_ED\repeat_01,2026-07-20T21:06:44+08:00,RCG-ED,129676.0,True,MEMORY_FAILURE,False,,812.7483549000026,,2.5127737942186017,False,CERTIFIED_OPTIMAL,True,129676.0,3467.698038600007,True,10.721080768880082,CERTIFIED_OPTIMAL,True,129675.99999999999,3257.7210821000044,True
True,GD-4-750-4_REVISED_DERIVED,750,development,reused_development_gate,ECP-RCG-ED,CERTIFIED_OPTIMAL,0,False,1002.5535780999926,1002.5535780999926,True,True,129088.44999999998,129088.44999999998,0.0,True,,,,True,879.0894724999962,15.443039600009797,28.69827819999773,75.79032539999753,,True,4,168,True,True,3722128e5e0796c3f57ba451664c76476978b9d042def1cc630d906dba2531c2,a1b42e0ebbb209b5c1e1226188a126f5a8f84fcc1c7f75a194547d58bbf36a58,e6832f4e4b5c7005479e290760a56a0b9aa6b4a524c5effab30f9d6bde3a4ab6,same computational implementation; paper-facing metadata renamed to ECP-RCG-ED,48183a7320d8fa1eda9fb17ec8f44a36b6c8a02e1c34c6f4e85ec01efe57efbe,<LOCAL_PATH_REDACTED>\Desktop\RCG-ED\01_STAGE_D_FULL\runs\GD-4-750-4_REVISED_DERIVED\ECP_RCG_ED\repeat_01\result.json,<LOCAL_PATH_REDACTED>\Desktop\RCG-ED\01_STAGE_D_FULL\runs\GD-4-750-4_REVISED_DERIVED\ECP_RCG_ED\repeat_01,,,,,MEMORY_FAILURE,False,,745.2081815999991,,0.7433100812550026,False,TIME_LIMIT_NO_CERTIFICATE,False,,3610.4308062000055,,3.6012347719534135,,False,,,
True,GD-4-750-5_REVISED_DERIVED,750,heldout,new_formal_run,ECP-RCG-ED,CERTIFIED_OPTIMAL,0,False,469.30863749999844,468.6188293000014,True,True,128874.95,128874.94999999992,0.0,True,136,567,183,True,467.82593550000456,0.0,0.0,0.0,0.0,False,4,182,True,True,e2170acc4982ddccaf073ff3c0f6c9fbfe86159e5416138f55c227484c2a5147,c2f25f96c853b553c576fad7624bed18f9ad4e168c3e9fb88189db2216c831d2,,,1cd624b705a9b96a3bc0198e0fab2a96ce6b03a234443b8ebc99cbbfc1ebcf67,<LOCAL_PATH_REDACTED>\Desktop\RCG-ED\01_STAGE_D_FULL\runs\GD-4-750-5_REVISED_DERIVED\ECP_RCG_ED\repeat_01\result.json,<LOCAL_PATH_REDACTED>\Desktop\RCG-ED\01_STAGE_D_FULL\runs\GD-4-750-5_REVISED_DERIVED\ECP_RCG_ED\repeat_01,2026-07-20T21:14:33+08:00,RCG-ED,128874.95000000001,True,MEMORY_FAILURE,False,,754.212228999997,,1.6094364584679628,False,CERTIFIED_OPTIMAL,True,128874.95000000001,3585.4238420999973,True,7.651045194781691,,False,,,
True,GD-4-750-6_REVISED_DERIVED,750,heldout,new_formal_run,ECP-RCG-ED,CERTIFIED_OPTIMAL,0,False,388.2257329999993,387.5835203000024,True,True,130115.5,130115.49999999994,0.0,True,134,564,186,True,386.8423664000002,0.0,0.0,0.0,0.0,False,4,179,True,True,6bbba464d2c1cce3a962fbb77c15a0d77946e68a48c4362d4d463804f5348037,c2f25f96c853b553c576fad7624bed18f9ad4e168c3e9fb88189db2216c831d2,,,ccb66b0f256e632f89e1472ad4f38989b910b7e2b09d401d2807b43424f2e47e,<LOCAL_PATH_REDACTED>\Desktop\RCG-ED\01_STAGE_D_FULL\runs\GD-4-750-6_REVISED_DERIVED\ECP_RCG_ED\repeat_01\result.json,<LOCAL_PATH_REDACTED>\Desktop\RCG-ED\01_STAGE_D_FULL\runs\GD-4-750-6_REVISED_DERIVED\ECP_RCG_ED\repeat_01,2026-07-20T21:21:02+08:00,,,,MEMORY_FAILURE,False,,1192.9588771999988,,3.0779401463628004,False,FEASIBLE_UNCERTIFIED,False,130118.6,3602.215489000002,False,9.294036769705194,,False,,,
True,GD-4-750-7_REVISED_DERIVED,750,heldout,new_formal_run,ECP-RCG-ED,CERTIFIED_OPTIMAL,0,False,538.3638099000091,537.527665200003,True,True,130092.75,130092.74999999999,0.0,True,137,568,182,True,402.7245268000115,7.897008800006006,21.99589879999985,99.90980789999594,0.0,True,4,185,True,True,2533eb96895362774d4ae26d39ecb9e01a6da3a6a2390644da3b5b0446ec5a2e,c2f25f96c853b553c576fad7624bed18f9ad4e168c3e9fb88189db2216c831d2,,,f7d7e189e2de1db6c075173dffee696637dc01593c5dfce942fe0e50d9bc2b9b,<LOCAL_PATH_REDACTED>\Desktop\RCG-ED\01_STAGE_D_FULL\runs\GD-4-750-7_REVISED_DERIVED\ECP_RCG_ED\repeat_01\result.json,<LOCAL_PATH_REDACTED>\Desktop\RCG-ED\01_STAGE_D_FULL\runs\GD-4-750-7_REVISED_DERIVED\ECP_RCG_ED\repeat_01,2026-07-20T21:30:00+08:00,RCG-ED,130092.75,True,MEMORY_FAILURE,False,,839.9817356999993,,1.5626762864148758,False,CERTIFIED_OPTIMAL,True,130092.75,3193.128240900005,True,5.940397950888552,,False,,,
True,GD-4-750-8_REVISED_DERIVED,750,heldout,new_formal_run,ECP-RCG-ED,CERTIFIED_OPTIMAL,0,False,380.68366010001046,379.9293144999974,True,True,128319.05,128319.05,0.0,True,132,570,180,True,379.085468099991,0.0,0.0,0.0,0.0,False,4,195,True,True,af7aecf3fd632b70a2f098c6317f56f0fedc00f76924f61a52cc928e04dd8d95,c2f25f96c853b553c576fad7624bed18f9ad4e168c3e9fb88189db2216c831d2,,,bbb33ded7c0d5a68b6feb791de3ec3a9eb1bdef95c027e54ab3b95029ef569f6,<LOCAL_PATH_REDACTED>\Desktop\RCG-ED\01_STAGE_D_FULL\runs\GD-4-750-8_REVISED_DERIVED\ECP_RCG_ED\repeat_01\result.json,<LOCAL_PATH_REDACTED>\Desktop\RCG-ED\01_STAGE_D_FULL\runs\GD-4-750-8_REVISED_DERIVED\ECP_RCG_ED\repeat_01,2026-07-20T21:36:21+08:00,,,,MEMORY_FAILURE,False,,995.0940195000003,,2.619155673232493,False,FEASIBLE_UNCERTIFIED,False,128320.24999999999,3602.0682211999956,False,9.480890480747624,,False,,,
