from_node_id,to_node_id,distance_km,travel_hours
NOD000002,NOD000592,1096.0,64.1303
NOD000002,NOD000593,1088.0,63.6622
NOD000002,NOD000594,1078.0,63.0771
NOD000002,NOD000596,1692.0,99.0041
NOD000002,NOD000597,1096.0,64.1303
NOD000002,NOD000598,1651.0,96.6051
NOD000002,NOD000599,1506.0,88.1207
NOD000002,NOD000603,1094.0,64.0133
NOD000002,NOD000607,944.0,55.2363
NOD000002,NOD000622,2082.0,121.8242
NOD000002,NOD000632,1232.0,72.0881
NOD000002,NOD000645,1096.0,64.1303
NOD000002,NOD000678,1200.0,70.2157
NOD000002,NOD000696,1088.0,63.6622
NOD000002,NOD000777,1506.0,88.1207
NOD000002,NOD000779,1078.0,63.0771
NOD000002,NOD000780,1088.0,63.6622
NOD000002,NOD000781,944.0,55.2363
NOD000002,NOD000785,1316.0,77.0032
NOD000002,NOD000786,1094.0,64.0133
NOD000002,NOD000790,1656.0,96.8976
NOD000002,NOD000794,2082.0,121.8242
NOD000002,NOD000795,1088.0,63.6622
NOD000003,NOD000592,1233.0,72.1466
NOD000003,NOD000593,1225.0,71.6785
NOD000003,NOD000594,1215.0,71.0934
NOD000003,NOD000596,1829.0,107.0204
NOD000003,NOD000597,1233.0,72.1466
NOD000003,NOD000598,1788.0,104.6214
NOD000003,NOD000599,1643.0,96.137
NOD000003,NOD000603,1231.0,72.0296
NOD000003,NOD000607,1081.0,63.2526
NOD000003,NOD000622,2219.0,129.8405
NOD000003,NOD000632,1369.0,80.1044
NOD000003,NOD000645,1233.0,72.1466
NOD000003,NOD000678,1337.0,78.232
NOD000003,NOD000696,1225.0,71.6785
NOD000003,NOD000777,1643.0,96.137
NOD000003,NOD000779,1215.0,71.0934
NOD000003,NOD000780,1225.0,71.6785
NOD000003,NOD000781,1081.0,63.2526
NOD000003,NOD000785,1453.0,85.0195
NOD000003,NOD000786,1231.0,72.0296
NOD000003,NOD000790,1793.0,104.9139
NOD000003,NOD000794,2219.0,129.8405
NOD000003,NOD000795,1225.0,71.6785
NOD000009,NOD000592,1118.0,65.4176
NOD000009,NOD000593,1115.0,65.2421
NOD000009,NOD000594,1115.0,65.2421
NOD000009,NOD000596,1729.0,101.1691
NOD000009,NOD000597,1118.0,65.4176
NOD000009,NOD000598,1433.0,83.8492
NOD000009,NOD000599,1137.0,66.5294
NOD000009,NOD000603,1121.0,65.5932
NOD000009,NOD000607,1255.0,73.4339
NOD000009,NOD000622,1755.0,102.6904
NOD000009,NOD000632,1269.0,74.2531
NOD000009,NOD000645,1111.0,65.008
NOD000009,NOD000678,1237.0,72.3807
NOD000009,NOD000696,1115.0,65.2421
NOD000009,NOD000777,687.0,40.1985
NOD000009,NOD000779,1115.0,65.2421
NOD000009,NOD000780,1115.0,65.2421
NOD000009,NOD000781,1249.0,73.0828
NOD000009,NOD000785,1343.0,78.5831
NOD000009,NOD000786,1118.0,65.4176
NOD000009,NOD000790,1245.0,72.8488
NOD000009,NOD000794,2083.0,121.8827
NOD000009,NOD000795,1115.0,65.2421
NOD000011,NOD000592,717.0,41.9539
NOD000011,NOD000593,723.0,42.305
NOD000011,NOD000594,723.0,42.305
NOD000011,NOD000596,1334.0,78.0564
NOD000011,NOD000597,717.0,41.9539
NOD000011,NOD000598,1186.0,69.3965
NOD000011,NOD000599,1041.0,60.9121
NOD000011,NOD000603,729.0,42.656
NOD000011,NOD000607,863.0,50.4968
NOD000011,NOD000622,1717.0,100.4669
NOD000011,NOD000632,874.0,51.1404
NOD000011,NOD000645,709.0,41.4858
NOD000011,NOD000678,842.0,49.268
NOD000011,NOD000696,723.0,42.305
NOD000011,NOD000777,699.0,40.9006
NOD000011,NOD000779,723.0,42.305
NOD000011,NOD000780,717.0,41.9539
NOD000011,NOD000781,857.0,50.1457
NOD000011,NOD000785,951.0,55.6459
NOD000011,NOD000786,717.0,41.9539
NOD000011,NOD000790,1193.0,69.8061
NOD000011,NOD000794,1717.0,100.4669
NOD000011,NOD000795,723.0,42.305
NOD000014,NOD000592,344.0,20.1285
NOD000014,NOD000593,343.0,20.07
NOD000014,NOD000594,343.0,20.07
NOD000014,NOD000596,703.0,41.1347
NOD000014,NOD000597,344.0,20.1285
NOD000014,NOD000598,906.0,53.0128
NOD000014,NOD000599,761.0,44.5284
NOD000014,NOD000603,349.0,20.4211
NOD000014,NOD000607,473.0,27.6767
NOD000014,NOD000622,1291.0,75.5404
NOD000014,NOD000632,211.0,12.3463
NOD000014,NOD000645,344.0,20.1285
NOD000014,NOD000678,211.0,12.3463
NOD000014,NOD000696,343.0,20.07
NOD000014,NOD000777,761.0,44.5284
NOD000014,NOD000779,333.0,19.4849
NOD000014,NOD000780,336.0,19.6604
NOD000014,NOD000781,467.0,27.3256
NOD000014,NOD000785,571.0,33.411
NOD000014,NOD000786,344.0,20.1285
NOD000014,NOD000790,906.0,53.0128
NOD000014,NOD000794,1337.0,78.232
NOD000014,NOD000795,343.0,20.07
NOD000015,NOD000592,850.0,49.7361
NOD000015,NOD000593,849.0,49.6776
NOD000015,NOD000594,849.0,49.6776
NOD000015,NOD000596,225.0,13.1654
NOD000015,NOD000597,850.0,49.7361
NOD000015,NOD000598,1412.0,82.6205
NOD000015,NOD000599,1267.0,74.1361
NOD000015,NOD000603,855.0,50.0287
NOD000015,NOD000607,979.0,57.2843
NOD000015,NOD000622,1797.0,105.148
NOD000015,NOD000632,749.0,43.8263
NOD000015,NOD000645,850.0,49.7361
NOD000015,NOD000678,717.0,41.9539
NOD000015,NOD000696,849.0,49.6776
NOD000015,NOD000777,1267.0,74.1361
NOD000015,NOD000779,839.0,49.0925
NOD000015,NOD000780,842.0,49.268
NOD000015,NOD000781,973.0,56.9332
NOD000015,NOD000785,1077.0,63.0186
NOD000015,NOD000786,850.0,49.7361
NOD000015,NOD000790,1412.0,82.6205
NOD000015,NOD000794,1843.0,107.8396
NOD000015,NOD000795,849.0,49.6776
NOD000016,NOD000592,372.0,21.7669
NOD000016,NOD000593,371.0,21.7083
NOD000016,NOD000594,371.0,21.7083
NOD000016,NOD000596,731.0,42.7731
NOD000016,NOD000597,372.0,21.7669
NOD000016,NOD000598,934.0,54.6512
NOD000016,NOD000599,789.0,46.1668
NOD000016,NOD000603,377.0,22.0594
NOD000016,NOD000607,501.0,29.315
NOD000016,NOD000622,1319.0,77.1787
NOD000016,NOD000632,239.0,13.9846
NOD000016,NOD000645,372.0,21.7669
NOD000016,NOD000678,239.0,13.9846
NOD000016,NOD000696,371.0,21.7083
NOD000016,NOD000777,789.0,46.1668
NOD000016,NOD000779,361.0,21.1232
NOD000016,NOD000780,364.0,21.2988
NOD000016,NOD000781,495.0,28.964
NOD000016,NOD000785,599.0,35.0493
NOD000016,NOD000786,372.0,21.7669
NOD000016,NOD000790,934.0,54.6512
NOD000016,NOD000794,1365.0,79.8703
NOD000016,NOD000795,371.0,21.7083
NOD000017,NOD000592,390.0,22.8201
NOD000017,NOD000593,389.0,22.7616
NOD000017,NOD000594,389.0,22.7616
NOD000017,NOD000596,749.0,43.8263
NOD000017,NOD000597,390.0,22.8201
NOD000017,NOD000598,952.0,55.7044
NOD000017,NOD000599,807.0,47.22
NOD000017,NOD000603,395.0,23.1127
NOD000017,NOD000607,519.0,30.3683
NOD000017,NOD000622,1337.0,78.232
NOD000017,NOD000632,257.0,15.0379
NOD000017,NOD000645,390.0,22.8201
NOD000017,NOD000678,257.0,15.0379
NOD000017,NOD000696,389.0,22.7616
NOD000017,NOD000777,807.0,47.22
NOD000017,NOD000779,379.0,22.1765
NOD000017,NOD000780,382.0,22.352
NOD000017,NOD000781,513.0,30.0172
NOD000017,NOD000785,617.0,36.1026
NOD000017,NOD000786,390.0,22.8201
NOD000017,NOD000790,952.0,55.7044
NOD000017,NOD000794,1383.0,80.9236
NOD000017,NOD000795,389.0,22.7616
NOD000018,NOD000592,390.0,22.8201
NOD000018,NOD000593,389.0,22.7616
NOD000018,NOD000594,389.0,22.7616
NOD000018,NOD000596,749.0,43.8263
NOD000018,NOD000597,390.0,22.8201
NOD000018,NOD000598,952.0,55.7044
NOD000018,NOD000599,807.0,47.22
NOD000018,NOD000603,395.0,23.1127
NOD000018,NOD000607,519.0,30.3683
NOD000018,NOD000622,1337.0,78.232
NOD000018,NOD000632,257.0,15.0379
NOD000018,NOD000645,390.0,22.8201
NOD000018,NOD000678,257.0,15.0379
NOD000018,NOD000696,389.0,22.7616
NOD000018,NOD000777,807.0,47.22
NOD000018,NOD000779,379.0,22.1765
NOD000018,NOD000780,382.0,22.352
NOD000018,NOD000781,513.0,30.0172
NOD000018,NOD000785,617.0,36.1026
NOD000018,NOD000786,390.0,22.8201
NOD000018,NOD000790,952.0,55.7044
NOD000018,NOD000794,1383.0,80.9236
NOD000018,NOD000795,389.0,22.7616
NOD000019,NOD000592,393.0,22.9956
NOD000019,NOD000593,392.0,22.9371
NOD000019,NOD000594,392.0,22.9371
NOD000019,NOD000596,752.0,44.0018
NOD000019,NOD000597,393.0,22.9956
NOD000019,NOD000598,955.0,55.88
NOD000019,NOD000599,810.0,47.3956
NOD000019,NOD000603,398.0,23.2882
NOD000019,NOD000607,522.0,30.5438
NOD000019,NOD000622,1340.0,78.4075
NOD000019,NOD000632,260.0,15.2134
NOD000019,NOD000645,393.0,22.9956
NOD000019,NOD000678,260.0,15.2134
NOD000019,NOD000696,392.0,22.9371
NOD000019,NOD000777,810.0,47.3956
NOD000019,NOD000779,382.0,22.352
NOD000019,NOD000780,385.0,22.5275
NOD000019,NOD000781,516.0,30.1927
NOD000019,NOD000785,620.0,36.2781
NOD000019,NOD000786,393.0,22.9956
NOD000019,NOD000790,955.0,55.88
NOD000019,NOD000794,1386.0,81.0991
NOD000019,NOD000795,392.0,22.9371
NOD000020,NOD000592,313.0,18.3146
NOD000020,NOD000593,312.0,18.2561
NOD000020,NOD000594,312.0,18.2561
NOD000020,NOD000596,672.0,39.3208
NOD000020,NOD000597,313.0,18.3146
NOD000020,NOD000598,875.0,51.1989
NOD000020,NOD000599,730.0,42.7145
NOD000020,NOD000603,318.0,18.6072
NOD000020,NOD000607,442.0,25.8628
NOD000020,NOD000622,1260.0,73.7265
NOD000020,NOD000632,212.0,12.4048
NOD000020,NOD000645,313.0,18.3146
NOD000020,NOD000678,180.0,10.5324
NOD000020,NOD000696,312.0,18.2561
NOD000020,NOD000777,730.0,42.7145
NOD000020,NOD000779,302.0,17.6709
NOD000020,NOD000780,305.0,17.8465
NOD000020,NOD000781,436.0,25.5117
NOD000020,NOD000785,540.0,31.5971
NOD000020,NOD000786,313.0,18.3146
NOD000020,NOD000790,875.0,51.1989
NOD000020,NOD000794,1306.0,76.4181
NOD000020,NOD000795,312.0,18.2561
NOD000021,NOD000592,310.0,18.1391
NOD000021,NOD000593,309.0,18.0805
NOD000021,NOD000594,309.0,18.0805
NOD000021,NOD000596,669.0,39.1452
NOD000021,NOD000597,310.0,18.1391
NOD000021,NOD000598,872.0,51.0234
NOD000021,NOD000599,727.0,42.539
NOD000021,NOD000603,315.0,18.4316
NOD000021,NOD000607,439.0,25.6872
NOD000021,NOD000622,1257.0,73.5509
NOD000021,NOD000632,209.0,12.2292
NOD000021,NOD000645,310.0,18.1391
NOD000021,NOD000678,177.0,10.3568
NOD000021,NOD000696,309.0,18.0805
NOD000021,NOD000777,727.0,42.539
NOD000021,NOD000779,299.0,17.4954
NOD000021,NOD000780,302.0,17.6709
NOD000021,NOD000781,433.0,25.3362
NOD000021,NOD000785,537.0,31.4215
NOD000021,NOD000786,310.0,18.1391
NOD000021,NOD000790,872.0,51.0234
NOD000021,NOD000794,1303.0,76.2425
NOD000021,NOD000795,309.0,18.0805
NOD000028,NOD000592,358.0,20.9477
NOD000028,NOD000593,357.0,20.8892
NOD000028,NOD000594,357.0,20.8892
NOD000028,NOD000596,717.0,41.9539
NOD000028,NOD000597,358.0,20.9477
NOD000028,NOD000598,920.0,53.832
NOD000028,NOD000599,775.0,45.3476
NOD000028,NOD000603,363.0,21.2402
NOD000028,NOD000607,487.0,28.4959
NOD000028,NOD000622,1305.0,76.3596
NOD000028,NOD000632,225.0,13.1654
NOD000028,NOD000645,358.0,20.9477
NOD000028,NOD000678,225.0,13.1654
NOD000028,NOD000696,357.0,20.8892
NOD000028,NOD000777,775.0,45.3476
NOD000028,NOD000779,347.0,20.304
NOD000028,NOD000780,350.0,20.4796
NOD000028,NOD000781,481.0,28.1448
NOD000028,NOD000785,585.0,34.2301
NOD000028,NOD000786,358.0,20.9477
NOD000028,NOD000790,920.0,53.832
NOD000028,NOD000794,1351.0,79.0512
NOD000028,NOD000795,357.0,20.8892
NOD000031,NOD000592,1062.0,62.1409
NOD000031,NOD000593,1059.0,61.9653
NOD000031,NOD000594,1059.0,61.9653
NOD000031,NOD000596,1673.0,97.8924
NOD000031,NOD000597,1062.0,62.1409
NOD000031,NOD000598,1377.0,80.5725
NOD000031,NOD000599,1081.0,63.2526
NOD000031,NOD000603,1065.0,62.3164
NOD000031,NOD000607,1199.0,70.1572
NOD000031,NOD000622,1699.0,99.4137
NOD000031,NOD000632,1213.0,70.9764
NOD000031,NOD000645,1055.0,61.7313
NOD000031,NOD000678,1181.0,69.1039
NOD000031,NOD000696,1059.0,61.9653
NOD000031,NOD000777,631.0,36.9217
NOD000031,NOD000779,1059.0,61.9653
NOD000031,NOD000780,1059.0,61.9653
NOD000031,NOD000781,1193.0,69.8061
NOD000031,NOD000785,1287.0,75.3063
NOD000031,NOD000786,1062.0,62.1409
NOD000031,NOD000790,1189.0,69.572
NOD000031,NOD000794,2027.0,118.606
NOD000031,NOD000795,1059.0,61.9653
NOD000033,NOD000592,2908.0,170.156
NOD000033,NOD000593,2907.0,170.0975
NOD000033,NOD000594,2907.0,170.0975
NOD000033,NOD000596,2283.0,133.5853
NOD000033,NOD000597,2908.0,170.156
NOD000033,NOD000598,3470.0,203.0404
NOD000033,NOD000599,3325.0,194.556
NOD000033,NOD000603,2913.0,170.4486
NOD000033,NOD000607,3037.0,177.7042
NOD000033,NOD000622,3855.0,225.5679
NOD000033,NOD000632,2807.0,164.2462
NOD000033,NOD000645,2908.0,170.156
NOD000033,NOD000678,2775.0,162.3738
NOD000033,NOD000696,2907.0,170.0975
NOD000033,NOD000777,3325.0,194.556
NOD000033,NOD000779,2897.0,169.5124
NOD000033,NOD000780,2900.0,169.6879
NOD000033,NOD000781,3031.0,177.3531
NOD000033,NOD000785,3135.0,183.4385
NOD000033,NOD000786,2908.0,170.156
NOD000033,NOD000790,3470.0,203.0404
NOD000033,NOD000794,3901.0,228.2595
NOD000033,NOD000795,2907.0,170.0975
NOD000044,NOD000592,1040.0,60.8536
NOD000044,NOD000593,1039.0,60.7951
NOD000044,NOD000594,1039.0,60.7951
NOD000044,NOD000596,1399.0,81.8598
NOD000044,NOD000597,1040.0,60.8536
NOD000044,NOD000598,1602.0,93.7379
NOD000044,NOD000599,1457.0,85.2535
NOD000044,NOD000603,1045.0,61.1462
NOD000044,NOD000607,1169.0,68.4018
NOD000044,NOD000622,1987.0,116.2655
NOD000044,NOD000632,907.0,53.0714
NOD000044,NOD000645,1040.0,60.8536
NOD000044,NOD000678,907.0,53.0714
NOD000044,NOD000696,1039.0,60.7951
NOD000044,NOD000777,1457.0,85.2535
NOD000044,NOD000779,1029.0,60.21
NOD000044,NOD000780,1032.0,60.3855
NOD000044,NOD000781,1163.0,68.0507
NOD000044,NOD000785,1267.0,74.1361
NOD000044,NOD000786,1040.0,60.8536
NOD000044,NOD000790,1602.0,93.7379
NOD000044,NOD000794,2033.0,118.9571
NOD000044,NOD000795,1039.0,60.7951
NOD000048,NOD000592,991.0,57.9865
NOD000048,NOD000593,1001.0,58.5716
NOD000048,NOD000594,1001.0,58.5716
NOD000048,NOD000596,1608.0,94.089
NOD000048,NOD000597,983.0,57.5183
NOD000048,NOD000598,1539.0,90.0516
NOD000048,NOD000599,981.0,57.4013
NOD000048,NOD000603,1007.0,58.9227
NOD000048,NOD000607,1141.0,66.7634
NOD000048,NOD000622,1969.0,115.2122
NOD000048,NOD000632,1148.0,67.173
NOD000048,NOD000645,983.0,57.5183
NOD000048,NOD000678,1116.0,65.3006
NOD000048,NOD000696,1001.0,58.5716
NOD000048,NOD000777,983.0,57.5183
NOD000048,NOD000779,1001.0,58.5716
NOD000048,NOD000780,991.0,57.9865
NOD000048,NOD000781,1135.0,66.4123
NOD000048,NOD000785,1229.0,71.9126
NOD000048,NOD000786,991.0,57.9865
NOD000048,NOD000790,1541.0,90.1686
NOD000048,NOD000794,1969.0,115.2122
NOD000048,NOD000795,1001.0,58.5716
NOD000056,NOD000592,925.0,54.1246
NOD000056,NOD000593,907.0,53.0714
NOD000056,NOD000594,917.0,53.6565
NOD000056,NOD000596,1531.0,89.5835
NOD000056,NOD000597,925.0,54.1246
NOD000056,NOD000598,1480.0,86.5993
NOD000056,NOD000599,1335.0,78.1149
NOD000056,NOD000603,923.0,54.0076
NOD000056,NOD000607,1057.0,61.8483
NOD000056,NOD000622,1911.0,111.8185
NOD000056,NOD000632,1071.0,62.6675
NOD000056,NOD000645,925.0,54.1246
NOD000056,NOD000678,1039.0,60.7951
NOD000056,NOD000696,917.0,53.6565
NOD000056,NOD000777,1335.0,78.1149
NOD000056,NOD000779,917.0,53.6565
NOD000056,NOD000780,917.0,53.6565
NOD000056,NOD000781,1051.0,61.4972
NOD000056,NOD000785,1145.0,66.9975
NOD000056,NOD000786,923.0,54.0076
NOD000056,NOD000790,1485.0,86.8919
NOD000056,NOD000794,1911.0,111.8185
NOD000056,NOD000795,917.0,53.6565
NOD000058,NOD000592,2016.0,117.9624
NOD000058,NOD000593,2018.0,118.0794
NOD000058,NOD000594,2018.0,118.0794
NOD000058,NOD000596,2622.0,153.4213
NOD000058,NOD000597,2016.0,117.9624
NOD000058,NOD000598,2495.0,145.9901
NOD000058,NOD000599,2350.0,137.5057
NOD000058,NOD000603,2024.0,118.4305
NOD000058,NOD000607,2148.0,125.6861
NOD000058,NOD000622,3012.0,176.2414
NOD000058,NOD000632,2162.0,126.5053
NOD000058,NOD000645,2016.0,117.9624
NOD000058,NOD000678,2130.0,124.6328
NOD000058,NOD000696,2018.0,118.0794
NOD000058,NOD000777,2350.0,137.5057
NOD000058,NOD000779,2008.0,117.4942
NOD000058,NOD000780,2008.0,117.4942
NOD000058,NOD000781,2142.0,125.335
NOD000058,NOD000785,2246.0,131.4204
NOD000058,NOD000786,2008.0,117.4942
NOD000058,NOD000790,2502.0,146.3997
NOD000058,NOD000794,3012.0,176.2414
NOD000058,NOD000795,2018.0,118.0794
NOD000061,NOD000592,827.0,48.3903
NOD000061,NOD000593,826.0,48.3318
NOD000061,NOD000594,826.0,48.3318
NOD000061,NOD000596,1186.0,69.3965
NOD000061,NOD000597,827.0,48.3903
NOD000061,NOD000598,1389.0,81.2747
NOD000061,NOD000599,1244.0,72.7903
NOD000061,NOD000603,832.0,48.6829
NOD000061,NOD000607,956.0,55.9385
NOD000061,NOD000622,1774.0,103.8022
NOD000061,NOD000632,694.0,40.6081
NOD000061,NOD000645,827.0,48.3903
NOD000061,NOD000678,694.0,40.6081
NOD000061,NOD000696,826.0,48.3318
NOD000061,NOD000777,1244.0,72.7903
NOD000061,NOD000779,816.0,47.7467
NOD000061,NOD000780,819.0,47.9222
NOD000061,NOD000781,950.0,55.5874
NOD000061,NOD000785,1054.0,61.6728
NOD000061,NOD000786,827.0,48.3903
NOD000061,NOD000790,1389.0,81.2747
NOD000061,NOD000794,1820.0,106.4938
NOD000061,NOD000795,826.0,48.3318
NOD000062,NOD000592,839.0,49.0925
NOD000062,NOD000593,838.0,49.034
NOD000062,NOD000594,838.0,49.034
NOD000062,NOD000596,1198.0,70.0987
NOD000062,NOD000597,839.0,49.0925
NOD000062,NOD000598,1401.0,81.9768
NOD000062,NOD000599,1256.0,73.4924
NOD000062,NOD000603,844.0,49.385
NOD000062,NOD000607,968.0,56.6407
NOD000062,NOD000622,1786.0,104.5043
NOD000062,NOD000632,738.0,43.1826
NOD000062,NOD000645,839.0,49.0925
NOD000062,NOD000678,706.0,41.3102
NOD000062,NOD000696,838.0,49.034
NOD000062,NOD000777,1256.0,73.4924
NOD000062,NOD000779,828.0,48.4488
NOD000062,NOD000780,831.0,48.6244
NOD000062,NOD000781,962.0,56.2896
NOD000062,NOD000785,1066.0,62.3749
NOD000062,NOD000786,839.0,49.0925
NOD000062,NOD000790,1401.0,81.9768
NOD000062,NOD000794,1832.0,107.1959
NOD000062,NOD000795,838.0,49.034
NOD000069,NOD000592,951.0,55.6459
NOD000069,NOD000593,943.0,55.1778
NOD000069,NOD000594,943.0,55.1778
NOD000069,NOD000596,1547.0,90.5197
NOD000069,NOD000597,951.0,55.6459
NOD000069,NOD000598,1506.0,88.1207
NOD000069,NOD000599,1361.0,79.6363
NOD000069,NOD000603,949.0,55.5289
NOD000069,NOD000607,1073.0,62.7845
NOD000069,NOD000622,1937.0,113.3398
NOD000069,NOD000632,1087.0,63.6037
NOD000069,NOD000645,951.0,55.6459
NOD000069,NOD000678,1055.0,61.7313
NOD000069,NOD000696,943.0,55.1778
NOD000069,NOD000777,1361.0,79.6363
NOD000069,NOD000779,933.0,54.5927
NOD000069,NOD000780,943.0,55.1778
NOD000069,NOD000781,1067.0,62.4334
NOD000069,NOD000785,1171.0,68.5188
NOD000069,NOD000786,949.0,55.5289
NOD000069,NOD000790,1511.0,88.4133
NOD000069,NOD000794,1937.0,113.3398
NOD000069,NOD000795,943.0,55.1778
NOD000073,NOD000592,958.0,56.0555
NOD000073,NOD000593,960.0,56.1725
NOD000073,NOD000594,960.0,56.1725
NOD000073,NOD000596,1574.0,92.0996
NOD000073,NOD000597,950.0,55.5874
NOD000073,NOD000598,1471.0,86.0727
NOD000073,NOD000599,975.0,57.0502
NOD000073,NOD000603,966.0,56.5236
NOD000073,NOD000607,1100.0,64.3644
NOD000073,NOD000622,1938.0,113.3983
NOD000073,NOD000632,1114.0,65.1836
NOD000073,NOD000645,950.0,55.5874
NOD000073,NOD000678,1082.0,63.3111
NOD000073,NOD000696,950.0,55.5874
NOD000073,NOD000777,950.0,55.5874
NOD000073,NOD000779,960.0,56.1725
NOD000073,NOD000780,958.0,56.0555
NOD000073,NOD000781,1094.0,64.0133
NOD000073,NOD000785,1188.0,69.5135
NOD000073,NOD000786,958.0,56.0555
NOD000073,NOD000790,975.0,57.0502
NOD000073,NOD000794,1938.0,113.3983
NOD000073,NOD000795,960.0,56.1725
NOD000076,NOD000592,1382.0,80.8651
NOD000076,NOD000593,1400.0,81.9183
NOD000076,NOD000594,1400.0,81.9183
NOD000076,NOD000596,2007.0,117.4357
NOD000076,NOD000597,1390.0,81.3332
NOD000076,NOD000598,1382.0,80.8651
NOD000076,NOD000599,1727.0,101.0521
NOD000076,NOD000603,1406.0,82.2694
NOD000076,NOD000607,1540.0,90.1101
NOD000076,NOD000622,2394.0,140.0803
NOD000076,NOD000632,1547.0,90.5197
NOD000076,NOD000645,1390.0,81.3332
NOD000076,NOD000678,1515.0,88.6473
NOD000076,NOD000696,1394.0,81.5672
NOD000076,NOD000777,1727.0,101.0521
NOD000076,NOD000779,1400.0,81.9183
NOD000076,NOD000780,1390.0,81.3332
NOD000076,NOD000781,1534.0,89.7591
NOD000076,NOD000785,1628.0,95.2593
NOD000076,NOD000786,1390.0,81.3332
NOD000076,NOD000790,1879.0,109.9461
NOD000076,NOD000794,2394.0,140.0803
NOD000076,NOD000795,1400.0,81.9183
NOD000078,NOD000592,1129.0,66.0613
NOD000078,NOD000593,1121.0,65.5932
NOD000078,NOD000594,1121.0,65.5932
NOD000078,NOD000596,1725.0,100.935
NOD000078,NOD000597,1129.0,66.0613
NOD000078,NOD000598,1684.0,98.536
NOD000078,NOD000599,1539.0,90.0516
NOD000078,NOD000603,1127.0,65.9442
NOD000078,NOD000607,1251.0,73.1999
NOD000078,NOD000622,2115.0,123.7551
NOD000078,NOD000632,1265.0,74.019
NOD000078,NOD000645,1129.0,66.0613
NOD000078,NOD000678,1233.0,72.1466
NOD000078,NOD000696,1121.0,65.5932
NOD000078,NOD000777,1539.0,90.0516
NOD000078,NOD000779,1111.0,65.008
NOD000078,NOD000780,1121.0,65.5932
NOD000078,NOD000781,1245.0,72.8488
NOD000078,NOD000785,1349.0,78.9341
NOD000078,NOD000786,1127.0,65.9442
NOD000078,NOD000790,1689.0,98.8286
NOD000078,NOD000794,2115.0,123.7551
NOD000078,NOD000795,1121.0,65.5932
NOD000090,NOD000592,741.0,43.3582
NOD000090,NOD000593,740.0,43.2997
NOD000090,NOD000594,740.0,43.2997
NOD000090,NOD000596,1100.0,64.3644
NOD000090,NOD000597,741.0,43.3582
NOD000090,NOD000598,1303.0,76.2425
NOD000090,NOD000599,1158.0,67.7581
NOD000090,NOD000603,746.0,43.6508
NOD000090,NOD000607,870.0,50.9064
NOD000090,NOD000622,1688.0,98.7701
NOD000090,NOD000632,640.0,37.4484
NOD000090,NOD000645,741.0,43.3582
NOD000090,NOD000678,608.0,35.5759
NOD000090,NOD000696,740.0,43.2997
NOD000090,NOD000777,1158.0,67.7581
NOD000090,NOD000779,730.0,42.7145
NOD000090,NOD000780,733.0,42.8901
NOD000090,NOD000781,864.0,50.5553
NOD000090,NOD000785,968.0,56.6407
NOD000090,NOD000786,741.0,43.3582
NOD000090,NOD000790,1303.0,76.2425
NOD000090,NOD000794,1734.0,101.4617
NOD000090,NOD000795,740.0,43.2997
NOD000094,NOD000592,1338.0,78.2905
NOD000094,NOD000593,1335.0,78.1149
NOD000094,NOD000594,1335.0,78.1149
NOD000094,NOD000596,1949.0,114.042
NOD000094,NOD000597,1338.0,78.2905
NOD000094,NOD000598,1653.0,96.7221
NOD000094,NOD000599,907.0,53.0714
NOD000094,NOD000603,1341.0,78.466
NOD000094,NOD000607,1475.0,86.3068
NOD000094,NOD000622,1895.0,110.8823
NOD000094,NOD000632,1489.0,87.126
NOD000094,NOD000645,1331.0,77.8809
NOD000094,NOD000678,1457.0,85.2535
NOD000094,NOD000696,1335.0,78.1149
NOD000094,NOD000777,907.0,53.0714
NOD000094,NOD000779,1335.0,78.1149
NOD000094,NOD000780,1335.0,78.1149
NOD000094,NOD000781,1469.0,85.9557
NOD000094,NOD000785,1563.0,91.4559
NOD000094,NOD000786,1338.0,78.2905
NOD000094,NOD000790,1465.0,85.7216
NOD000094,NOD000794,1895.0,110.8823
NOD000094,NOD000795,1335.0,78.1149
NOD000096,NOD000592,849.0,49.6776
NOD000096,NOD000593,851.0,49.7946
NOD000096,NOD000594,851.0,49.7946
NOD000096,NOD000596,1458.0,85.3121
NOD000096,NOD000597,849.0,49.6776
NOD000096,NOD000598,1414.0,82.7375
NOD000096,NOD000599,1269.0,74.2531
NOD000096,NOD000603,857.0,50.1457
NOD000096,NOD000607,991.0,57.9865
NOD000096,NOD000622,1845.0,107.9566
NOD000096,NOD000632,998.0,58.396
NOD000096,NOD000645,849.0,49.6776
NOD000096,NOD000678,966.0,56.5236
NOD000096,NOD000696,851.0,49.7946
NOD000096,NOD000777,1269.0,74.2531
NOD000096,NOD000779,851.0,49.7946
NOD000096,NOD000780,841.0,49.2095
NOD000096,NOD000781,985.0,57.6354
NOD000096,NOD000785,1079.0,63.1356
NOD000096,NOD000786,849.0,49.6776
NOD000096,NOD000790,1411.0,82.5619
NOD000096,NOD000794,1845.0,107.9566
NOD000096,NOD000795,851.0,49.7946
NOD000100,NOD000592,877.0,51.316
NOD000100,NOD000593,859.0,50.2627
NOD000100,NOD000594,869.0,50.8479
NOD000100,NOD000596,1483.0,86.7749
NOD000100,NOD000597,877.0,51.316
NOD000100,NOD000598,859.0,50.2627
NOD000100,NOD000599,1287.0,75.3063
NOD000100,NOD000603,875.0,51.1989
NOD000100,NOD000607,1009.0,59.0397
NOD000100,NOD000622,1863.0,109.0099
NOD000100,NOD000632,1023.0,59.8589
NOD000100,NOD000645,877.0,51.316
NOD000100,NOD000678,991.0,57.9865
NOD000100,NOD000696,869.0,50.8479
NOD000100,NOD000777,1287.0,75.3063
NOD000100,NOD000779,869.0,50.8479
NOD000100,NOD000780,869.0,50.8479
NOD000100,NOD000781,1003.0,58.6886
NOD000100,NOD000785,1097.0,64.1888
NOD000100,NOD000786,875.0,51.1989
NOD000100,NOD000790,886.0,51.8426
NOD000100,NOD000794,1863.0,109.0099
NOD000100,NOD000795,869.0,50.8479
NOD000102,NOD000592,974.0,56.9917
NOD000102,NOD000593,966.0,56.5236
NOD000102,NOD000594,966.0,56.5236
NOD000102,NOD000596,1571.0,91.924
NOD000102,NOD000597,974.0,56.9917
NOD000102,NOD000598,1529.0,89.4665
NOD000102,NOD000599,1384.0,80.9821
NOD000102,NOD000603,972.0,56.8747
NOD000102,NOD000607,1097.0,64.1888
NOD000102,NOD000622,1960.0,114.6856
NOD000102,NOD000632,1111.0,65.008
NOD000102,NOD000645,974.0,56.9917
NOD000102,NOD000678,1079.0,63.1356
NOD000102,NOD000696,966.0,56.5236
NOD000102,NOD000777,956.0,55.9385
NOD000102,NOD000779,957.0,55.997
NOD000102,NOD000780,966.0,56.5236
NOD000102,NOD000781,1091.0,63.8378
NOD000102,NOD000785,1194.0,69.8646
NOD000102,NOD000786,972.0,56.8747
NOD000102,NOD000790,1514.0,88.5888
NOD000102,NOD000794,1960.0,114.6856
NOD000102,NOD000795,956.0,55.9385
NOD000105,NOD000592,1169.0,68.4018
NOD000105,NOD000593,1166.0,68.2262
NOD000105,NOD000594,1166.0,68.2262
NOD000105,NOD000596,1780.0,104.1533
NOD000105,NOD000597,1169.0,68.4018
NOD000105,NOD000598,1484.0,86.8334
NOD000105,NOD000599,1188.0,69.5135
NOD000105,NOD000603,1172.0,68.5773
NOD000105,NOD000607,1306.0,76.4181
NOD000105,NOD000622,1806.0,105.6746
NOD000105,NOD000632,1320.0,77.2373
NOD000105,NOD000645,1162.0,67.9922
NOD000105,NOD000678,1288.0,75.3648
NOD000105,NOD000696,1166.0,68.2262
NOD000105,NOD000777,738.0,43.1826
NOD000105,NOD000779,1166.0,68.2262
NOD000105,NOD000780,1166.0,68.2262
NOD000105,NOD000781,1300.0,76.067
NOD000105,NOD000785,1394.0,81.5672
NOD000105,NOD000786,1169.0,68.4018
NOD000105,NOD000790,1296.0,75.8329
NOD000105,NOD000794,2134.0,124.8669
NOD000105,NOD000795,1166.0,68.2262
NOD000116,NOD000592,1021.0,59.7418
NOD000116,NOD000593,1018.0,59.5663
NOD000116,NOD000594,1018.0,59.5663
NOD000116,NOD000596,1632.0,95.4933
NOD000116,NOD000597,1021.0,59.7418
NOD000116,NOD000598,1481.0,86.6579
NOD000116,NOD000599,1336.0,78.1735
NOD000116,NOD000603,1024.0,59.9174
NOD000116,NOD000607,1158.0,67.7581
NOD000116,NOD000622,1963.0,114.8612
NOD000116,NOD000632,1172.0,68.5773
NOD000116,NOD000645,1014.0,59.3323
NOD000116,NOD000678,1140.0,66.7049
NOD000116,NOD000696,1018.0,59.5663
NOD000116,NOD000777,1336.0,78.1735
NOD000116,NOD000779,1018.0,59.5663
NOD000116,NOD000780,1018.0,59.5663
NOD000116,NOD000781,1152.0,67.4071
NOD000116,NOD000785,1246.0,72.9073
NOD000116,NOD000786,1021.0,59.7418
NOD000116,NOD000790,1488.0,87.0674
NOD000116,NOD000794,959.0,56.114
NOD000116,NOD000795,1018.0,59.5663
NOD000125,NOD000592,643.0,37.6239
NOD000125,NOD000593,643.0,37.6239
NOD000125,NOD000594,653.0,38.209
NOD000125,NOD000596,1267.0,74.1361
NOD000125,NOD000597,651.0,38.092
NOD000125,NOD000598,1165.0,68.1677
NOD000125,NOD000599,1020.0,59.6833
NOD000125,NOD000603,659.0,38.5601
NOD000125,NOD000607,793.0,46.4009
NOD000125,NOD000622,1647.0,96.371
NOD000125,NOD000632,807.0,47.22
NOD000125,NOD000645,651.0,38.092
NOD000125,NOD000678,775.0,45.3476
NOD000125,NOD000696,643.0,37.6239
NOD000125,NOD000777,1020.0,59.6833
NOD000125,NOD000779,653.0,38.209
NOD000125,NOD000780,651.0,38.092
NOD000125,NOD000781,787.0,46.0498
NOD000125,NOD000785,881.0,51.55
NOD000125,NOD000786,651.0,38.092
NOD000125,NOD000790,1172.0,68.5773
NOD000125,NOD000794,1647.0,96.371
NOD000125,NOD000795,653.0,38.209
NOD000134,NOD000592,263.0,15.3889
NOD000134,NOD000593,260.0,15.2134
NOD000134,NOD000594,260.0,15.2134
NOD000134,NOD000596,874.0,51.1404
NOD000134,NOD000597,263.0,15.3889
NOD000134,NOD000598,723.0,42.305
NOD000134,NOD000599,578.0,33.8206
NOD000134,NOD000603,266.0,15.5645
NOD000134,NOD000607,148.0,8.6599
NOD000134,NOD000622,1254.0,73.3754
NOD000134,NOD000632,414.0,24.2244
NOD000134,NOD000645,256.0,14.9793
NOD000134,NOD000678,382.0,22.352
NOD000134,NOD000696,260.0,15.2134
NOD000134,NOD000777,578.0,33.8206
NOD000134,NOD000779,260.0,15.2134
NOD000134,NOD000780,260.0,15.2134
NOD000134,NOD000781,148.0,8.6599
NOD000134,NOD000785,488.0,28.5544
NOD000134,NOD000786,263.0,15.3889
NOD000134,NOD000790,730.0,42.7145
NOD000134,NOD000794,1254.0,73.3754
NOD000134,NOD000795,260.0,15.2134
NOD000136,NOD000592,72.0,4.2129
NOD000136,NOD000593,71.0,4.1544
NOD000136,NOD000594,71.0,4.1544
NOD000136,NOD000596,553.0,32.3577
NOD000136,NOD000597,72.0,4.2129
NOD000136,NOD000598,634.0,37.0973
NOD000136,NOD000599,489.0,28.6129
NOD000136,NOD000603,77.0,4.5055
NOD000136,NOD000607,201.0,11.7611
NOD000136,NOD000622,1065.0,62.3164
NOD000136,NOD000632,93.0,5.4417
NOD000136,NOD000645,72.0,4.2129
NOD000136,NOD000678,61.0,3.5693
NOD000136,NOD000696,71.0,4.1544
NOD000136,NOD000777,489.0,28.6129
NOD000136,NOD000779,61.0,3.5693
NOD000136,NOD000780,64.0,3.7448
NOD000136,NOD000781,195.0,11.41
NOD000136,NOD000785,299.0,17.4954
NOD000136,NOD000786,72.0,4.2129
NOD000136,NOD000790,634.0,37.0973
NOD000136,NOD000794,1065.0,62.3164
NOD000136,NOD000795,71.0,4.1544
NOD000140,NOD000592,13.0,0.7607
NOD000140,NOD000593,5.0,0.2926
NOD000140,NOD000594,5.0,0.2926
NOD000140,NOD000596,619.0,36.2196
NOD000140,NOD000597,13.0,0.7607
NOD000140,NOD000598,568.0,33.2354
NOD000140,NOD000599,423.0,24.751
NOD000140,NOD000603,11.0,0.6436
NOD000140,NOD000607,145.0,8.4844
NOD000140,NOD000622,999.0,58.4546
NOD000140,NOD000632,159.0,9.3036
NOD000140,NOD000645,13.0,0.7607
NOD000140,NOD000678,127.0,7.4312
NOD000140,NOD000696,5.0,0.2926
NOD000140,NOD000777,423.0,24.751
NOD000140,NOD000779,5.0,0.2926
NOD000140,NOD000780,5.0,0.2926
NOD000140,NOD000781,139.0,8.1333
NOD000140,NOD000785,233.0,13.6335
NOD000140,NOD000786,11.0,0.6436
NOD000140,NOD000790,573.0,33.528
NOD000140,NOD000794,999.0,58.4546
NOD000140,NOD000795,5.0,0.2926
NOD000142,NOD000592,637.0,37.2728
NOD000142,NOD000593,636.0,37.2143
NOD000142,NOD000594,636.0,37.2143
NOD000142,NOD000596,504.0,29.4906
NOD000142,NOD000597,637.0,37.2728
NOD000142,NOD000598,1199.0,70.1572
NOD000142,NOD000599,1054.0,61.6728
NOD000142,NOD000603,642.0,37.5654
NOD000142,NOD000607,766.0,44.821
NOD000142,NOD000622,1584.0,92.6847
NOD000142,NOD000632,536.0,31.363
NOD000142,NOD000645,637.0,37.2728
NOD000142,NOD000678,504.0,29.4906
NOD000142,NOD000696,636.0,37.2143
NOD000142,NOD000777,1054.0,61.6728
NOD000142,NOD000779,626.0,36.6292
NOD000142,NOD000780,629.0,36.8047
NOD000142,NOD000781,760.0,44.4699
NOD000142,NOD000785,864.0,50.5553
NOD000142,NOD000786,637.0,37.2728
NOD000142,NOD000790,1199.0,70.1572
NOD000142,NOD000794,1630.0,95.3763
NOD000142,NOD000795,636.0,37.2143
NOD000145,NOD000592,1157.0,67.6996
NOD000145,NOD000593,1156.0,67.6411
NOD000145,NOD000594,1156.0,67.6411
NOD000145,NOD000596,1516.0,88.7058
NOD000145,NOD000597,1157.0,67.6996
NOD000145,NOD000598,1719.0,100.584
NOD000145,NOD000599,1574.0,92.0996
NOD000145,NOD000603,1162.0,67.9922
NOD000145,NOD000607,1286.0,75.2478
NOD000145,NOD000622,2104.0,123.1115
NOD000145,NOD000632,1048.0,61.3217
NOD000145,NOD000645,1157.0,67.6996
NOD000145,NOD000678,1024.0,59.9174
NOD000145,NOD000696,1156.0,67.6411
NOD000145,NOD000777,1574.0,92.0996
NOD000145,NOD000779,1146.0,67.056
NOD000145,NOD000780,1149.0,67.2315
NOD000145,NOD000781,1280.0,74.8967
NOD000145,NOD000785,1384.0,80.9821
NOD000145,NOD000786,1157.0,67.6996
NOD000145,NOD000790,1719.0,100.584
NOD000145,NOD000794,2150.0,125.8031
NOD000145,NOD000795,1156.0,67.6411
NOD000149,NOD000592,1229.0,71.9126
NOD000149,NOD000593,1226.0,71.737
NOD000149,NOD000594,1226.0,71.737
NOD000149,NOD000596,1840.0,107.6641
NOD000149,NOD000597,1229.0,71.9126
NOD000149,NOD000598,1544.0,90.3442
NOD000149,NOD000599,1248.0,73.0243
NOD000149,NOD000603,1232.0,72.0881
NOD000149,NOD000607,1366.0,79.9289
NOD000149,NOD000622,1866.0,109.1854
NOD000149,NOD000632,1380.0,80.748
NOD000149,NOD000645,1222.0,71.503
NOD000149,NOD000678,1348.0,78.8756
NOD000149,NOD000696,1226.0,71.737
NOD000149,NOD000777,798.0,46.6934
NOD000149,NOD000779,1226.0,71.737
NOD000149,NOD000780,1226.0,71.737
NOD000149,NOD000781,1360.0,79.5778
NOD000149,NOD000785,1454.0,85.078
NOD000149,NOD000786,1229.0,71.9126
NOD000149,NOD000790,1356.0,79.3437
NOD000149,NOD000794,2194.0,128.3777
NOD000149,NOD000795,1226.0,71.737
NOD000152,NOD000592,2110.0,123.4626
NOD000152,NOD000593,2107.0,123.287
NOD000152,NOD000594,2107.0,123.287
NOD000152,NOD000596,2721.0,159.2141
NOD000152,NOD000597,2110.0,123.4626
NOD000152,NOD000598,2425.0,141.8942
NOD000152,NOD000599,2129.0,124.5743
NOD000152,NOD000603,2113.0,123.6381
NOD000152,NOD000607,2247.0,131.4789
NOD000152,NOD000622,2747.0,160.7354
NOD000152,NOD000632,2261.0,132.2981
NOD000152,NOD000645,2103.0,123.053
NOD000152,NOD000678,2229.0,130.4256
NOD000152,NOD000696,2107.0,123.287
NOD000152,NOD000777,1679.0,98.2434
NOD000152,NOD000779,2107.0,123.287
NOD000152,NOD000780,2107.0,123.287
NOD000152,NOD000781,2241.0,131.1278
NOD000152,NOD000785,2335.0,136.628
NOD000152,NOD000786,2110.0,123.4626
NOD000152,NOD000790,2237.0,130.8937
NOD000152,NOD000794,3075.0,179.9277
NOD000152,NOD000795,2107.0,123.287
NOD000154,NOD000592,988.0,57.8109
NOD000154,NOD000593,996.0,58.279
NOD000154,NOD000594,996.0,58.279
NOD000154,NOD000596,1605.0,93.9135
NOD000154,NOD000597,980.0,57.3428
NOD000154,NOD000598,1516.0,88.7058
NOD000154,NOD000599,980.0,57.3428
NOD000154,NOD000603,1002.0,58.6301
NOD000154,NOD000607,1136.0,66.4708
NOD000154,NOD000622,1968.0,115.1537
NOD000154,NOD000632,1145.0,66.9975
NOD000154,NOD000645,980.0,57.3428
NOD000154,NOD000678,1113.0,65.125
NOD000154,NOD000696,992.0,58.045
NOD000154,NOD000777,980.0,57.3428
NOD000154,NOD000779,996.0,58.279
NOD000154,NOD000780,988.0,57.8109
NOD000154,NOD000781,1130.0,66.1198
NOD000154,NOD000785,1224.0,71.62
NOD000154,NOD000786,988.0,57.8109
NOD000154,NOD000790,1523.0,89.1154
NOD000154,NOD000794,1968.0,115.1537
NOD000154,NOD000795,996.0,58.279
NOD000155,NOD000592,1815.0,106.2012
NOD000155,NOD000593,1814.0,106.1427
NOD000155,NOD000594,1814.0,106.1427
NOD000155,NOD000596,2174.0,127.2074
NOD000155,NOD000597,1815.0,106.2012
NOD000155,NOD000598,2377.0,139.0856
NOD000155,NOD000599,2232.0,130.6012
NOD000155,NOD000603,1820.0,106.4938
NOD000155,NOD000607,1944.0,113.7494
NOD000155,NOD000622,2762.0,161.6131
NOD000155,NOD000632,1650.0,96.5466
NOD000155,NOD000645,1815.0,106.2012
NOD000155,NOD000678,1682.0,98.419
NOD000155,NOD000696,1814.0,106.1427
NOD000155,NOD000777,2232.0,130.6012
NOD000155,NOD000779,1804.0,105.5576
NOD000155,NOD000780,1807.0,105.7331
NOD000155,NOD000781,1938.0,113.3983
NOD000155,NOD000785,2042.0,119.4837
NOD000155,NOD000786,1815.0,106.2012
NOD000155,NOD000790,2377.0,139.0856
NOD000155,NOD000794,2808.0,164.3047
NOD000155,NOD000795,1814.0,106.1427
NOD000165,NOD000592,1298.0,75.95
NOD000165,NOD000593,1306.0,76.4181
NOD000165,NOD000594,1306.0,76.4181
NOD000165,NOD000596,1915.0,112.0525
NOD000165,NOD000597,1298.0,75.95
NOD000165,NOD000598,1777.0,103.9777
NOD000165,NOD000599,1632.0,95.4933
NOD000165,NOD000603,1312.0,76.7691
NOD000165,NOD000607,1446.0,84.6099
NOD000165,NOD000622,2300.0,134.5801
NOD000165,NOD000632,1455.0,85.1365
NOD000165,NOD000645,1298.0,75.95
NOD000165,NOD000678,1423.0,83.2641
NOD000165,NOD000696,1306.0,76.4181
NOD000165,NOD000777,1632.0,95.4933
NOD000165,NOD000779,1306.0,76.4181
NOD000165,NOD000780,1298.0,75.95
NOD000165,NOD000781,1440.0,84.2588
NOD000165,NOD000785,1534.0,89.7591
NOD000165,NOD000786,1290.0,75.4819
NOD000165,NOD000790,1784.0,104.3873
NOD000165,NOD000794,2300.0,134.5801
NOD000165,NOD000795,1306.0,76.4181
NOD000175,NOD000592,869.0,50.8479
NOD000175,NOD000593,868.0,50.7893
NOD000175,NOD000594,868.0,50.7893
NOD000175,NOD000596,1228.0,71.8541
NOD000175,NOD000597,869.0,50.8479
NOD000175,NOD000598,1431.0,83.7322
NOD000175,NOD000599,1286.0,75.2478
NOD000175,NOD000603,874.0,51.1404
NOD000175,NOD000607,998.0,58.396
NOD000175,NOD000622,1816.0,106.2597
NOD000175,NOD000632,768.0,44.938
NOD000175,NOD000645,869.0,50.8479
NOD000175,NOD000678,736.0,43.0656
NOD000175,NOD000696,868.0,50.7893
NOD000175,NOD000777,1286.0,75.2478
NOD000175,NOD000779,858.0,50.2042
NOD000175,NOD000780,861.0,50.3798
NOD000175,NOD000781,992.0,58.045
NOD000175,NOD000785,1096.0,64.1303
NOD000175,NOD000786,869.0,50.8479
NOD000175,NOD000790,1431.0,83.7322
NOD000175,NOD000794,1862.0,108.9513
NOD000175,NOD000795,868.0,50.7893
NOD000177,NOD000592,390.0,22.8201
NOD000177,NOD000593,389.0,22.7616
NOD000177,NOD000594,389.0,22.7616
NOD000177,NOD000596,749.0,43.8263
NOD000177,NOD000597,390.0,22.8201
NOD000177,NOD000598,952.0,55.7044
NOD000177,NOD000599,807.0,47.22
NOD000177,NOD000603,395.0,23.1127
NOD000177,NOD000607,519.0,30.3683
NOD000177,NOD000622,1337.0,78.232
NOD000177,NOD000632,257.0,15.0379
NOD000177,NOD000645,390.0,22.8201
NOD000177,NOD000678,257.0,15.0379
NOD000177,NOD000696,389.0,22.7616
NOD000177,NOD000777,807.0,47.22
NOD000177,NOD000779,379.0,22.1765
NOD000177,NOD000780,382.0,22.352
NOD000177,NOD000781,513.0,30.0172
NOD000177,NOD000785,617.0,36.1026
NOD000177,NOD000786,390.0,22.8201
NOD000177,NOD000790,952.0,55.7044
NOD000177,NOD000794,1383.0,80.9236
NOD000177,NOD000795,389.0,22.7616
NOD000178,NOD000592,358.0,20.9477
NOD000178,NOD000593,357.0,20.8892
NOD000178,NOD000594,357.0,20.8892
NOD000178,NOD000596,717.0,41.9539
NOD000178,NOD000597,358.0,20.9477
NOD000178,NOD000598,920.0,53.832
NOD000178,NOD000599,775.0,45.3476
NOD000178,NOD000603,363.0,21.2402
NOD000178,NOD000607,487.0,28.4959
NOD000178,NOD000622,1305.0,76.3596
NOD000178,NOD000632,225.0,13.1654
NOD000178,NOD000645,358.0,20.9477
NOD000178,NOD000678,225.0,13.1654
NOD000178,NOD000696,357.0,20.8892
NOD000178,NOD000777,775.0,45.3476
NOD000178,NOD000779,347.0,20.304
NOD000178,NOD000780,350.0,20.4796
NOD000178,NOD000781,481.0,28.1448
NOD000178,NOD000785,585.0,34.2301
NOD000178,NOD000786,358.0,20.9477
NOD000178,NOD000790,920.0,53.832
NOD000178,NOD000794,1351.0,79.0512
NOD000178,NOD000795,357.0,20.8892
NOD000182,NOD000592,310.0,18.1391
NOD000182,NOD000593,309.0,18.0805
NOD000182,NOD000594,309.0,18.0805
NOD000182,NOD000596,669.0,39.1452
NOD000182,NOD000597,310.0,18.1391
NOD000182,NOD000598,872.0,51.0234
NOD000182,NOD000599,727.0,42.539
NOD000182,NOD000603,315.0,18.4316
NOD000182,NOD000607,439.0,25.6872
NOD000182,NOD000622,1257.0,73.5509
NOD000182,NOD000632,177.0,10.3568
NOD000182,NOD000645,310.0,18.1391
NOD000182,NOD000678,177.0,10.3568
NOD000182,NOD000696,309.0,18.0805
NOD000182,NOD000777,727.0,42.539
NOD000182,NOD000779,299.0,17.4954
NOD000182,NOD000780,302.0,17.6709
NOD000182,NOD000781,433.0,25.3362
NOD000182,NOD000785,537.0,31.4215
NOD000182,NOD000786,310.0,18.1391
NOD000182,NOD000790,872.0,51.0234
NOD000182,NOD000794,1303.0,76.2425
NOD000182,NOD000795,309.0,18.0805
NOD000189,NOD000592,1010.0,59.0982
NOD000189,NOD000593,1012.0,59.2152
NOD000189,NOD000594,1012.0,59.2152
NOD000189,NOD000596,1619.0,94.7327
NOD000189,NOD000597,1010.0,59.0982
NOD000189,NOD000598,1575.0,92.1581
NOD000189,NOD000599,1430.0,83.6737
NOD000189,NOD000603,1018.0,59.5663
NOD000189,NOD000607,1005.0,58.8056
NOD000189,NOD000622,2006.0,117.3772
NOD000189,NOD000632,1159.0,67.8166
NOD000189,NOD000645,1010.0,59.0982
NOD000189,NOD000678,1127.0,65.9442
NOD000189,NOD000696,1012.0,59.2152
NOD000189,NOD000777,1002.0,58.6301
NOD000189,NOD000779,1012.0,59.2152
NOD000189,NOD000780,1002.0,58.6301
NOD000189,NOD000781,1002.0,58.6301
NOD000189,NOD000785,1240.0,72.5562
NOD000189,NOD000786,1002.0,58.6301
NOD000189,NOD000790,1560.0,91.2804
NOD000189,NOD000794,2006.0,117.3772
NOD000189,NOD000795,1012.0,59.2152
NOD000193,NOD000592,1194.0,69.8646
NOD000193,NOD000593,1204.0,70.4497
NOD000193,NOD000594,1204.0,70.4497
NOD000193,NOD000596,1811.0,105.9672
NOD000193,NOD000597,1186.0,69.3965
NOD000193,NOD000598,1755.0,102.6904
NOD000193,NOD000599,1610.0,94.206
NOD000193,NOD000603,1210.0,70.8008
NOD000193,NOD000607,1344.0,78.6416
NOD000193,NOD000622,2198.0,128.6117
NOD000193,NOD000632,1351.0,79.0512
NOD000193,NOD000645,1186.0,69.3965
NOD000193,NOD000678,1319.0,77.1787
NOD000193,NOD000696,1204.0,70.4497
NOD000193,NOD000777,1186.0,69.3965
NOD000193,NOD000779,1204.0,70.4497
NOD000193,NOD000780,1194.0,69.8646
NOD000193,NOD000781,1338.0,78.2905
NOD000193,NOD000785,1432.0,83.7907
NOD000193,NOD000786,1194.0,69.8646
NOD000193,NOD000790,1744.0,102.0468
NOD000193,NOD000794,2198.0,128.6117
NOD000193,NOD000795,1204.0,70.4497
NOD000205,NOD000592,1143.0,66.8804
NOD000205,NOD000593,1135.0,66.4123
NOD000205,NOD000594,1125.0,65.8272
NOD000205,NOD000596,1739.0,101.7542
NOD000205,NOD000597,1143.0,66.8804
NOD000205,NOD000598,1698.0,99.3552
NOD000205,NOD000599,1441.0,84.3173
NOD000205,NOD000603,1141.0,66.7634
NOD000205,NOD000607,991.0,57.9865
NOD000205,NOD000622,2059.0,120.4784
NOD000205,NOD000632,1279.0,74.8382
NOD000205,NOD000645,1143.0,66.8804
NOD000205,NOD000678,1247.0,72.9658
NOD000205,NOD000696,1135.0,66.4123
NOD000205,NOD000777,991.0,57.9865
NOD000205,NOD000779,1125.0,65.8272
NOD000205,NOD000780,1135.0,66.4123
NOD000205,NOD000781,991.0,57.9865
NOD000205,NOD000785,1363.0,79.7533
NOD000205,NOD000786,1141.0,66.7634
NOD000205,NOD000790,1549.0,90.6367
NOD000205,NOD000794,2129.0,124.5743
NOD000205,NOD000795,1135.0,66.4123
NOD000207,NOD000592,891.0,52.1351
NOD000207,NOD000593,888.0,51.9596
NOD000207,NOD000594,888.0,51.9596
NOD000207,NOD000596,1502.0,87.8866
NOD000207,NOD000597,891.0,52.1351
NOD000207,NOD000598,1206.0,70.5668
NOD000207,NOD000599,910.0,53.2469
NOD000207,NOD000603,894.0,52.3107
NOD000207,NOD000607,1028.0,60.1514
NOD000207,NOD000622,1528.0,89.408
NOD000207,NOD000632,1042.0,60.9706
NOD000207,NOD000645,884.0,51.7256
NOD000207,NOD000678,1010.0,59.0982
NOD000207,NOD000696,888.0,51.9596
NOD000207,NOD000777,460.0,26.916
NOD000207,NOD000779,888.0,51.9596
NOD000207,NOD000780,888.0,51.9596
NOD000207,NOD000781,1022.0,59.8004
NOD000207,NOD000785,1116.0,65.3006
NOD000207,NOD000786,891.0,52.1351
NOD000207,NOD000790,1018.0,59.5663
NOD000207,NOD000794,1856.0,108.6003
NOD000207,NOD000795,888.0,51.9596
NOD000214,NOD000592,967.0,56.5821
NOD000214,NOD000593,966.0,56.5236
NOD000214,NOD000594,966.0,56.5236
NOD000214,NOD000596,1326.0,77.5883
NOD000214,NOD000597,967.0,56.5821
NOD000214,NOD000598,1529.0,89.4665
NOD000214,NOD000599,1384.0,80.9821
NOD000214,NOD000603,972.0,56.8747
NOD000214,NOD000607,1096.0,64.1303
NOD000214,NOD000622,1914.0,111.994
NOD000214,NOD000632,866.0,50.6723
NOD000214,NOD000645,967.0,56.5821
NOD000214,NOD000678,834.0,48.7999
NOD000214,NOD000696,966.0,56.5236
NOD000214,NOD000777,1384.0,80.9821
NOD000214,NOD000779,956.0,55.9385
NOD000214,NOD000780,959.0,56.114
NOD000214,NOD000781,1090.0,63.7792
NOD000214,NOD000785,1194.0,69.8646
NOD000214,NOD000786,967.0,56.5821
NOD000214,NOD000790,1529.0,89.4665
NOD000214,NOD000794,1960.0,114.6856
NOD000214,NOD000795,966.0,56.5236
NOD000215,NOD000592,1042.0,60.9706
NOD000215,NOD000593,1050.0,61.4387
NOD000215,NOD000594,1050.0,61.4387
NOD000215,NOD000596,1659.0,97.0732
NOD000215,NOD000597,1042.0,60.9706
NOD000215,NOD000598,1610.0,94.206
NOD000215,NOD000599,1465.0,85.7216
NOD000215,NOD000603,1056.0,61.7898
NOD000215,NOD000607,1190.0,69.6306
NOD000215,NOD000622,2044.0,119.6007
NOD000215,NOD000632,1199.0,70.1572
NOD000215,NOD000645,1042.0,60.9706
NOD000215,NOD000678,1167.0,68.2848
NOD000215,NOD000696,1050.0,61.4387
NOD000215,NOD000777,1465.0,85.7216
NOD000215,NOD000779,1050.0,61.4387
NOD000215,NOD000780,1042.0,60.9706
NOD000215,NOD000781,1184.0,69.2795
NOD000215,NOD000785,1278.0,74.7797
NOD000215,NOD000786,1034.0,60.5025
NOD000215,NOD000790,1596.0,93.3869
NOD000215,NOD000794,2044.0,119.6007
NOD000215,NOD000795,1050.0,61.4387
NOD000216,NOD000592,928.0,54.3001
NOD000216,NOD000593,927.0,54.2416
NOD000216,NOD000594,927.0,54.2416
NOD000216,NOD000596,1287.0,75.3063
NOD000216,NOD000597,928.0,54.3001
NOD000216,NOD000598,1490.0,87.1845
NOD000216,NOD000599,1345.0,78.7001
NOD000216,NOD000603,933.0,54.5927
NOD000216,NOD000607,1057.0,61.8483
NOD000216,NOD000622,1875.0,109.712
NOD000216,NOD000632,795.0,46.5179
NOD000216,NOD000645,928.0,54.3001
NOD000216,NOD000678,795.0,46.5179
NOD000216,NOD000696,927.0,54.2416
NOD000216,NOD000777,1345.0,78.7001
NOD000216,NOD000779,917.0,53.6565
NOD000216,NOD000780,920.0,53.832
NOD000216,NOD000781,1051.0,61.4972
NOD000216,NOD000785,1155.0,67.5826
NOD000216,NOD000786,928.0,54.3001
NOD000216,NOD000790,1490.0,87.1845
NOD000216,NOD000794,1921.0,112.4036
NOD000216,NOD000795,927.0,54.2416
NOD000221,NOD000592,994.0,58.162
NOD000221,NOD000593,993.0,58.1035
NOD000221,NOD000594,993.0,58.1035
NOD000221,NOD000596,1353.0,79.1682
NOD000221,NOD000597,994.0,58.162
NOD000221,NOD000598,1556.0,91.0463
NOD000221,NOD000599,1411.0,82.5619
NOD000221,NOD000603,999.0,58.4546
NOD000221,NOD000607,1123.0,65.7102
NOD000221,NOD000622,1941.0,113.5739
NOD000221,NOD000632,893.0,52.2522
NOD000221,NOD000645,994.0,58.162
NOD000221,NOD000678,861.0,50.3798
NOD000221,NOD000696,993.0,58.1035
NOD000221,NOD000777,1411.0,82.5619
NOD000221,NOD000779,983.0,57.5183
NOD000221,NOD000780,986.0,57.6939
NOD000221,NOD000781,1117.0,65.3591
NOD000221,NOD000785,1221.0,71.4445
NOD000221,NOD000786,994.0,58.162
NOD000221,NOD000790,1556.0,91.0463
NOD000221,NOD000794,1987.0,116.2655
NOD000221,NOD000795,993.0,58.1035
NOD000224,NOD000592,928.0,54.3001
NOD000224,NOD000593,927.0,54.2416
NOD000224,NOD000594,927.0,54.2416
NOD000224,NOD000596,1287.0,75.3063
NOD000224,NOD000597,928.0,54.3001
NOD000224,NOD000598,1490.0,87.1845
NOD000224,NOD000599,1345.0,78.7001
NOD000224,NOD000603,933.0,54.5927
NOD000224,NOD000607,1057.0,61.8483
NOD000224,NOD000622,1875.0,109.712
NOD000224,NOD000632,827.0,48.3903
NOD000224,NOD000645,928.0,54.3001
NOD000224,NOD000678,795.0,46.5179
NOD000224,NOD000696,927.0,54.2416
NOD000224,NOD000777,1345.0,78.7001
NOD000224,NOD000779,917.0,53.6565
NOD000224,NOD000780,920.0,53.832
NOD000224,NOD000781,1051.0,61.4972
NOD000224,NOD000785,1155.0,67.5826
NOD000224,NOD000786,928.0,54.3001
NOD000224,NOD000790,1490.0,87.1845
NOD000224,NOD000794,1921.0,112.4036
NOD000224,NOD000795,927.0,54.2416
NOD000227,NOD000592,733.0,42.8901
NOD000227,NOD000593,725.0,42.422
NOD000227,NOD000594,725.0,42.422
NOD000227,NOD000596,1339.0,78.349
NOD000227,NOD000597,733.0,42.8901
NOD000227,NOD000598,1235.0,72.2636
NOD000227,NOD000599,687.0,40.1985
NOD000227,NOD000603,731.0,42.7731
NOD000227,NOD000607,865.0,50.6138
NOD000227,NOD000622,712.0,41.6613
NOD000227,NOD000632,879.0,51.433
NOD000227,NOD000645,733.0,42.8901
NOD000227,NOD000678,847.0,49.5606
NOD000227,NOD000696,725.0,42.422
NOD000227,NOD000777,709.0,41.4858
NOD000227,NOD000779,725.0,42.422
NOD000227,NOD000780,725.0,42.422
NOD000227,NOD000781,859.0,50.2627
NOD000227,NOD000785,953.0,55.763
NOD000227,NOD000786,731.0,42.7731
NOD000227,NOD000790,712.0,41.6613
NOD000227,NOD000794,687.0,40.1985
NOD000227,NOD000795,725.0,42.422
NOD000232,NOD000592,819.0,47.9222
NOD000232,NOD000593,818.0,47.8637
NOD000232,NOD000594,818.0,47.8637
NOD000232,NOD000596,686.0,40.14
NOD000232,NOD000597,819.0,47.9222
NOD000232,NOD000598,1381.0,80.8066
NOD000232,NOD000599,1236.0,72.3222
NOD000232,NOD000603,824.0,48.2148
NOD000232,NOD000607,948.0,55.4704
NOD000232,NOD000622,1766.0,103.3341
NOD000232,NOD000632,718.0,42.0124
NOD000232,NOD000645,819.0,47.9222
NOD000232,NOD000678,686.0,40.14
NOD000232,NOD000696,818.0,47.8637
NOD000232,NOD000777,1236.0,72.3222
NOD000232,NOD000779,808.0,47.2786
NOD000232,NOD000780,811.0,47.4541
NOD000232,NOD000781,942.0,55.1193
NOD000232,NOD000785,1046.0,61.2047
NOD000232,NOD000786,819.0,47.9222
NOD000232,NOD000790,1381.0,80.8066
NOD000232,NOD000794,1812.0,106.0257
NOD000232,NOD000795,818.0,47.8637
NOD000235,NOD000592,706.0,41.3102
NOD000235,NOD000593,705.0,41.2517
NOD000235,NOD000594,705.0,41.2517
NOD000235,NOD000596,1065.0,62.3164
NOD000235,NOD000597,706.0,41.3102
NOD000235,NOD000598,1268.0,74.1946
NOD000235,NOD000599,1123.0,65.7102
NOD000235,NOD000603,711.0,41.6028
NOD000235,NOD000607,835.0,48.8584
NOD000235,NOD000622,1653.0,96.7221
NOD000235,NOD000632,605.0,35.4004
NOD000235,NOD000645,706.0,41.3102
NOD000235,NOD000678,573.0,33.528
NOD000235,NOD000696,705.0,41.2517
NOD000235,NOD000777,1123.0,65.7102
NOD000235,NOD000779,695.0,40.6666
NOD000235,NOD000780,698.0,40.8421
NOD000235,NOD000781,829.0,48.5073
NOD000235,NOD000785,933.0,54.5927
NOD000235,NOD000786,706.0,41.3102
NOD000235,NOD000790,1268.0,74.1946
NOD000235,NOD000794,1699.0,99.4137
NOD000235,NOD000795,705.0,41.2517
NOD000240,NOD000592,777.0,45.4647
NOD000240,NOD000593,776.0,45.4061
NOD000240,NOD000594,776.0,45.4061
NOD000240,NOD000596,1136.0,66.4708
NOD000240,NOD000597,777.0,45.4647
NOD000240,NOD000598,1339.0,78.349
NOD000240,NOD000599,1194.0,69.8646
NOD000240,NOD000603,782.0,45.7572
NOD000240,NOD000607,906.0,53.0128
NOD000240,NOD000622,1724.0,100.8765
NOD000240,NOD000632,676.0,39.5548
NOD000240,NOD000645,777.0,45.4647
NOD000240,NOD000678,644.0,37.6824
NOD000240,NOD000696,776.0,45.4061
NOD000240,NOD000777,1194.0,69.8646
NOD000240,NOD000779,766.0,44.821
NOD000240,NOD000780,769.0,44.9966
NOD000240,NOD000781,900.0,52.6618
NOD000240,NOD000785,1004.0,58.7471
NOD000240,NOD000786,777.0,45.4647
NOD000240,NOD000790,1339.0,78.349
NOD000240,NOD000794,1770.0,103.5681
NOD000240,NOD000795,776.0,45.4061
NOD000242,NOD000592,1702.0,99.5892
NOD000242,NOD000593,1694.0,99.1211
NOD000242,NOD000594,1694.0,99.1211
NOD000242,NOD000596,2308.0,135.0482
NOD000242,NOD000597,1702.0,99.5892
NOD000242,NOD000598,2217.0,129.7235
NOD000242,NOD000599,1678.0,98.1849
NOD000242,NOD000603,1700.0,99.4722
NOD000242,NOD000607,1834.0,107.313
NOD000242,NOD000622,1694.0,99.1211
NOD000242,NOD000632,1848.0,108.1322
NOD000242,NOD000645,1702.0,99.5892
NOD000242,NOD000678,1816.0,106.2597
NOD000242,NOD000696,1694.0,99.1211
NOD000242,NOD000777,2086.0,122.0583
NOD000242,NOD000779,1694.0,99.1211
NOD000242,NOD000780,1694.0,99.1211
NOD000242,NOD000781,1828.0,106.9619
NOD000242,NOD000785,1922.0,112.4621
NOD000242,NOD000786,1700.0,99.4722
NOD000242,NOD000790,1694.0,99.1211
NOD000242,NOD000794,690.0,40.374
NOD000242,NOD000795,1694.0,99.1211
NOD000244,NOD000592,1451.0,84.9025
NOD000244,NOD000593,1433.0,83.8492
NOD000244,NOD000594,1443.0,84.4344
NOD000244,NOD000596,2057.0,120.3614
NOD000244,NOD000597,1451.0,84.9025
NOD000244,NOD000598,2006.0,117.3772
NOD000244,NOD000599,1861.0,108.8928
NOD000244,NOD000603,1449.0,84.7854
NOD000244,NOD000607,1583.0,92.6262
NOD000244,NOD000622,2437.0,142.5964
NOD000244,NOD000632,1597.0,93.4454
NOD000244,NOD000645,1451.0,84.9025
NOD000244,NOD000678,1565.0,91.573
NOD000244,NOD000696,1443.0,84.4344
NOD000244,NOD000777,1861.0,108.8928
NOD000244,NOD000779,1443.0,84.4344
NOD000244,NOD000780,1443.0,84.4344
NOD000244,NOD000781,1577.0,92.2751
NOD000244,NOD000785,1671.0,97.7753
NOD000244,NOD000786,1449.0,84.7854
NOD000244,NOD000790,2011.0,117.6698
NOD000244,NOD000794,2437.0,142.5964
NOD000244,NOD000795,1443.0,84.4344
NOD000259,NOD000592,1003.0,58.6886
NOD000259,NOD000593,1002.0,58.6301
NOD000259,NOD000594,1002.0,58.6301
NOD000259,NOD000596,1362.0,79.6948
NOD000259,NOD000597,1003.0,58.6886
NOD000259,NOD000598,1565.0,91.573
NOD000259,NOD000599,1420.0,83.0886
NOD000259,NOD000603,1008.0,58.9812
NOD000259,NOD000607,1132.0,66.2368
NOD000259,NOD000622,1950.0,114.1005
NOD000259,NOD000632,902.0,52.7788
NOD000259,NOD000645,1003.0,58.6886
NOD000259,NOD000678,870.0,50.9064
NOD000259,NOD000696,1002.0,58.6301
NOD000259,NOD000777,1420.0,83.0886
NOD000259,NOD000779,992.0,58.045
NOD000259,NOD000780,995.0,58.2205
NOD000259,NOD000781,1126.0,65.8857
NOD000259,NOD000785,1230.0,71.9711
NOD000259,NOD000786,1003.0,58.6886
NOD000259,NOD000790,1565.0,91.573
NOD000259,NOD000794,1996.0,116.7921
NOD000259,NOD000795,1002.0,58.6301
NOD000266,NOD000592,675.0,39.4963
NOD000266,NOD000593,674.0,39.4378
NOD000266,NOD000594,674.0,39.4378
NOD000266,NOD000596,542.0,31.7141
NOD000266,NOD000597,675.0,39.4963
NOD000266,NOD000598,1237.0,72.3807
NOD000266,NOD000599,1092.0,63.8963
NOD000266,NOD000603,680.0,39.7889
NOD000266,NOD000607,804.0,47.0445
NOD000266,NOD000622,1622.0,94.9082
NOD000266,NOD000632,574.0,33.5865
NOD000266,NOD000645,675.0,39.4963
NOD000266,NOD000678,542.0,31.7141
NOD000266,NOD000696,674.0,39.4378
NOD000266,NOD000777,1092.0,63.8963
NOD000266,NOD000779,664.0,38.8527
NOD000266,NOD000780,667.0,39.0282
NOD000266,NOD000781,798.0,46.6934
NOD000266,NOD000785,902.0,52.7788
NOD000266,NOD000786,675.0,39.4963
NOD000266,NOD000790,1237.0,72.3807
NOD000266,NOD000794,1668.0,97.5998
NOD000266,NOD000795,674.0,39.4378
NOD000284,NOD000592,621.0,36.3366
NOD000284,NOD000593,613.0,35.8685
NOD000284,NOD000594,613.0,35.8685
NOD000284,NOD000596,1025.0,59.9759
NOD000284,NOD000597,621.0,36.3366
NOD000284,NOD000598,1176.0,68.8114
NOD000284,NOD000599,1031.0,60.327
NOD000284,NOD000603,619.0,36.2196
NOD000284,NOD000607,753.0,44.0603
NOD000284,NOD000622,1607.0,94.0305
NOD000284,NOD000632,533.0,31.1875
NOD000284,NOD000645,621.0,36.3366
NOD000284,NOD000678,533.0,31.1875
NOD000284,NOD000696,613.0,35.8685
NOD000284,NOD000777,1031.0,60.327
NOD000284,NOD000779,613.0,35.8685
NOD000284,NOD000780,613.0,35.8685
NOD000284,NOD000781,747.0,43.7093
NOD000284,NOD000785,831.0,48.6244
NOD000284,NOD000786,619.0,36.2196
NOD000284,NOD000790,1181.0,69.1039
NOD000284,NOD000794,1607.0,94.0305
NOD000284,NOD000795,613.0,35.8685
NOD000285,NOD000592,648.0,37.9165
NOD000285,NOD000593,645.0,37.7409
NOD000285,NOD000594,645.0,37.7409
NOD000285,NOD000596,1080.0,63.1941
NOD000285,NOD000597,648.0,37.9165
NOD000285,NOD000598,1108.0,64.8325
NOD000285,NOD000599,963.0,56.3481
NOD000285,NOD000603,651.0,38.092
NOD000285,NOD000607,785.0,45.9328
NOD000285,NOD000622,1639.0,95.9029
NOD000285,NOD000632,588.0,34.4057
NOD000285,NOD000645,641.0,37.5069
NOD000285,NOD000678,588.0,34.4057
NOD000285,NOD000696,645.0,37.7409
NOD000285,NOD000777,963.0,56.3481
NOD000285,NOD000779,645.0,37.7409
NOD000285,NOD000780,645.0,37.7409
NOD000285,NOD000781,779.0,45.5817
NOD000285,NOD000785,873.0,51.0819
NOD000285,NOD000786,648.0,37.9165
NOD000285,NOD000790,1115.0,65.2421
NOD000285,NOD000794,1639.0,95.9029
NOD000285,NOD000795,645.0,37.7409
NOD000286,NOD000592,985.0,57.6354
NOD000286,NOD000593,993.0,58.1035
NOD000286,NOD000594,993.0,58.1035
NOD000286,NOD000596,1602.0,93.7379
NOD000286,NOD000597,985.0,57.6354
NOD000286,NOD000598,1553.0,90.8708
NOD000286,NOD000599,1408.0,82.3864
NOD000286,NOD000603,999.0,58.4546
NOD000286,NOD000607,1133.0,66.2953
NOD000286,NOD000622,1987.0,116.2655
NOD000286,NOD000632,1142.0,66.8219
NOD000286,NOD000645,985.0,57.6354
NOD000286,NOD000678,1110.0,64.9495
NOD000286,NOD000696,993.0,58.1035
NOD000286,NOD000777,1408.0,82.3864
NOD000286,NOD000779,993.0,58.1035
NOD000286,NOD000780,985.0,57.6354
NOD000286,NOD000781,1127.0,65.9442
NOD000286,NOD000785,1221.0,71.4445
NOD000286,NOD000786,977.0,57.1673
NOD000286,NOD000790,1539.0,90.0516
NOD000286,NOD000794,1987.0,116.2655
NOD000286,NOD000795,993.0,58.1035
NOD000287,NOD000592,1485.0,86.8919
NOD000287,NOD000593,1484.0,86.8334
NOD000287,NOD000594,1484.0,86.8334
NOD000287,NOD000596,1844.0,107.8981
NOD000287,NOD000597,1485.0,86.8919
NOD000287,NOD000598,2047.0,119.7763
NOD000287,NOD000599,1902.0,111.2919
NOD000287,NOD000603,1490.0,87.1845
NOD000287,NOD000607,1614.0,94.4401
NOD000287,NOD000622,2432.0,142.3038
NOD000287,NOD000632,1320.0,77.2373
NOD000287,NOD000645,1485.0,86.8919
NOD000287,NOD000678,1352.0,79.1097
NOD000287,NOD000696,1484.0,86.8334
NOD000287,NOD000777,1902.0,111.2919
NOD000287,NOD000779,1474.0,86.2483
NOD000287,NOD000780,1477.0,86.4238
NOD000287,NOD000781,1608.0,94.089
NOD000287,NOD000785,1712.0,100.1744
NOD000287,NOD000786,1485.0,86.8919
NOD000287,NOD000790,2047.0,119.7763
NOD000287,NOD000794,2478.0,144.9954
NOD000287,NOD000795,1484.0,86.8334
NOD000303,NOD000592,895.0,52.3692
NOD000303,NOD000593,894.0,52.3107
NOD000303,NOD000594,894.0,52.3107
NOD000303,NOD000596,774.0,45.2891
NOD000303,NOD000597,895.0,52.3692
NOD000303,NOD000598,1457.0,85.2535
NOD000303,NOD000599,1312.0,76.7691
NOD000303,NOD000603,900.0,52.6618
NOD000303,NOD000607,1024.0,59.9174
NOD000303,NOD000622,1842.0,107.7811
NOD000303,NOD000632,794.0,46.4594
NOD000303,NOD000645,895.0,52.3692
NOD000303,NOD000678,762.0,44.587
NOD000303,NOD000696,894.0,52.3107
NOD000303,NOD000777,1312.0,76.7691
NOD000303,NOD000779,884.0,51.7256
NOD000303,NOD000780,887.0,51.9011
NOD000303,NOD000781,1018.0,59.5663
NOD000303,NOD000785,1122.0,65.6517
NOD000303,NOD000786,895.0,52.3692
NOD000303,NOD000790,1457.0,85.2535
NOD000303,NOD000794,1888.0,110.4727
NOD000303,NOD000795,894.0,52.3107
NOD000308,NOD000592,509.0,29.7832
NOD000308,NOD000593,508.0,29.7246
NOD000308,NOD000594,508.0,29.7246
NOD000308,NOD000596,868.0,50.7893
NOD000308,NOD000597,509.0,29.7832
NOD000308,NOD000598,1071.0,62.6675
NOD000308,NOD000599,926.0,54.1831
NOD000308,NOD000603,514.0,30.0757
NOD000308,NOD000607,638.0,37.3313
NOD000308,NOD000622,1456.0,85.195
NOD000308,NOD000632,408.0,23.8733
NOD000308,NOD000645,509.0,29.7832
NOD000308,NOD000678,376.0,22.0009
NOD000308,NOD000696,508.0,29.7246
NOD000308,NOD000777,926.0,54.1831
NOD000308,NOD000779,498.0,29.1395
NOD000308,NOD000780,501.0,29.315
NOD000308,NOD000781,632.0,36.9803
NOD000308,NOD000785,736.0,43.0656
NOD000308,NOD000786,509.0,29.7832
NOD000308,NOD000790,1071.0,62.6675
NOD000308,NOD000794,1502.0,87.8866
NOD000308,NOD000795,508.0,29.7246
NOD000316,NOD000592,835.0,48.8584
NOD000316,NOD000593,837.0,48.9754
NOD000316,NOD000594,837.0,48.9754
NOD000316,NOD000596,1444.0,84.4929
NOD000316,NOD000597,835.0,48.8584
NOD000316,NOD000598,1400.0,81.9183
NOD000316,NOD000599,1255.0,73.4339
NOD000316,NOD000603,843.0,49.3265
NOD000316,NOD000607,977.0,57.1673
NOD000316,NOD000622,1831.0,107.1374
NOD000316,NOD000632,984.0,57.5769
NOD000316,NOD000645,835.0,48.8584
NOD000316,NOD000678,952.0,55.7044
NOD000316,NOD000696,837.0,48.9754
NOD000316,NOD000777,1255.0,73.4339
NOD000316,NOD000779,837.0,48.9754
NOD000316,NOD000780,827.0,48.3903
NOD000316,NOD000781,971.0,56.8162
NOD000316,NOD000785,1065.0,62.3164
NOD000316,NOD000786,835.0,48.8584
NOD000316,NOD000790,1397.0,81.7428
NOD000316,NOD000794,1831.0,107.1374
NOD000316,NOD000795,837.0,48.9754
NOD000332,NOD000592,2212.0,129.4309
NOD000332,NOD000593,2204.0,128.9628
NOD000332,NOD000594,2204.0,128.9628
NOD000332,NOD000596,2818.0,164.8898
NOD000332,NOD000597,2212.0,129.4309
NOD000332,NOD000598,2711.0,158.6289
NOD000332,NOD000599,2622.0,153.4213
NOD000332,NOD000603,2210.0,129.3139
NOD000332,NOD000607,2344.0,137.1546
NOD000332,NOD000622,3155.0,184.6087
NOD000332,NOD000632,2358.0,137.9738
NOD000332,NOD000645,2212.0,129.4309
NOD000332,NOD000678,2326.0,136.1014
NOD000332,NOD000696,2204.0,128.9628
NOD000332,NOD000777,2622.0,153.4213
NOD000332,NOD000779,2204.0,128.9628
NOD000332,NOD000780,2204.0,128.9628
NOD000332,NOD000781,2338.0,136.8036
NOD000332,NOD000785,2432.0,142.3038
NOD000332,NOD000786,2210.0,129.3139
NOD000332,NOD000790,2188.0,128.0266
NOD000332,NOD000794,3155.0,184.6087
NOD000332,NOD000795,2204.0,128.9628
NOD000335,NOD000592,510.0,29.8417
NOD000335,NOD000593,502.0,29.3736
NOD000335,NOD000594,502.0,29.3736
NOD000335,NOD000596,1116.0,65.3006
NOD000335,NOD000597,510.0,29.8417
NOD000335,NOD000598,1025.0,59.9759
NOD000335,NOD000599,486.0,28.4374
NOD000335,NOD000603,508.0,29.7246
NOD000335,NOD000607,642.0,37.5654
NOD000335,NOD000622,502.0,29.3736
NOD000335,NOD000632,656.0,38.3846
NOD000335,NOD000645,510.0,29.8417
NOD000335,NOD000678,624.0,36.5122
NOD000335,NOD000696,502.0,29.3736
NOD000335,NOD000777,920.0,53.832
NOD000335,NOD000779,502.0,29.3736
NOD000335,NOD000780,502.0,29.3736
NOD000335,NOD000781,636.0,37.2143
NOD000335,NOD000785,730.0,42.7145
NOD000335,NOD000786,508.0,29.7246
NOD000335,NOD000790,502.0,29.3736
NOD000335,NOD000794,502.0,29.3736
NOD000335,NOD000795,502.0,29.3736
NOD000363,NOD000592,1028.0,60.1514
NOD000363,NOD000593,1036.0,60.6195
NOD000363,NOD000594,1036.0,60.6195
NOD000363,NOD000596,1512.0,88.4718
NOD000363,NOD000597,1028.0,60.1514
NOD000363,NOD000598,1596.0,93.3869
NOD000363,NOD000599,1451.0,84.9025
NOD000363,NOD000603,1042.0,60.9706
NOD000363,NOD000607,1176.0,68.8114
NOD000363,NOD000622,2030.0,118.7815
NOD000363,NOD000632,1052.0,61.5558
NOD000363,NOD000645,1028.0,60.1514
NOD000363,NOD000678,1020.0,59.6833
NOD000363,NOD000696,1036.0,60.6195
NOD000363,NOD000777,1451.0,84.9025
NOD000363,NOD000779,1036.0,60.6195
NOD000363,NOD000780,1028.0,60.1514
NOD000363,NOD000781,1170.0,68.4603
NOD000363,NOD000785,1264.0,73.9605
NOD000363,NOD000786,1020.0,59.6833
NOD000363,NOD000790,1582.0,92.5677
NOD000363,NOD000794,2030.0,118.7815
NOD000363,NOD000795,1036.0,60.6195
NOD000378,NOD000592,85.0,4.9736
NOD000378,NOD000593,77.0,4.5055
NOD000378,NOD000594,67.0,3.9204
NOD000378,NOD000596,681.0,39.8474
NOD000378,NOD000597,85.0,4.9736
NOD000378,NOD000598,640.0,37.4484
NOD000378,NOD000599,495.0,28.964
NOD000378,NOD000603,83.0,4.8566
NOD000378,NOD000607,73.0,4.2715
NOD000378,NOD000622,1071.0,62.6675
NOD000378,NOD000632,221.0,12.9314
NOD000378,NOD000645,85.0,4.9736
NOD000378,NOD000678,189.0,11.059
NOD000378,NOD000696,77.0,4.5055
NOD000378,NOD000777,495.0,28.964
NOD000378,NOD000779,67.0,3.9204
NOD000378,NOD000780,77.0,4.5055
NOD000378,NOD000781,67.0,3.9204
NOD000378,NOD000785,305.0,17.8465
NOD000378,NOD000786,83.0,4.8566
NOD000378,NOD000790,645.0,37.7409
NOD000378,NOD000794,1071.0,62.6675
NOD000378,NOD000795,77.0,4.5055
NOD000380,NOD000592,269.0,15.74
NOD000380,NOD000593,261.0,15.2719
NOD000380,NOD000594,251.0,14.6868
NOD000380,NOD000596,875.0,51.1989
NOD000380,NOD000597,269.0,15.74
NOD000380,NOD000598,824.0,48.2148
NOD000380,NOD000599,679.0,39.7304
NOD000380,NOD000603,267.0,15.623
NOD000380,NOD000607,391.0,22.8786
NOD000380,NOD000622,1255.0,73.4339
NOD000380,NOD000632,415.0,24.2829
NOD000380,NOD000645,269.0,15.74
NOD000380,NOD000678,383.0,22.4105
NOD000380,NOD000696,261.0,15.2719
NOD000380,NOD000777,679.0,39.7304
NOD000380,NOD000779,261.0,15.2719
NOD000380,NOD000780,261.0,15.2719
NOD000380,NOD000781,385.0,22.5275
NOD000380,NOD000785,489.0,28.6129
NOD000380,NOD000786,267.0,15.623
NOD000380,NOD000790,829.0,48.5073
NOD000380,NOD000794,1255.0,73.4339
NOD000380,NOD000795,261.0,15.2719
NOD000394,NOD000592,384.0,22.469
NOD000394,NOD000593,376.0,22.0009
NOD000394,NOD000594,376.0,22.0009
NOD000394,NOD000596,990.0,57.9279
NOD000394,NOD000597,384.0,22.469
NOD000394,NOD000598,939.0,54.9438
NOD000394,NOD000599,794.0,46.4594
NOD000394,NOD000603,382.0,22.352
NOD000394,NOD000607,516.0,30.1927
NOD000394,NOD000622,1370.0,80.1629
NOD000394,NOD000632,530.0,31.0119
NOD000394,NOD000645,384.0,22.469
NOD000394,NOD000678,498.0,29.1395
NOD000394,NOD000696,376.0,22.0009
NOD000394,NOD000777,794.0,46.4594
NOD000394,NOD000779,376.0,22.0009
NOD000394,NOD000780,376.0,22.0009
NOD000394,NOD000781,510.0,29.8417
NOD000394,NOD000785,366.0,21.4158
NOD000394,NOD000786,382.0,22.352
NOD000394,NOD000790,944.0,55.2363
NOD000394,NOD000794,1370.0,80.1629
NOD000394,NOD000795,366.0,21.4158
NOD000399,NOD000592,610.0,35.693
NOD000399,NOD000593,609.0,35.6345
NOD000399,NOD000594,609.0,35.6345
NOD000399,NOD000596,969.0,56.6992
NOD000399,NOD000597,610.0,35.693
NOD000399,NOD000598,1172.0,68.5773
NOD000399,NOD000599,1027.0,60.0929
NOD000399,NOD000603,615.0,35.9855
NOD000399,NOD000607,739.0,43.2412
NOD000399,NOD000622,1557.0,91.1049
NOD000399,NOD000632,509.0,29.7832
NOD000399,NOD000645,610.0,35.693
NOD000399,NOD000678,477.0,27.9107
NOD000399,NOD000696,609.0,35.6345
NOD000399,NOD000777,1027.0,60.0929
NOD000399,NOD000779,599.0,35.0493
NOD000399,NOD000780,602.0,35.2249
NOD000399,NOD000781,733.0,42.8901
NOD000399,NOD000785,837.0,48.9754
NOD000399,NOD000786,610.0,35.693
NOD000399,NOD000790,1172.0,68.5773
NOD000399,NOD000794,1603.0,93.7965
NOD000399,NOD000795,609.0,35.6345
NOD000405,NOD000592,587.0,34.3472
NOD000405,NOD000593,586.0,34.2887
NOD000405,NOD000594,586.0,34.2887
NOD000405,NOD000596,946.0,55.3534
NOD000405,NOD000597,587.0,34.3472
NOD000405,NOD000598,1149.0,67.2315
NOD000405,NOD000599,1004.0,58.7471
NOD000405,NOD000603,592.0,34.6397
NOD000405,NOD000607,716.0,41.8954
NOD000405,NOD000622,1534.0,89.7591
NOD000405,NOD000632,486.0,28.4374
NOD000405,NOD000645,587.0,34.3472
NOD000405,NOD000678,454.0,26.5649
NOD000405,NOD000696,586.0,34.2887
NOD000405,NOD000777,1004.0,58.7471
NOD000405,NOD000779,576.0,33.7035
NOD000405,NOD000780,579.0,33.8791
NOD000405,NOD000781,710.0,41.5443
NOD000405,NOD000785,814.0,47.6296
NOD000405,NOD000786,587.0,34.3472
NOD000405,NOD000790,1149.0,67.2315
NOD000405,NOD000794,1580.0,92.4507
NOD000405,NOD000795,586.0,34.2887
NOD000406,NOD000592,472.0,27.6182
NOD000406,NOD000593,471.0,27.5597
NOD000406,NOD000594,471.0,27.5597
NOD000406,NOD000596,831.0,48.6244
NOD000406,NOD000597,472.0,27.6182
NOD000406,NOD000598,1034.0,60.5025
NOD000406,NOD000599,889.0,52.0181
NOD000406,NOD000603,477.0,27.9107
NOD000406,NOD000607,601.0,35.1664
NOD000406,NOD000622,1419.0,83.03
NOD000406,NOD000632,346.0,20.2455
NOD000406,NOD000645,472.0,27.6182
NOD000406,NOD000678,339.0,19.8359
NOD000406,NOD000696,471.0,27.5597
NOD000406,NOD000777,889.0,52.0181
NOD000406,NOD000779,461.0,26.9745
NOD000406,NOD000780,464.0,27.1501
NOD000406,NOD000781,595.0,34.8153
NOD000406,NOD000785,699.0,40.9006
NOD000406,NOD000786,472.0,27.6182
NOD000406,NOD000790,1034.0,60.5025
NOD000406,NOD000794,1465.0,85.7216
NOD000406,NOD000795,471.0,27.5597
NOD000412,NOD000592,760.0,44.4699
NOD000412,NOD000593,759.0,44.4114
NOD000412,NOD000594,759.0,44.4114
NOD000412,NOD000596,1119.0,65.4761
NOD000412,NOD000597,760.0,44.4699
NOD000412,NOD000598,1322.0,77.3543
NOD000412,NOD000599,1177.0,68.8699
NOD000412,NOD000603,765.0,44.7625
NOD000412,NOD000607,889.0,52.0181
NOD000412,NOD000622,1707.0,99.8818
NOD000412,NOD000632,659.0,38.5601
NOD000412,NOD000645,760.0,44.4699
NOD000412,NOD000678,627.0,36.6877
NOD000412,NOD000696,759.0,44.4114
NOD000412,NOD000777,1177.0,68.8699
NOD000412,NOD000779,749.0,43.8263
NOD000412,NOD000780,752.0,44.0018
NOD000412,NOD000781,883.0,51.667
NOD000412,NOD000785,987.0,57.7524
NOD000412,NOD000786,760.0,44.4699
NOD000412,NOD000790,1322.0,77.3543
NOD000412,NOD000794,1753.0,102.5734
NOD000412,NOD000795,759.0,44.4114
NOD000419,NOD000592,342.0,20.0115
NOD000419,NOD000593,352.0,20.5966
NOD000419,NOD000594,352.0,20.5966
NOD000419,NOD000596,834.0,48.7999
NOD000419,NOD000597,350.0,20.4796
NOD000419,NOD000598,827.0,48.3903
NOD000419,NOD000599,342.0,20.0115
NOD000419,NOD000603,358.0,20.9477
NOD000419,NOD000607,482.0,28.2033
NOD000419,NOD000622,1330.0,77.8224
NOD000419,NOD000632,374.0,21.8839
NOD000419,NOD000645,342.0,20.0115
NOD000419,NOD000678,342.0,20.0115
NOD000419,NOD000696,352.0,20.5966
NOD000419,NOD000777,342.0,20.0115
NOD000419,NOD000779,342.0,20.0115
NOD000419,NOD000780,342.0,20.0115
NOD000419,NOD000781,476.0,27.8522
NOD000419,NOD000785,580.0,33.9376
NOD000419,NOD000786,342.0,20.0115
NOD000419,NOD000790,359.0,21.0062
NOD000419,NOD000794,1330.0,77.8224
NOD000419,NOD000795,352.0,20.5966
NOD000421,NOD000592,379.0,22.1765
NOD000421,NOD000593,378.0,22.1179
NOD000421,NOD000594,378.0,22.1179
NOD000421,NOD000596,246.0,14.3942
NOD000421,NOD000597,379.0,22.1765
NOD000421,NOD000598,941.0,55.0608
NOD000421,NOD000599,796.0,46.5764
NOD000421,NOD000603,384.0,22.469
NOD000421,NOD000607,508.0,29.7246
NOD000421,NOD000622,1326.0,77.5883
NOD000421,NOD000632,278.0,16.2666
NOD000421,NOD000645,379.0,22.1765
NOD000421,NOD000678,246.0,14.3942
NOD000421,NOD000696,378.0,22.1179
NOD000421,NOD000777,796.0,46.5764
NOD000421,NOD000779,368.0,21.5328
NOD000421,NOD000780,371.0,21.7083
NOD000421,NOD000781,502.0,29.3736
NOD000421,NOD000785,606.0,35.4589
NOD000421,NOD000786,379.0,22.1765
NOD000421,NOD000790,941.0,55.0608
NOD000421,NOD000794,1372.0,80.2799
NOD000421,NOD000795,378.0,22.1179
NOD000422,NOD000592,875.0,51.1989
NOD000422,NOD000593,857.0,50.1457
NOD000422,NOD000594,867.0,50.7308
NOD000422,NOD000596,1481.0,86.6579
NOD000422,NOD000597,875.0,51.1989
NOD000422,NOD000598,1430.0,83.6737
NOD000422,NOD000599,1285.0,75.1893
NOD000422,NOD000603,873.0,51.0819
NOD000422,NOD000607,1007.0,58.9227
NOD000422,NOD000622,1861.0,108.8928
NOD000422,NOD000632,1021.0,59.7418
NOD000422,NOD000645,875.0,51.1989
NOD000422,NOD000678,989.0,57.8694
NOD000422,NOD000696,867.0,50.7308
NOD000422,NOD000777,1285.0,75.1893
NOD000422,NOD000779,867.0,50.7308
NOD000422,NOD000780,867.0,50.7308
NOD000422,NOD000781,1001.0,58.5716
NOD000422,NOD000785,1095.0,64.0718
NOD000422,NOD000786,873.0,51.0819
NOD000422,NOD000790,1435.0,83.9663
NOD000422,NOD000794,1861.0,108.8928
NOD000422,NOD000795,867.0,50.7308
NOD000430,NOD000592,1042.0,60.9706
NOD000430,NOD000593,1039.0,60.7951
NOD000430,NOD000594,1039.0,60.7951
NOD000430,NOD000596,1653.0,96.7221
NOD000430,NOD000597,1042.0,60.9706
NOD000430,NOD000598,1502.0,87.8866
NOD000430,NOD000599,1357.0,79.4022
NOD000430,NOD000603,1045.0,61.1462
NOD000430,NOD000607,918.0,53.715
NOD000430,NOD000622,2033.0,118.9571
NOD000430,NOD000632,1193.0,69.8061
NOD000430,NOD000645,1035.0,60.561
NOD000430,NOD000678,1161.0,67.9337
NOD000430,NOD000696,1039.0,60.7951
NOD000430,NOD000777,1357.0,79.4022
NOD000430,NOD000779,1039.0,60.7951
NOD000430,NOD000780,1039.0,60.7951
NOD000430,NOD000781,918.0,53.715
NOD000430,NOD000785,1267.0,74.1361
NOD000430,NOD000786,1042.0,60.9706
NOD000430,NOD000790,1509.0,88.2962
NOD000430,NOD000794,2033.0,118.9571
NOD000430,NOD000795,1039.0,60.7951
NOD000437,NOD000592,797.0,46.6349
NOD000437,NOD000593,805.0,47.103
NOD000437,NOD000594,805.0,47.103
NOD000437,NOD000596,1414.0,82.7375
NOD000437,NOD000597,797.0,46.6349
NOD000437,NOD000598,1358.0,79.4608
NOD000437,NOD000599,1213.0,70.9764
NOD000437,NOD000603,811.0,47.4541
NOD000437,NOD000607,945.0,55.2949
NOD000437,NOD000622,1787.0,104.5629
NOD000437,NOD000632,954.0,55.8215
NOD000437,NOD000645,789.0,46.1668
NOD000437,NOD000678,922.0,53.9491
NOD000437,NOD000696,805.0,47.103
NOD000437,NOD000777,1213.0,70.9764
NOD000437,NOD000779,805.0,47.103
NOD000437,NOD000780,797.0,46.6349
NOD000437,NOD000781,939.0,54.9438
NOD000437,NOD000785,1033.0,60.444
NOD000437,NOD000786,789.0,46.1668
NOD000437,NOD000790,1351.0,79.0512
NOD000437,NOD000794,783.0,45.8157
NOD000437,NOD000795,805.0,47.103
NOD000442,NOD000592,1118.0,65.4176
NOD000442,NOD000593,1110.0,64.9495
NOD000442,NOD000594,1110.0,64.9495
NOD000442,NOD000596,1724.0,100.8765
NOD000442,NOD000597,1118.0,65.4176
NOD000442,NOD000598,1673.0,97.8924
NOD000442,NOD000599,1528.0,89.408
NOD000442,NOD000603,1116.0,65.3006
NOD000442,NOD000607,1250.0,73.1413
NOD000442,NOD000622,2104.0,123.1115
NOD000442,NOD000632,1264.0,73.9605
NOD000442,NOD000645,1118.0,65.4176
NOD000442,NOD000678,1232.0,72.0881
NOD000442,NOD000696,1110.0,64.9495
NOD000442,NOD000777,1528.0,89.408
NOD000442,NOD000779,1110.0,64.9495
NOD000442,NOD000780,1110.0,64.9495
NOD000442,NOD000781,1244.0,72.7903
NOD000442,NOD000785,1328.0,77.7054
NOD000442,NOD000786,1116.0,65.3006
NOD000442,NOD000790,1678.0,98.1849
NOD000442,NOD000794,2104.0,123.1115
NOD000442,NOD000795,1100.0,64.3644
NOD000450,NOD000592,776.0,45.4061
NOD000450,NOD000593,786.0,45.9913
NOD000450,NOD000594,786.0,45.9913
NOD000450,NOD000596,1393.0,81.5087
NOD000450,NOD000597,768.0,44.938
NOD000450,NOD000598,1306.0,76.4181
NOD000450,NOD000599,1161.0,67.9337
NOD000450,NOD000603,792.0,46.3424
NOD000450,NOD000607,926.0,54.1831
NOD000450,NOD000622,1780.0,104.1533
NOD000450,NOD000632,933.0,54.5927
NOD000450,NOD000645,768.0,44.938
NOD000450,NOD000678,901.0,52.7203
NOD000450,NOD000696,786.0,45.9913
NOD000450,NOD000777,768.0,44.938
NOD000450,NOD000779,786.0,45.9913
NOD000450,NOD000780,776.0,45.4061
NOD000450,NOD000781,920.0,53.832
NOD000450,NOD000785,1014.0,59.3323
NOD000450,NOD000786,776.0,45.4061
NOD000450,NOD000790,1313.0,76.8277
NOD000450,NOD000794,1780.0,104.1533
NOD000450,NOD000795,786.0,45.9913
NOD000459,NOD000592,1500.0,87.7696
NOD000459,NOD000593,1497.0,87.5941
NOD000459,NOD000594,1497.0,87.5941
NOD000459,NOD000596,2111.0,123.5211
NOD000459,NOD000597,1500.0,87.7696
NOD000459,NOD000598,1815.0,106.2012
NOD000459,NOD000599,1519.0,88.8814
NOD000459,NOD000603,1503.0,87.9451
NOD000459,NOD000607,1637.0,95.7859
NOD000459,NOD000622,2137.0,125.0424
NOD000459,NOD000632,1651.0,96.6051
NOD000459,NOD000645,1493.0,87.36
NOD000459,NOD000678,1619.0,94.7327
NOD000459,NOD000696,1497.0,87.5941
NOD000459,NOD000777,1069.0,62.5505
NOD000459,NOD000779,1497.0,87.5941
NOD000459,NOD000780,1497.0,87.5941
NOD000459,NOD000781,1631.0,95.4348
NOD000459,NOD000785,1725.0,100.935
NOD000459,NOD000786,1500.0,87.7696
NOD000459,NOD000790,1627.0,95.2008
NOD000459,NOD000794,2465.0,144.2347
NOD000459,NOD000795,1497.0,87.5941
NOD000465,NOD000592,462.0,27.033
NOD000465,NOD000593,454.0,26.5649
NOD000465,NOD000594,454.0,26.5649
NOD000465,NOD000596,1068.0,62.492
NOD000465,NOD000597,462.0,27.033
NOD000465,NOD000598,1017.0,59.5078
NOD000465,NOD000599,872.0,51.0234
NOD000465,NOD000603,438.0,25.6287
NOD000465,NOD000607,594.0,34.7568
NOD000465,NOD000622,1448.0,84.7269
NOD000465,NOD000632,608.0,35.5759
NOD000465,NOD000645,462.0,27.033
NOD000465,NOD000678,576.0,33.7035
NOD000465,NOD000696,454.0,26.5649
NOD000465,NOD000777,872.0,51.0234
NOD000465,NOD000779,454.0,26.5649
NOD000465,NOD000780,454.0,26.5649
NOD000465,NOD000781,588.0,34.4057
NOD000465,NOD000785,682.0,39.9059
NOD000465,NOD000786,460.0,26.916
NOD000465,NOD000790,1022.0,59.8004
NOD000465,NOD000794,1448.0,84.7269
NOD000465,NOD000795,454.0,26.5649
NOD000483,NOD000592,735.0,43.0071
NOD000483,NOD000593,734.0,42.9486
NOD000483,NOD000594,734.0,42.9486
NOD000483,NOD000596,1094.0,64.0133
NOD000483,NOD000597,735.0,43.0071
NOD000483,NOD000598,1297.0,75.8915
NOD000483,NOD000599,1152.0,67.4071
NOD000483,NOD000603,740.0,43.2997
NOD000483,NOD000607,864.0,50.5553
NOD000483,NOD000622,1682.0,98.419
NOD000483,NOD000632,634.0,37.0973
NOD000483,NOD000645,735.0,43.0071
NOD000483,NOD000678,602.0,35.2249
NOD000483,NOD000696,734.0,42.9486
NOD000483,NOD000777,1152.0,67.4071
NOD000483,NOD000779,724.0,42.3635
NOD000483,NOD000780,727.0,42.539
NOD000483,NOD000781,858.0,50.2042
NOD000483,NOD000785,962.0,56.2896
NOD000483,NOD000786,735.0,43.0071
NOD000483,NOD000790,1297.0,75.8915
NOD000483,NOD000794,1728.0,101.1106
NOD000483,NOD000795,734.0,42.9486
NOD000496,NOD000592,873.0,51.0819
NOD000496,NOD000593,872.0,51.0234
NOD000496,NOD000594,872.0,51.0234
NOD000496,NOD000596,1232.0,72.0881
NOD000496,NOD000597,873.0,51.0819
NOD000496,NOD000598,1435.0,83.9663
NOD000496,NOD000599,1290.0,75.4819
NOD000496,NOD000603,878.0,51.3745
NOD000496,NOD000607,1002.0,58.6301
NOD000496,NOD000622,1820.0,106.4938
NOD000496,NOD000632,772.0,45.1721
NOD000496,NOD000645,873.0,51.0819
NOD000496,NOD000678,740.0,43.2997
NOD000496,NOD000696,872.0,51.0234
NOD000496,NOD000777,1290.0,75.4819
NOD000496,NOD000779,862.0,50.4383
NOD000496,NOD000780,865.0,50.6138
NOD000496,NOD000781,996.0,58.279
NOD000496,NOD000785,1100.0,64.3644
NOD000496,NOD000786,873.0,51.0819
NOD000496,NOD000790,1435.0,83.9663
NOD000496,NOD000794,1866.0,109.1854
NOD000496,NOD000795,872.0,51.0234
NOD000505,NOD000592,1040.0,60.8536
NOD000505,NOD000593,1039.0,60.7951
NOD000505,NOD000594,1039.0,60.7951
NOD000505,NOD000596,1399.0,81.8598
NOD000505,NOD000597,1040.0,60.8536
NOD000505,NOD000598,1602.0,93.7379
NOD000505,NOD000599,1457.0,85.2535
NOD000505,NOD000603,1045.0,61.1462
NOD000505,NOD000607,1169.0,68.4018
NOD000505,NOD000622,1987.0,116.2655
NOD000505,NOD000632,907.0,53.0714
NOD000505,NOD000645,1040.0,60.8536
NOD000505,NOD000678,907.0,53.0714
NOD000505,NOD000696,1039.0,60.7951
NOD000505,NOD000777,1457.0,85.2535
NOD000505,NOD000779,1029.0,60.21
NOD000505,NOD000780,1032.0,60.3855
NOD000505,NOD000781,1163.0,68.0507
NOD000505,NOD000785,1267.0,74.1361
NOD000505,NOD000786,1040.0,60.8536
NOD000505,NOD000790,1602.0,93.7379
NOD000505,NOD000794,2033.0,118.9571
NOD000505,NOD000795,1039.0,60.7951
NOD000507,NOD000592,915.0,53.5395
NOD000507,NOD000593,914.0,53.4809
NOD000507,NOD000594,914.0,53.4809
NOD000507,NOD000596,1274.0,74.5457
NOD000507,NOD000597,915.0,53.5395
NOD000507,NOD000598,1477.0,86.4238
NOD000507,NOD000599,1332.0,77.9394
NOD000507,NOD000603,920.0,53.832
NOD000507,NOD000607,1044.0,61.0876
NOD000507,NOD000622,1862.0,108.9513
NOD000507,NOD000632,814.0,47.6296
NOD000507,NOD000645,915.0,53.5395
NOD000507,NOD000678,782.0,45.7572
NOD000507,NOD000696,914.0,53.4809
NOD000507,NOD000777,1332.0,77.9394
NOD000507,NOD000779,904.0,52.8958
NOD000507,NOD000780,907.0,53.0714
NOD000507,NOD000781,1038.0,60.7366
NOD000507,NOD000785,1142.0,66.8219
NOD000507,NOD000786,915.0,53.5395
NOD000507,NOD000790,1477.0,86.4238
NOD000507,NOD000794,1908.0,111.6429
NOD000507,NOD000795,914.0,53.4809
NOD000513,NOD000592,1072.0,62.726
NOD000513,NOD000593,1069.0,62.5505
NOD000513,NOD000594,1069.0,62.5505
NOD000513,NOD000596,1683.0,98.4775
NOD000513,NOD000597,1072.0,62.726
NOD000513,NOD000598,1387.0,81.1576
NOD000513,NOD000599,1091.0,63.8378
NOD000513,NOD000603,1075.0,62.9016
NOD000513,NOD000607,1209.0,70.7423
NOD000513,NOD000622,1709.0,99.9988
NOD000513,NOD000632,1223.0,71.5615
NOD000513,NOD000645,1065.0,62.3164
NOD000513,NOD000678,1191.0,69.6891
NOD000513,NOD000696,1069.0,62.5505
NOD000513,NOD000777,641.0,37.5069
NOD000513,NOD000779,1069.0,62.5505
NOD000513,NOD000780,1069.0,62.5505
NOD000513,NOD000781,1203.0,70.3912
NOD000513,NOD000785,1297.0,75.8915
NOD000513,NOD000786,1072.0,62.726
NOD000513,NOD000790,1199.0,70.1572
NOD000513,NOD000794,2037.0,119.1911
NOD000513,NOD000795,1069.0,62.5505
NOD000519,NOD000592,973.0,56.9332
NOD000519,NOD000593,972.0,56.8747
NOD000519,NOD000594,972.0,56.8747
NOD000519,NOD000596,1332.0,77.9394
NOD000519,NOD000597,973.0,56.9332
NOD000519,NOD000598,1535.0,89.8176
NOD000519,NOD000599,1390.0,81.3332
NOD000519,NOD000603,978.0,57.2258
NOD000519,NOD000607,1102.0,64.4814
NOD000519,NOD000622,1920.0,112.3451
NOD000519,NOD000632,840.0,49.151
NOD000519,NOD000645,973.0,56.9332
NOD000519,NOD000678,840.0,49.151
NOD000519,NOD000696,972.0,56.8747
NOD000519,NOD000777,1390.0,81.3332
NOD000519,NOD000779,962.0,56.2896
NOD000519,NOD000780,965.0,56.4651
NOD000519,NOD000781,1096.0,64.1303
NOD000519,NOD000785,1200.0,70.2157
NOD000519,NOD000786,973.0,56.9332
NOD000519,NOD000790,1535.0,89.8176
NOD000519,NOD000794,1966.0,115.0367
NOD000519,NOD000795,972.0,56.8747
NOD000520,NOD000592,79.0,4.6225
NOD000520,NOD000593,71.0,4.1544
NOD000520,NOD000594,71.0,4.1544
NOD000520,NOD000596,675.0,39.4963
NOD000520,NOD000597,79.0,4.6225
NOD000520,NOD000598,634.0,37.0973
NOD000520,NOD000599,489.0,28.6129
NOD000520,NOD000603,77.0,4.5055
NOD000520,NOD000607,201.0,11.7611
NOD000520,NOD000622,1065.0,62.3164
NOD000520,NOD000632,215.0,12.5803
NOD000520,NOD000645,79.0,4.6225
NOD000520,NOD000678,183.0,10.7079
NOD000520,NOD000696,71.0,4.1544
NOD000520,NOD000777,489.0,28.6129
NOD000520,NOD000779,61.0,3.5693
NOD000520,NOD000780,71.0,4.1544
NOD000520,NOD000781,195.0,11.41
NOD000520,NOD000785,299.0,17.4954
NOD000520,NOD000786,77.0,4.5055
NOD000520,NOD000790,639.0,37.3899
NOD000520,NOD000794,1065.0,62.3164
NOD000520,NOD000795,71.0,4.1544
NOD000533,NOD000592,756.0,44.2359
NOD000533,NOD000593,766.0,44.821
NOD000533,NOD000594,766.0,44.821
NOD000533,NOD000596,1373.0,80.3384
NOD000533,NOD000597,748.0,43.7678
NOD000533,NOD000598,1317.0,77.0617
NOD000533,NOD000599,748.0,43.7678
NOD000533,NOD000603,772.0,45.1721
NOD000533,NOD000607,906.0,53.0128
NOD000533,NOD000622,1736.0,101.5787
NOD000533,NOD000632,913.0,53.4224
NOD000533,NOD000645,748.0,43.7678
NOD000533,NOD000678,881.0,51.55
NOD000533,NOD000696,766.0,44.821
NOD000533,NOD000777,748.0,43.7678
NOD000533,NOD000779,766.0,44.821
NOD000533,NOD000780,756.0,44.2359
NOD000533,NOD000781,900.0,52.6618
NOD000533,NOD000785,994.0,58.162
NOD000533,NOD000786,756.0,44.2359
NOD000533,NOD000790,1306.0,76.4181
NOD000533,NOD000794,1736.0,101.5787
NOD000533,NOD000795,766.0,44.821
NOD000542,NOD000592,375.0,21.9424
NOD000542,NOD000593,374.0,21.8839
NOD000542,NOD000594,374.0,21.8839
NOD000542,NOD000596,734.0,42.9486
NOD000542,NOD000597,375.0,21.9424
NOD000542,NOD000598,937.0,54.8267
NOD000542,NOD000599,792.0,46.3424
NOD000542,NOD000603,380.0,22.235
NOD000542,NOD000607,504.0,29.4906
NOD000542,NOD000622,1322.0,77.3543
NOD000542,NOD000632,274.0,16.0326
NOD000542,NOD000645,375.0,21.9424
NOD000542,NOD000678,242.0,14.1602
NOD000542,NOD000696,374.0,21.8839
NOD000542,NOD000777,792.0,46.3424
NOD000542,NOD000779,364.0,21.2988
NOD000542,NOD000780,367.0,21.4743
NOD000542,NOD000781,498.0,29.1395
NOD000542,NOD000785,602.0,35.2249
NOD000542,NOD000786,375.0,21.9424
NOD000542,NOD000790,937.0,54.8267
NOD000542,NOD000794,1368.0,80.0459
NOD000542,NOD000795,374.0,21.8839
NOD000545,NOD000592,1604.0,93.855
NOD000545,NOD000593,1601.0,93.6794
NOD000545,NOD000594,1601.0,93.6794
NOD000545,NOD000596,2215.0,129.6065
NOD000545,NOD000597,1604.0,93.855
NOD000545,NOD000598,1919.0,112.2866
NOD000545,NOD000599,1623.0,94.9667
NOD000545,NOD000603,1607.0,94.0305
NOD000545,NOD000607,1741.0,101.8713
NOD000545,NOD000622,2241.0,131.1278
NOD000545,NOD000632,1755.0,102.6904
NOD000545,NOD000645,1597.0,93.4454
NOD000545,NOD000678,1723.0,100.818
NOD000545,NOD000696,1601.0,93.6794
NOD000545,NOD000777,1173.0,68.6358
NOD000545,NOD000779,1601.0,93.6794
NOD000545,NOD000780,1601.0,93.6794
NOD000545,NOD000781,1735.0,101.5202
NOD000545,NOD000785,1829.0,107.0204
NOD000545,NOD000786,1604.0,93.855
NOD000545,NOD000790,1731.0,101.2861
NOD000545,NOD000794,2569.0,150.3201
NOD000545,NOD000795,1601.0,93.6794
NOD000561,NOD000592,992.0,58.045
NOD000561,NOD000593,1000.0,58.5131
NOD000561,NOD000594,1000.0,58.5131
NOD000561,NOD000596,1609.0,94.1475
NOD000561,NOD000597,992.0,58.045
NOD000561,NOD000598,1496.0,87.5356
NOD000561,NOD000599,984.0,57.5769
NOD000561,NOD000603,1006.0,58.8641
NOD000561,NOD000607,984.0,57.5769
NOD000561,NOD000622,1972.0,115.3878
NOD000561,NOD000632,1149.0,67.2315
NOD000561,NOD000645,992.0,58.045
NOD000561,NOD000678,1117.0,65.3591
NOD000561,NOD000696,1000.0,58.5131
NOD000561,NOD000777,1351.0,79.0512
NOD000561,NOD000779,1000.0,58.5131
NOD000561,NOD000780,992.0,58.045
NOD000561,NOD000781,984.0,57.5769
NOD000561,NOD000785,1228.0,71.8541
NOD000561,NOD000786,984.0,57.5769
NOD000561,NOD000790,1503.0,87.9451
NOD000561,NOD000794,1972.0,115.3878
NOD000561,NOD000795,1000.0,58.5131
NOD000577,NOD000592,931.0,54.4757
NOD000577,NOD000593,930.0,54.4172
NOD000577,NOD000594,930.0,54.4172
NOD000577,NOD000596,792.0,46.3424
NOD000577,NOD000597,931.0,54.4757
NOD000577,NOD000598,1493.0,87.36
NOD000577,NOD000599,1348.0,78.8756
NOD000577,NOD000603,936.0,54.7682
NOD000577,NOD000607,1060.0,62.0239
NOD000577,NOD000622,1878.0,109.8875
NOD000577,NOD000632,830.0,48.5658
NOD000577,NOD000645,931.0,54.4757
NOD000577,NOD000678,798.0,46.6934
NOD000577,NOD000696,930.0,54.4172
NOD000577,NOD000777,1348.0,78.8756
NOD000577,NOD000779,920.0,53.832
NOD000577,NOD000780,923.0,54.0076
NOD000577,NOD000781,1054.0,61.6728
NOD000577,NOD000785,1158.0,67.7581
NOD000577,NOD000786,931.0,54.4757
NOD000577,NOD000790,1493.0,87.36
NOD000577,NOD000794,1924.0,112.5791
NOD000577,NOD000795,930.0,54.4172
NOD000580,NOD000592,4.0,0.2341
NOD000580,NOD000593,14.0,0.8192
NOD000580,NOD000594,14.0,0.8192
NOD000580,NOD000596,621.0,36.3366
NOD000580,NOD000597,4.0,0.2341
NOD000580,NOD000598,572.0,33.4695
NOD000580,NOD000599,427.0,24.9851
NOD000580,NOD000603,20.0,1.1703
NOD000580,NOD000607,154.0,9.011
NOD000580,NOD000622,1008.0,58.9812
NOD000580,NOD000632,161.0,9.4206
NOD000580,NOD000645,4.0,0.2341
NOD000580,NOD000678,129.0,7.5482
NOD000580,NOD000696,14.0,0.8192
NOD000580,NOD000777,427.0,24.9851
NOD000580,NOD000779,14.0,0.8192
NOD000580,NOD000780,4.0,0.2341
NOD000580,NOD000781,148.0,8.6599
NOD000580,NOD000785,242.0,14.1602
NOD000580,NOD000786,4.0,0.2341
NOD000580,NOD000790,566.0,33.1184
NOD000580,NOD000794,1008.0,58.9812
NOD000580,NOD000795,14.0,0.8192
NOD000581,NOD000592,386.0,22.586
NOD000581,NOD000593,385.0,22.5275
NOD000581,NOD000594,385.0,22.5275
NOD000581,NOD000596,745.0,43.5922
NOD000581,NOD000597,386.0,22.586
NOD000581,NOD000598,948.0,55.4704
NOD000581,NOD000599,803.0,46.986
NOD000581,NOD000603,391.0,22.8786
NOD000581,NOD000607,515.0,30.1342
NOD000581,NOD000622,1333.0,77.9979
NOD000581,NOD000632,260.0,15.2134
NOD000581,NOD000645,386.0,22.586
NOD000581,NOD000678,253.0,14.8038
NOD000581,NOD000696,385.0,22.5275
NOD000581,NOD000777,803.0,46.986
NOD000581,NOD000779,375.0,21.9424
NOD000581,NOD000780,378.0,22.1179
NOD000581,NOD000781,509.0,29.7832
NOD000581,NOD000785,613.0,35.8685
NOD000581,NOD000786,386.0,22.586
NOD000581,NOD000790,948.0,55.4704
NOD000581,NOD000794,1379.0,80.6895
NOD000581,NOD000795,385.0,22.5275
NOD000582,NOD000592,2321.0,135.8088
NOD000582,NOD000593,2323.0,135.9259
NOD000582,NOD000594,2313.0,135.3407
NOD000582,NOD000596,2937.0,171.8529
NOD000582,NOD000597,2321.0,135.8088
NOD000582,NOD000598,2886.0,168.8687
NOD000582,NOD000599,2741.0,160.3843
NOD000582,NOD000603,2329.0,136.2769
NOD000582,NOD000607,2453.0,143.5326
NOD000582,NOD000622,3317.0,194.0879
NOD000582,NOD000632,2477.0,144.9369
NOD000582,NOD000645,2321.0,135.8088
NOD000582,NOD000678,2445.0,143.0645
NOD000582,NOD000696,2323.0,135.9259
NOD000582,NOD000777,2741.0,160.3843
NOD000582,NOD000779,2323.0,135.9259
NOD000582,NOD000780,2321.0,135.8088
NOD000582,NOD000781,2447.0,143.1815
NOD000582,NOD000785,2541.0,148.6817
NOD000582,NOD000786,2313.0,135.3407
NOD000582,NOD000790,2875.0,168.2251
NOD000582,NOD000794,3317.0,194.0879
NOD000582,NOD000795,2313.0,135.3407
NOD000583,NOD000592,1108.0,64.8325
NOD000583,NOD000593,1110.0,64.9495
NOD000583,NOD000594,1110.0,64.9495
NOD000583,NOD000596,1624.0,95.0252
NOD000583,NOD000597,1108.0,64.8325
NOD000583,NOD000598,1659.0,97.0732
NOD000583,NOD000599,1520.0,88.9399
NOD000583,NOD000603,1116.0,65.3006
NOD000583,NOD000607,1250.0,73.1413
NOD000583,NOD000622,2104.0,123.1115
NOD000583,NOD000632,1100.0,64.3644
NOD000583,NOD000645,1108.0,64.8325
NOD000583,NOD000678,1132.0,66.2368
NOD000583,NOD000696,1110.0,64.9495
NOD000583,NOD000777,1520.0,88.9399
NOD000583,NOD000779,1110.0,64.9495
NOD000583,NOD000780,1100.0,64.3644
NOD000583,NOD000781,1244.0,72.7903
NOD000583,NOD000785,1328.0,77.7054
NOD000583,NOD000786,1108.0,64.8325
NOD000583,NOD000790,1136.0,66.4708
NOD000583,NOD000794,2104.0,123.1115
NOD000583,NOD000795,1100.0,64.3644
NOD000585,NOD000592,459.0,26.8575
NOD000585,NOD000593,458.0,26.799
NOD000585,NOD000594,458.0,26.799
NOD000585,NOD000596,818.0,47.8637
NOD000585,NOD000597,459.0,26.8575
NOD000585,NOD000598,1021.0,59.7418
NOD000585,NOD000599,876.0,51.2575
NOD000585,NOD000603,464.0,27.1501
NOD000585,NOD000607,588.0,34.4057
NOD000585,NOD000622,1406.0,82.2694
NOD000585,NOD000632,326.0,19.0753
NOD000585,NOD000645,459.0,26.8575
NOD000585,NOD000678,326.0,19.0753
NOD000585,NOD000696,458.0,26.799
NOD000585,NOD000777,876.0,51.2575
NOD000585,NOD000779,448.0,26.2139
NOD000585,NOD000780,451.0,26.3894
NOD000585,NOD000781,582.0,34.0546
NOD000585,NOD000785,686.0,40.14
NOD000585,NOD000786,459.0,26.8575
NOD000585,NOD000790,1021.0,59.7418
NOD000585,NOD000794,1452.0,84.961
NOD000585,NOD000795,458.0,26.799
NOD000618,NOD000592,1035.0,60.561
NOD000618,NOD000593,1048.0,61.3217
NOD000618,NOD000594,1053.0,61.6143
NOD000618,NOD000596,1660.0,97.1317
NOD000618,NOD000597,1043.0,61.0291
NOD000618,NOD000598,1035.0,60.561
NOD000618,NOD000599,1466.0,85.7802
NOD000618,NOD000603,1059.0,61.9653
NOD000618,NOD000607,1193.0,69.8061
NOD000618,NOD000622,2047.0,119.7763
NOD000618,NOD000632,1200.0,70.2157
NOD000618,NOD000645,1043.0,61.0291
NOD000618,NOD000678,1168.0,68.3433
NOD000618,NOD000696,1047.0,61.2632
NOD000618,NOD000777,1466.0,85.7802
NOD000618,NOD000779,1053.0,61.6143
NOD000618,NOD000780,1043.0,61.0291
NOD000618,NOD000781,1187.0,69.455
NOD000618,NOD000785,1281.0,74.9552
NOD000618,NOD000786,1043.0,61.0291
NOD000618,NOD000790,1558.0,91.1634
NOD000618,NOD000794,2047.0,119.7763
NOD000618,NOD000795,1053.0,61.6143
NOD000627,NOD000592,422.0,24.6925
NOD000627,NOD000593,421.0,24.634
NOD000627,NOD000594,421.0,24.634
NOD000627,NOD000596,781.0,45.6987
NOD000627,NOD000597,422.0,24.6925
NOD000627,NOD000598,984.0,57.5769
NOD000627,NOD000599,839.0,49.0925
NOD000627,NOD000603,427.0,24.9851
NOD000627,NOD000607,551.0,32.2407
NOD000627,NOD000622,1369.0,80.1044
NOD000627,NOD000632,257.0,15.0379
NOD000627,NOD000645,422.0,24.6925
NOD000627,NOD000678,289.0,16.9103
NOD000627,NOD000696,421.0,24.634
NOD000627,NOD000777,839.0,49.0925
NOD000627,NOD000779,411.0,24.0489
NOD000627,NOD000780,414.0,24.2244
NOD000627,NOD000781,545.0,31.8896
NOD000627,NOD000785,649.0,37.975
NOD000627,NOD000786,422.0,24.6925
NOD000627,NOD000790,984.0,57.5769
NOD000627,NOD000794,1415.0,82.796
NOD000627,NOD000795,421.0,24.634
NOD000667,NOD000592,1166.0,68.2262
NOD000667,NOD000593,1158.0,67.7581
NOD000667,NOD000594,1148.0,67.173
NOD000667,NOD000596,1762.0,103.1
NOD000667,NOD000597,1166.0,68.2262
NOD000667,NOD000598,1721.0,100.701
NOD000667,NOD000599,1576.0,92.2166
NOD000667,NOD000603,1164.0,68.1092
NOD000667,NOD000607,1020.0,59.6833
NOD000667,NOD000622,2152.0,125.9201
NOD000667,NOD000632,1302.0,76.184
NOD000667,NOD000645,1166.0,68.2262
NOD000667,NOD000678,1270.0,74.3116
NOD000667,NOD000696,1158.0,67.7581
NOD000667,NOD000777,1576.0,92.2166
NOD000667,NOD000779,1148.0,67.173
NOD000667,NOD000780,1158.0,67.7581
NOD000667,NOD000781,1014.0,59.3323
NOD000667,NOD000785,1386.0,81.0991
NOD000667,NOD000786,1164.0,68.1092
NOD000667,NOD000790,1726.0,100.9936
NOD000667,NOD000794,2152.0,125.9201
NOD000667,NOD000795,1158.0,67.7581
NOD000678,NOD000592,133.0,7.7822
NOD000678,NOD000593,132.0,7.7237
NOD000678,NOD000594,132.0,7.7237
NOD000678,NOD000596,492.0,28.7884
NOD000678,NOD000597,133.0,7.7822
NOD000678,NOD000598,695.0,40.6666
NOD000678,NOD000599,550.0,32.1822
NOD000678,NOD000603,138.0,8.0748
NOD000678,NOD000607,262.0,15.3304
NOD000678,NOD000622,1080.0,63.1941
NOD000678,NOD000632,32.0,1.8724
NOD000678,NOD000645,133.0,7.7822
NOD000678,NOD000678,0.0,0.0
NOD000678,NOD000696,132.0,7.7237
NOD000678,NOD000777,550.0,32.1822
NOD000678,NOD000779,122.0,7.1386
NOD000678,NOD000780,125.0,7.3141
NOD000678,NOD000781,256.0,14.9793
NOD000678,NOD000785,360.0,21.0647
NOD000678,NOD000786,133.0,7.7822
NOD000678,NOD000790,695.0,40.6666
NOD000678,NOD000794,1126.0,65.8857
NOD000678,NOD000795,132.0,7.7237
NOD000687,NOD000592,456.0,26.682
NOD000687,NOD000593,438.0,25.6287
NOD000687,NOD000594,448.0,26.2139
NOD000687,NOD000596,1062.0,62.1409
NOD000687,NOD000597,456.0,26.682
NOD000687,NOD000598,1011.0,59.1567
NOD000687,NOD000599,866.0,50.6723
NOD000687,NOD000603,454.0,26.5649
NOD000687,NOD000607,588.0,34.4057
NOD000687,NOD000622,1442.0,84.3758
NOD000687,NOD000632,602.0,35.2249
NOD000687,NOD000645,456.0,26.682
NOD000687,NOD000678,570.0,33.3525
NOD000687,NOD000696,448.0,26.2139
NOD000687,NOD000777,866.0,50.6723
NOD000687,NOD000779,448.0,26.2139
NOD000687,NOD000780,448.0,26.2139
NOD000687,NOD000781,582.0,34.0546
NOD000687,NOD000785,676.0,39.5548
NOD000687,NOD000786,454.0,26.5649
NOD000687,NOD000790,1016.0,59.4493
NOD000687,NOD000794,1442.0,84.3758
NOD000687,NOD000795,448.0,26.2139
NOD000755,NOD000592,587.0,34.3472
NOD000755,NOD000593,586.0,34.2887
NOD000755,NOD000594,586.0,34.2887
NOD000755,NOD000596,946.0,55.3534
NOD000755,NOD000597,587.0,34.3472
NOD000755,NOD000598,1149.0,67.2315
NOD000755,NOD000599,1004.0,58.7471
NOD000755,NOD000603,592.0,34.6397
NOD000755,NOD000607,716.0,41.8954
NOD000755,NOD000622,1534.0,89.7591
NOD000755,NOD000632,486.0,28.4374
NOD000755,NOD000645,587.0,34.3472
NOD000755,NOD000678,454.0,26.5649
NOD000755,NOD000696,586.0,34.2887
NOD000755,NOD000777,1004.0,58.7471
NOD000755,NOD000779,576.0,33.7035
NOD000755,NOD000780,579.0,33.8791
NOD000755,NOD000781,710.0,41.5443
NOD000755,NOD000785,814.0,47.6296
NOD000755,NOD000786,587.0,34.3472
NOD000755,NOD000790,1149.0,67.2315
NOD000755,NOD000794,1580.0,92.4507
NOD000755,NOD000795,586.0,34.2887
NOD000776,NOD000592,895.0,52.3692
NOD000776,NOD000593,894.0,52.3107
NOD000776,NOD000594,894.0,52.3107
NOD000776,NOD000596,1254.0,73.3754
NOD000776,NOD000597,895.0,52.3692
NOD000776,NOD000598,1457.0,85.2535
NOD000776,NOD000599,1312.0,76.7691
NOD000776,NOD000603,900.0,52.6618
NOD000776,NOD000607,1024.0,59.9174
NOD000776,NOD000622,1842.0,107.7811
NOD000776,NOD000632,794.0,46.4594
NOD000776,NOD000645,895.0,52.3692
NOD000776,NOD000678,762.0,44.587
NOD000776,NOD000696,894.0,52.3107
NOD000776,NOD000777,1312.0,76.7691
NOD000776,NOD000779,884.0,51.7256
NOD000776,NOD000780,887.0,51.9011
NOD000776,NOD000781,1018.0,59.5663
NOD000776,NOD000785,1122.0,65.6517
NOD000776,NOD000786,895.0,52.3692
NOD000776,NOD000790,1457.0,85.2535
NOD000776,NOD000794,1888.0,110.4727
NOD000776,NOD000795,894.0,52.3107
NOD000782,NOD000592,1033.0,60.444
NOD000782,NOD000593,1025.0,59.9759
NOD000782,NOD000594,1015.0,59.3908
NOD000782,NOD000596,1629.0,95.3178
NOD000782,NOD000597,1033.0,60.444
NOD000782,NOD000598,1588.0,92.9188
NOD000782,NOD000599,1443.0,84.4344
NOD000782,NOD000603,1031.0,60.327
NOD000782,NOD000607,881.0,51.55
NOD000782,NOD000622,2019.0,118.1379
NOD000782,NOD000632,1169.0,68.4018
NOD000782,NOD000645,1033.0,60.444
NOD000782,NOD000678,1137.0,66.5294
NOD000782,NOD000696,1025.0,59.9759
NOD000782,NOD000777,1443.0,84.4344
NOD000782,NOD000779,1015.0,59.3908
NOD000782,NOD000780,1025.0,59.9759
NOD000782,NOD000781,881.0,51.55
NOD000782,NOD000785,1253.0,73.3169
NOD000782,NOD000786,1031.0,60.327
NOD000782,NOD000790,1593.0,93.2113
NOD000782,NOD000794,2019.0,118.1379
NOD000782,NOD000795,1025.0,59.9759
NOD000793,NOD000592,358.0,20.9477
NOD000793,NOD000593,357.0,20.8892
NOD000793,NOD000594,357.0,20.8892
NOD000793,NOD000596,717.0,41.9539
NOD000793,NOD000597,358.0,20.9477
NOD000793,NOD000598,920.0,53.832
NOD000793,NOD000599,775.0,45.3476
NOD000793,NOD000603,363.0,21.2402
NOD000793,NOD000607,487.0,28.4959
NOD000793,NOD000622,1305.0,76.3596
NOD000793,NOD000632,225.0,13.1654
NOD000793,NOD000645,358.0,20.9477
NOD000793,NOD000678,225.0,13.1654
NOD000793,NOD000696,357.0,20.8892
NOD000793,NOD000777,775.0,45.3476
NOD000793,NOD000779,347.0,20.304
NOD000793,NOD000780,350.0,20.4796
NOD000793,NOD000781,481.0,28.1448
NOD000793,NOD000785,585.0,34.2301
NOD000793,NOD000786,358.0,20.9477
NOD000793,NOD000790,920.0,53.832
NOD000793,NOD000794,1351.0,79.0512
NOD000793,NOD000795,357.0,20.8892
