instance_id,N,repeat,on_status,off_status,on_certificate,off_certificate,on_validation,off_validation,on_objective,off_objective,objectives_match,on_runtime_s,off_runtime_s,total_speedup_off_over_on,on_pricing_s,off_pricing_s,pricing_speedup_off_over_on,on_lp_s,off_lp_s,on_profile_count,off_profile_count,on_cache_hits,off_cache_hits,on_iterations,off_iterations,on_columns,off_columns,paired_exact_valid
GD-4-250-2_REVISED_DERIVED,250,1,CERTIFIED_OPTIMAL,CERTIFIED_OPTIMAL,True,True,True,True,43651.65,43651.65,True,4.67541280000296,11.060391500010155,2.365650258732909,0.5124177999823587,7.0087854999583215,13.677872822137749,1.182002100002137,1.1309135000046808,4,63,59,0,29,29,46712,46712,True
GD-4-250-2_REVISED_DERIVED,250,2,CERTIFIED_OPTIMAL,CERTIFIED_OPTIMAL,True,True,True,True,43651.65,43651.65,True,4.575418600012199,10.849859800000559,2.3713370837745056,0.6349449999979697,6.847561499977019,10.78449550748319,1.120887600001879,1.15988690002996,4,63,59,0,29,29,46712,46712,True
GD-4-250-2_REVISED_DERIVED,250,3,CERTIFIED_OPTIMAL,CERTIFIED_OPTIMAL,True,True,True,True,43651.65,43651.65,True,4.3895552000030875,10.781690800009528,2.4562148802689494,0.5065439999452792,6.905556200028514,13.632687783834188,1.1070760000438895,1.10305349995906,4,63,59,0,29,29,46712,46712,True
GD-4-250-5_REVISED_DERIVED,250,1,CERTIFIED_OPTIMAL,CERTIFIED_OPTIMAL,True,True,True,True,43657.65000000001,43657.65000000001,True,5.093893400000525,12.355968000003486,2.425643222137749,0.5634468000353081,7.785444100009045,13.817531840665655,1.5897032000357285,1.6001505000022007,4,68,64,0,30,30,50325,50325,True
GD-4-250-5_REVISED_DERIVED,250,2,CERTIFIED_OPTIMAL,CERTIFIED_OPTIMAL,True,True,True,True,43657.65000000001,43657.65000000001,True,5.101381300002686,12.090486100001726,2.37004163950563,0.5488056000322104,7.606650100002298,13.860372597429492,1.6112078000442125,1.58907940001518,4,68,64,0,30,30,50325,50325,True
GD-4-250-5_REVISED_DERIVED,250,3,CERTIFIED_OPTIMAL,CERTIFIED_OPTIMAL,True,True,True,True,43657.65000000001,43657.65000000001,True,5.013739899994107,13.64440379998996,2.72140240063231,0.5538273001002381,9.206047799962107,16.622596607815993,1.5960643000435084,1.5655087999912212,4,68,64,0,30,30,50325,50325,True
GD-4-250-9_REVISED_DERIVED,250,1,CERTIFIED_OPTIMAL,CERTIFIED_OPTIMAL,True,True,True,True,43197.799999999996,43197.799999999996,True,3.2233663000079105,8.407940200006124,2.608434604526792,0.393243899976369,5.559888099960517,14.138523446376727,0.8211797999829287,0.8316134000051534,4,66,62,0,22,22,33096,33096,True
GD-4-250-9_REVISED_DERIVED,250,2,CERTIFIED_OPTIMAL,CERTIFIED_OPTIMAL,True,True,True,True,43197.799999999996,43197.799999999996,True,3.1367379000002984,8.639743399995496,2.75437211377931,0.3802138000173727,5.680528299999423,14.940352769257373,0.8079785000154516,0.8729741999995895,4,66,62,0,22,22,33096,33096,True
GD-4-250-9_REVISED_DERIVED,250,3,CERTIFIED_OPTIMAL,CERTIFIED_OPTIMAL,True,True,True,True,43197.799999999996,43197.799999999996,True,3.0974485000042478,8.213590700004715,2.6517279302604875,0.38059050000447314,5.48771570000099,14.418950814422567,0.8025441000063438,0.8099501999822678,4,66,62,0,22,22,33096,33096,True
GD-4-500-1_REVISED_DERIVED,500,1,CERTIFIED_OPTIMAL,CERTIFIED_OPTIMAL,True,True,True,True,84422.5,84422.5,True,52.01153289999638,145.88226470000518,2.804806099072218,3.747636099898955,98.67807519997586,26.330751591019325,34.98928849994263,34.22534899994207,4,115,111,0,60,60,194898,194898,True
GD-4-500-1_REVISED_DERIVED,500,2,CERTIFIED_OPTIMAL,CERTIFIED_OPTIMAL,True,True,True,True,84422.5,84422.5,True,51.133606699993834,148.42865990000428,2.902761402512649,3.613517999983742,99.29062060001888,27.477549745280253,34.618102899956284,35.55266230003326,4,115,111,0,60,60,194898,194898,True
GD-4-500-1_REVISED_DERIVED,500,3,CERTIFIED_OPTIMAL,CERTIFIED_OPTIMAL,True,True,True,True,84422.5,84422.5,True,49.619018700002925,143.88109809999878,2.8997167189038002,3.690625400020508,98.50728730000264,26.69121805194731,33.45297620003112,33.07286760007264,4,115,111,0,60,60,194898,194898,True
GD-4-500-5_REVISED_DERIVED,500,1,CERTIFIED_OPTIMAL,CERTIFIED_OPTIMAL,True,True,True,True,87251.95,87251.95,True,33.066577000005054,109.18304570000328,3.3019155777746994,2.849152300012065,77.19665370001167,27.09460413881166,18.741802100019413,19.98633169993991,4,121,117,0,44,44,153706,153706,True
GD-4-500-5_REVISED_DERIVED,500,2,CERTIFIED_OPTIMAL,CERTIFIED_OPTIMAL,True,True,True,True,87251.95,87251.95,True,32.781222800011165,103.21612440000172,3.1486355780470325,2.770870999956969,73.1331385999656,26.393555889502377,18.579822699946817,18.476492599977064,4,121,117,0,44,44,153706,153706,True
GD-4-500-5_REVISED_DERIVED,500,3,CERTIFIED_OPTIMAL,CERTIFIED_OPTIMAL,True,True,True,True,87251.95,87251.95,True,31.312833100004354,103.76003720000153,3.3136585523456548,2.7615271999820834,75.02196269998967,27.16683822649888,17.767183000047226,17.878749300012714,4,121,117,0,44,44,153706,153706,True
GD-4-500-9_REVISED_DERIVED,500,1,CERTIFIED_OPTIMAL,CERTIFIED_OPTIMAL,True,True,True,True,86658.6,86658.6,True,45.057996099989396,156.53215769999952,3.4740150749854664,3.61088530003326,112.33466169987514,31.110005543194745,26.46281970011478,28.6152640000073,4,134,130,0,57,57,195077,195077,True
GD-4-500-9_REVISED_DERIVED,500,2,CERTIFIED_OPTIMAL,CERTIFIED_OPTIMAL,True,True,True,True,86658.6,86658.6,True,44.988738100000774,144.5524294999923,3.2130803308748463,3.4591396999458084,103.88934769998014,30.03329056112064,26.903981299998122,26.273403100087307,4,134,130,0,57,57,195077,195077,True
GD-4-500-9_REVISED_DERIVED,500,3,CERTIFIED_OPTIMAL,CERTIFIED_OPTIMAL,True,True,True,True,86658.6,86658.6,True,42.43750680000812,146.56351550000545,3.453631623335078,3.5173714000266045,107.71496090004803,30.623709767820735,25.21011110006657,25.254894899990177,4,134,130,0,57,57,195077,195077,True
GD-4-750-2_REVISED_DERIVED,750,1,CERTIFIED_OPTIMAL,CERTIFIED_OPTIMAL,True,True,True,True,130146.34999999999,130146.34999999999,True,785.6166039999953,1449.7105419,1.845315557892675,17.03043350005464,715.1360467999621,41.99165257875952,717.3304528000735,683.8150974999007,4,183,179,0,116,116,641583,641583,True
GD-4-750-2_REVISED_DERIVED,750,2,CERTIFIED_OPTIMAL,CERTIFIED_OPTIMAL,True,True,True,True,130146.34999999999,130146.34999999999,True,643.4821114000079,1305.1171114000026,2.0282104013124655,16.024301900033606,669.671835500063,41.79101465247972,584.0952688999969,591.345244799988,4,183,179,0,116,116,641583,641583,True
GD-4-750-2_REVISED_DERIVED,750,3,CERTIFIED_OPTIMAL,CERTIFIED_OPTIMAL,True,True,True,True,130146.34999999999,130146.34999999999,True,641.3848365999875,1306.8136489000026,2.037487596101408,16.052408999981708,676.3763386999053,42.135503692976926,582.8579978999624,587.5890173001098,4,183,179,0,116,116,641583,641583,True
GD-4-750-7_REVISED_DERIVED,750,1,CERTIFIED_OPTIMAL,CERTIFIED_OPTIMAL,True,True,True,True,130092.75,130092.75,True,659.1638591999945,1158.8500468999991,1.7580606562781784,14.601743099978194,591.4828664000524,40.50768886633376,322.45847029997094,311.2805784000957,4,189,185,0,99,99,511965,511965,True
GD-4-750-7_REVISED_DERIVED,750,2,CERTIFIED_OPTIMAL,CERTIFIED_OPTIMAL,True,True,True,True,130092.75,130092.75,True,523.982344899996,1070.9968264999916,2.043955940355959,13.22968979991856,562.0512148999551,42.48408113872897,263.47914240005775,258.2032033000578,4,189,185,0,99,99,511965,511965,True
GD-4-750-7_REVISED_DERIVED,750,3,CERTIFIED_OPTIMAL,CERTIFIED_OPTIMAL,True,True,True,True,130092.75,130092.75,True,566.0739196000068,1069.6297914000024,1.8895585088177407,13.169557599991094,561.3413720999815,42.62416317616935,296.66127450000204,263.4177121999237,4,189,185,0,99,99,511965,511965,True
GD-4-750-8_REVISED_DERIVED,750,1,CERTIFIED_OPTIMAL,CERTIFIED_OPTIMAL,True,True,True,True,128319.05,128319.05,True,349.26865030000044,1140.515661700003,3.2654395426568334,13.14459050000005,724.6539299000287,55.12944126331102,293.7877739000396,372.22963630015147,4,199,195,0,99,99,541987,541987,True
GD-4-750-8_REVISED_DERIVED,750,2,CERTIFIED_OPTIMAL,CERTIFIED_OPTIMAL,True,True,True,True,128319.05,128319.05,True,346.9362498999981,957.4244177999935,2.759655176061782,13.229748999976437,605.5900181999896,45.77486830635019,292.2139426000358,308.9599037000153,4,199,195,0,99,99,541987,541987,True
GD-4-750-8_REVISED_DERIVED,750,3,CERTIFIED_OPTIMAL,CERTIFIED_OPTIMAL,True,True,True,True,128319.05,128319.05,True,358.1869951000117,938.0529138999991,2.6188916033595224,13.149285799998324,604.6395028000406,45.98268772895009,301.8937870999507,291.301837800027,4,199,195,0,99,99,541987,541987,True
