task_id,start_hour,finish_hour,origin_node_id,destination_node_id,self_cost,outsource_cost,base_risk,historical_mode,product_id,hazard_class
T00001,7.816666666666666,8.566666666666666,L0009,L0016,45.0,69.35,0.0,official_public_fixed_time_revised_derived,public,all
T00002,12.833333333333334,13.85,L0035,L0014,61.0,84.55,0.0,official_public_fixed_time_revised_derived,public,all
T00003,10.8,11.933333333333334,L0061,L0049,68.0,87.39999999999999,0.0,official_public_fixed_time_revised_derived,public,all
T00004,7.45,7.95,L0017,L0062,30.0,59.849999999999994,0.0,official_public_fixed_time_revised_derived,public,all
T00005,17.85,19.0,L0023,L0061,69.0,80.75,0.0,official_public_fixed_time_revised_derived,public,all
T00006,15.95,17.033333333333335,L0018,L0075,65.0,83.6,0.0,official_public_fixed_time_revised_derived,public,all
T00007,7.95,8.933333333333334,L0044,L0040,59.0,70.3,0.0,official_public_fixed_time_revised_derived,public,all
T00008,14.316666666666666,15.05,L0009,L0051,44.0,68.39999999999999,0.0,official_public_fixed_time_revised_derived,public,all
T00009,10.933333333333334,11.216666666666667,L0072,L0019,17.0,31.349999999999998,0.0,official_public_fixed_time_revised_derived,public,all
T00010,7.266666666666667,8.2,L0053,L0070,56.0,77.89999999999999,0.0,official_public_fixed_time_revised_derived,public,all
T00011,8.116666666666667,8.933333333333334,L0052,L0018,49.0,78.85,0.0,official_public_fixed_time_revised_derived,public,all
T00012,17.983333333333334,19.35,L0034,L0073,82.0,82.64999999999999,0.0,official_public_fixed_time_revised_derived,public,all
T00013,9.466666666666667,9.866666666666667,L0011,L0069,24.0,52.25,0.0,official_public_fixed_time_revised_derived,public,all
T00014,15.416666666666666,16.7,L0012,L0064,77.0,98.8,0.0,official_public_fixed_time_revised_derived,public,all
T00015,17.483333333333334,18.716666666666665,L0076,L0035,74.0,91.19999999999999,0.0,official_public_fixed_time_revised_derived,public,all
T00016,13.816666666666666,14.766666666666667,L0043,L0027,57.0,77.89999999999999,0.0,official_public_fixed_time_revised_derived,public,all
T00017,17.5,18.316666666666666,L0072,L0048,49.0,61.75,0.0,official_public_fixed_time_revised_derived,public,all
T00018,16.116666666666667,17.333333333333332,L0074,L0041,73.0,76.0,0.0,official_public_fixed_time_revised_derived,public,all
T00019,9.633333333333333,10.4,L0045,L0061,46.0,73.14999999999999,0.0,official_public_fixed_time_revised_derived,public,all
T00020,16.616666666666667,17.316666666666666,L0012,L0039,42.0,65.55,0.0,official_public_fixed_time_revised_derived,public,all
T00021,7.283333333333333,7.85,L0061,L0025,34.0,55.099999999999994,0.0,official_public_fixed_time_revised_derived,public,all
T00022,10.583333333333334,11.3,L0062,L0008,43.0,72.2,0.0,official_public_fixed_time_revised_derived,public,all
T00023,7.366666666666666,8.35,L0009,L0043,59.0,82.64999999999999,0.0,official_public_fixed_time_revised_derived,public,all
T00024,7.083333333333333,7.716666666666667,L0026,L0030,38.0,69.35,0.0,official_public_fixed_time_revised_derived,public,all
T00025,8.083333333333334,9.133333333333333,L0070,L0044,63.0,82.64999999999999,0.0,official_public_fixed_time_revised_derived,public,all
T00026,16.983333333333334,17.983333333333334,L0051,L0044,60.0,70.3,0.0,official_public_fixed_time_revised_derived,public,all
T00027,9.166666666666666,10.166666666666666,L0015,L0065,60.0,79.8,0.0,official_public_fixed_time_revised_derived,public,all
T00028,9.55,10.583333333333334,L0060,L0069,62.0,73.14999999999999,0.0,official_public_fixed_time_revised_derived,public,all
T00029,15.366666666666667,15.716666666666667,L0021,L0010,21.0,46.55,0.0,official_public_fixed_time_revised_derived,public,all
T00030,7.816666666666666,8.6,L0050,L0044,47.0,74.1,0.0,official_public_fixed_time_revised_derived,public,all
T00031,12.183333333333334,13.416666666666666,L0017,L0057,74.0,101.64999999999999,0.0,official_public_fixed_time_revised_derived,public,all
T00032,9.183333333333334,10.45,L0020,L0050,76.0,91.19999999999999,0.0,official_public_fixed_time_revised_derived,public,all
T00033,10.65,11.866666666666667,L0047,L0078,73.0,76.0,0.0,official_public_fixed_time_revised_derived,public,all
T00034,7.866666666666666,8.916666666666666,L0077,L0076,63.0,82.64999999999999,0.0,official_public_fixed_time_revised_derived,public,all
T00035,13.066666666666666,13.883333333333333,L0015,L0008,49.0,69.35,0.0,official_public_fixed_time_revised_derived,public,all
T00036,10.366666666666667,11.283333333333333,L0063,L0018,55.0,77.89999999999999,0.0,official_public_fixed_time_revised_derived,public,all
T00037,8.05,8.95,L0038,L0023,54.0,74.1,0.0,official_public_fixed_time_revised_derived,public,all
T00038,17.933333333333334,19.15,L0073,L0060,73.0,88.35,0.0,official_public_fixed_time_revised_derived,public,all
T00039,17.183333333333334,17.966666666666665,L0038,L0029,47.0,67.45,0.0,official_public_fixed_time_revised_derived,public,all
T00040,15.3,15.9,L0013,L0040,36.0,57.949999999999996,0.0,official_public_fixed_time_revised_derived,public,all
T00041,11.483333333333333,12.366666666666667,L0028,L0016,53.0,81.7,0.0,official_public_fixed_time_revised_derived,public,all
T00042,15.533333333333333,16.2,L0013,L0058,40.0,61.75,0.0,official_public_fixed_time_revised_derived,public,all
T00043,9.716666666666667,10.666666666666666,L0027,L0037,57.0,75.05,0.0,official_public_fixed_time_revised_derived,public,all
T00044,11.733333333333333,12.9,L0006,L0049,70.0,95.94999999999999,0.0,official_public_fixed_time_revised_derived,public,all
T00045,13.45,14.783333333333333,L0047,L0038,80.0,82.64999999999999,0.0,official_public_fixed_time_revised_derived,public,all
T00046,8.1,9.066666666666666,L0031,L0070,58.0,80.75,0.0,official_public_fixed_time_revised_derived,public,all
T00047,15.9,17.083333333333332,L0068,L0060,71.0,86.45,0.0,official_public_fixed_time_revised_derived,public,all
T00048,13.95,15.316666666666666,L0036,L0058,82.0,102.6,0.0,official_public_fixed_time_revised_derived,public,all
T00049,15.55,16.516666666666666,L0073,L0013,58.0,74.1,0.0,official_public_fixed_time_revised_derived,public,all
T00050,7.516666666666667,8.333333333333334,L0048,L0072,49.0,49.4,0.0,official_public_fixed_time_revised_derived,public,all
T00051,16.316666666666666,17.1,L0052,L0077,47.0,76.95,0.0,official_public_fixed_time_revised_derived,public,all
T00052,17.233333333333334,18.366666666666667,L0025,L0072,68.0,76.0,0.0,official_public_fixed_time_revised_derived,public,all
T00053,7.75,8.6,L0070,L0027,51.0,71.25,0.0,official_public_fixed_time_revised_derived,public,all
T00054,12.183333333333334,13.233333333333333,L0031,L0046,63.0,85.5,0.0,official_public_fixed_time_revised_derived,public,all
T00055,17.516666666666666,18.633333333333333,L0075,L0074,67.0,85.5,0.0,official_public_fixed_time_revised_derived,public,all
T00056,12.4,12.966666666666667,L0054,L0039,34.0,65.55,0.0,official_public_fixed_time_revised_derived,public,all
T00057,12.333333333333334,13.116666666666667,L0055,L0026,47.0,65.55,0.0,official_public_fixed_time_revised_derived,public,all
T00058,13.7,14.866666666666667,L0025,L0010,70.0,77.89999999999999,0.0,official_public_fixed_time_revised_derived,public,all
T00059,10.3,11.25,L0066,L0055,57.0,83.6,0.0,official_public_fixed_time_revised_derived,public,all
T00060,16.6,17.316666666666666,L0020,L0008,43.0,59.849999999999994,0.0,official_public_fixed_time_revised_derived,public,all
T00061,16.066666666666666,16.7,L0012,L0048,38.0,61.75,0.0,official_public_fixed_time_revised_derived,public,all
T00062,15.033333333333333,16.183333333333334,L0045,L0012,69.0,95.0,0.0,official_public_fixed_time_revised_derived,public,all
T00063,7.3,8.3,L0021,L0012,60.0,83.6,0.0,official_public_fixed_time_revised_derived,public,all
T00064,7.633333333333334,8.55,L0037,L0068,55.0,84.55,0.0,official_public_fixed_time_revised_derived,public,all
T00065,16.783333333333335,18.05,L0016,L0039,76.0,100.69999999999999,0.0,official_public_fixed_time_revised_derived,public,all
T00066,7.783333333333333,8.216666666666667,L0066,L0075,26.0,54.15,0.0,official_public_fixed_time_revised_derived,public,all
T00067,16.083333333333332,17.283333333333335,L0012,L0065,72.0,94.05,0.0,official_public_fixed_time_revised_derived,public,all
T00068,17.55,18.166666666666668,L0026,L0008,37.0,68.39999999999999,0.0,official_public_fixed_time_revised_derived,public,all
T00069,12.5,12.933333333333334,L0037,L0061,26.0,57.0,0.0,official_public_fixed_time_revised_derived,public,all
T00070,10.333333333333334,11.316666666666666,L0038,L0026,59.0,78.85,0.0,official_public_fixed_time_revised_derived,public,all
T00071,13.566666666666666,14.366666666666667,L0063,L0018,48.0,71.25,0.0,official_public_fixed_time_revised_derived,public,all
T00072,8.533333333333333,9.416666666666666,L0046,L0059,53.0,64.6,0.0,official_public_fixed_time_revised_derived,public,all
T00073,14.7,15.55,L0022,L0068,51.0,89.3,0.0,official_public_fixed_time_revised_derived,public,all
T00074,11.883333333333333,12.716666666666667,L0034,L0066,50.0,52.25,0.0,official_public_fixed_time_revised_derived,public,all
T00075,8.383333333333333,9.283333333333333,L0034,L0075,54.0,56.05,0.0,official_public_fixed_time_revised_derived,public,all
T00076,10.016666666666667,10.933333333333334,L0014,L0051,55.0,62.699999999999996,0.0,official_public_fixed_time_revised_derived,public,all
T00077,11.466666666666667,12.833333333333334,L0074,L0042,82.0,84.55,0.0,official_public_fixed_time_revised_derived,public,all
T00078,17.8,18.216666666666665,L0050,L0012,25.0,53.199999999999996,0.0,official_public_fixed_time_revised_derived,public,all
T00079,16.116666666666667,16.833333333333332,L0073,L0068,43.0,59.849999999999994,0.0,official_public_fixed_time_revised_derived,public,all
T00080,9.2,9.766666666666667,L0032,L0062,34.0,54.15,0.0,official_public_fixed_time_revised_derived,public,all
T00081,10.383333333333333,11.433333333333334,L0039,L0016,63.0,85.5,0.0,official_public_fixed_time_revised_derived,public,all
T00082,7.816666666666666,8.666666666666666,L0067,L0027,51.0,68.39999999999999,0.0,official_public_fixed_time_revised_derived,public,all
T00083,16.666666666666668,17.2,L0011,L0062,32.0,59.849999999999994,0.0,official_public_fixed_time_revised_derived,public,all
T00084,7.65,8.866666666666667,L0019,L0029,73.0,94.05,0.0,official_public_fixed_time_revised_derived,public,all
T00085,8.433333333333334,8.983333333333333,L0037,L0064,33.0,63.65,0.0,official_public_fixed_time_revised_derived,public,all
T00086,15.133333333333333,16.4,L0064,L0073,76.0,91.19999999999999,0.0,official_public_fixed_time_revised_derived,public,all
T00087,13.6,14.55,L0068,L0050,57.0,73.14999999999999,0.0,official_public_fixed_time_revised_derived,public,all
T00088,8.566666666666666,9.433333333333334,L0046,L0077,52.0,63.65,0.0,official_public_fixed_time_revised_derived,public,all
T00089,7.233333333333333,8.483333333333333,L0009,L0043,75.0,97.85,0.0,official_public_fixed_time_revised_derived,public,all
T00090,17.5,18.483333333333334,L0037,L0048,59.0,88.35,0.0,official_public_fixed_time_revised_derived,public,all
T00091,16.85,17.616666666666667,L0013,L0066,46.0,67.45,0.0,official_public_fixed_time_revised_derived,public,all
T00092,8.383333333333333,9.85,L0040,L0076,88.0,98.8,0.0,official_public_fixed_time_revised_derived,public,all
T00093,8.416666666666666,9.616666666666667,L0056,L0061,72.0,95.0,0.0,official_public_fixed_time_revised_derived,public,all
T00094,17.15,18.0,L0045,L0073,51.0,77.89999999999999,0.0,official_public_fixed_time_revised_derived,public,all
T00095,10.75,12.033333333333333,L0028,L0034,77.0,104.5,0.0,official_public_fixed_time_revised_derived,public,all
T00096,7.75,7.95,L0060,L0071,12.0,25.65,0.0,official_public_fixed_time_revised_derived,public,all
T00097,8.85,9.766666666666667,L0006,L0042,55.0,81.7,0.0,official_public_fixed_time_revised_derived,public,all
T00098,7.583333333333333,9.1,L0074,L0007,91.0,93.1,0.0,official_public_fixed_time_revised_derived,public,all
T00099,10.716666666666667,11.483333333333333,L0040,L0071,46.0,58.9,0.0,official_public_fixed_time_revised_derived,public,all
T00100,13.666666666666666,14.633333333333333,L0074,L0055,58.0,61.75,0.0,official_public_fixed_time_revised_derived,public,all
T00101,16.783333333333335,17.833333333333332,L0024,L0037,63.0,85.5,0.0,official_public_fixed_time_revised_derived,public,all
T00102,14.433333333333334,15.466666666666667,L0014,L0039,62.0,69.35,0.0,official_public_fixed_time_revised_derived,public,all
T00103,9.433333333333334,10.566666666666666,L0033,L0016,68.0,88.35,0.0,official_public_fixed_time_revised_derived,public,all
T00104,7.283333333333333,8.016666666666667,L0050,L0077,44.0,71.25,0.0,official_public_fixed_time_revised_derived,public,all
T00105,7.35,8.383333333333333,L0065,L0028,62.0,77.89999999999999,0.0,official_public_fixed_time_revised_derived,public,all
T00106,7.683333333333334,8.866666666666667,L0033,L0055,71.0,91.19999999999999,0.0,official_public_fixed_time_revised_derived,public,all
T00107,17.866666666666667,18.416666666666668,L0010,L0076,33.0,63.65,0.0,official_public_fixed_time_revised_derived,public,all
T00108,16.3,16.916666666666668,L0037,L0065,37.0,67.45,0.0,official_public_fixed_time_revised_derived,public,all
T00109,13.333333333333334,14.5,L0068,L0048,70.0,85.5,0.0,official_public_fixed_time_revised_derived,public,all
T00110,15.65,16.783333333333335,L0026,L0014,68.0,97.85,0.0,official_public_fixed_time_revised_derived,public,all
T00111,9.816666666666666,11.116666666666667,L0050,L0071,78.0,103.55,0.0,official_public_fixed_time_revised_derived,public,all
T00112,13.166666666666666,13.8,L0011,L0007,38.0,65.55,0.0,official_public_fixed_time_revised_derived,public,all
T00113,11.983333333333333,12.716666666666667,L0031,L0046,44.0,67.45,0.0,official_public_fixed_time_revised_derived,public,all
T00114,7.15,8.033333333333333,L0053,L0039,53.0,75.05,0.0,official_public_fixed_time_revised_derived,public,all
T00115,17.233333333333334,18.783333333333335,L0004,L0048,93.0,107.35,0.0,official_public_fixed_time_revised_derived,public,all
T00116,12.4,13.483333333333333,L0073,L0044,65.0,80.75,0.0,official_public_fixed_time_revised_derived,public,all
T00117,10.716666666666667,11.633333333333333,L0052,L0076,55.0,84.55,0.0,official_public_fixed_time_revised_derived,public,all
T00118,10.583333333333334,11.95,L0046,L0020,82.0,92.14999999999999,0.0,official_public_fixed_time_revised_derived,public,all
T00119,7.3,8.116666666666667,L0075,L0049,49.0,68.39999999999999,0.0,official_public_fixed_time_revised_derived,public,all
T00120,14.05,15.4,L0032,L0023,81.0,98.8,0.0,official_public_fixed_time_revised_derived,public,all
T00121,10.033333333333333,10.383333333333333,L0078,L0037,21.0,57.949999999999996,0.0,official_public_fixed_time_revised_derived,public,all
T00122,13.266666666666667,13.9,L0047,L0046,38.0,42.75,0.0,official_public_fixed_time_revised_derived,public,all
T00123,7.866666666666666,9.133333333333333,L0072,L0009,76.0,87.39999999999999,0.0,official_public_fixed_time_revised_derived,public,all
T00124,9.883333333333333,10.266666666666667,L0052,L0022,23.0,54.15,0.0,official_public_fixed_time_revised_derived,public,all
T00125,13.2,14.183333333333334,L0012,L0046,59.0,81.7,0.0,official_public_fixed_time_revised_derived,public,all
T00126,11.366666666666667,12.2,L0047,L0005,50.0,54.15,0.0,official_public_fixed_time_revised_derived,public,all
T00127,12.55,13.4,L0048,L0033,51.0,51.3,0.0,official_public_fixed_time_revised_derived,public,all
T00128,16.85,17.65,L0046,L0068,48.0,59.849999999999994,0.0,official_public_fixed_time_revised_derived,public,all
T00129,15.866666666666667,16.25,L0050,L0007,23.0,51.3,0.0,official_public_fixed_time_revised_derived,public,all
T00130,7.5,8.416666666666666,L0032,L0047,55.0,74.1,0.0,official_public_fixed_time_revised_derived,public,all
T00131,17.9,19.2,L0070,L0007,78.0,96.89999999999999,0.0,official_public_fixed_time_revised_derived,public,all
T00132,14.5,15.416666666666666,L0076,L0054,55.0,73.14999999999999,0.0,official_public_fixed_time_revised_derived,public,all
T00133,8.383333333333333,9.1,L0066,L0026,43.0,70.3,0.0,official_public_fixed_time_revised_derived,public,all
T00134,7.966666666666667,8.7,L0025,L0010,44.0,53.199999999999996,0.0,official_public_fixed_time_revised_derived,public,all
T00135,17.5,18.3,L0015,L0064,48.0,68.39999999999999,0.0,official_public_fixed_time_revised_derived,public,all
T00136,11.983333333333333,13.233333333333333,L0020,L0047,75.0,90.25,0.0,official_public_fixed_time_revised_derived,public,all
T00137,16.7,17.65,L0014,L0035,57.0,64.6,0.0,official_public_fixed_time_revised_derived,public,all
T00138,7.216666666666667,8.183333333333334,L0060,L0005,58.0,69.35,0.0,official_public_fixed_time_revised_derived,public,all
T00139,9.633333333333333,10.566666666666666,L0058,L0071,56.0,74.1,0.0,official_public_fixed_time_revised_derived,public,all
T00140,16.1,17.1,L0037,L0027,60.0,89.3,0.0,official_public_fixed_time_revised_derived,public,all
T00141,15.433333333333334,16.616666666666667,L0044,L0036,71.0,81.7,0.0,official_public_fixed_time_revised_derived,public,all
T00142,17.416666666666668,18.3,L0041,L0061,53.0,85.5,0.0,official_public_fixed_time_revised_derived,public,all
T00143,17.883333333333333,19.05,L0039,L0031,70.0,92.14999999999999,0.0,official_public_fixed_time_revised_derived,public,all
T00144,17.516666666666666,18.4,L0053,L0077,53.0,75.05,0.0,official_public_fixed_time_revised_derived,public,all
T00145,17.016666666666666,17.65,L0038,L0050,38.0,58.9,0.0,official_public_fixed_time_revised_derived,public,all
T00146,14.95,15.766666666666667,L0069,L0073,49.0,74.1,0.0,official_public_fixed_time_revised_derived,public,all
T00147,14.766666666666667,16.233333333333334,L0039,L0064,88.0,109.25,0.0,official_public_fixed_time_revised_derived,public,all
T00148,14.083333333333334,14.966666666666667,L0056,L0006,53.0,76.95,0.0,official_public_fixed_time_revised_derived,public,all
T00149,12.15,12.816666666666666,L0014,L0054,40.0,48.449999999999996,0.0,official_public_fixed_time_revised_derived,public,all
T00150,9.416666666666666,10.316666666666666,L0024,L0077,54.0,76.95,0.0,official_public_fixed_time_revised_derived,public,all
T00151,8.15,9.016666666666667,L0039,L0045,52.0,75.05,0.0,official_public_fixed_time_revised_derived,public,all
T00152,15.516666666666667,16.1,L0072,L0048,35.0,48.449999999999996,0.0,official_public_fixed_time_revised_derived,public,all
T00153,11.583333333333334,12.783333333333333,L0015,L0013,72.0,91.19999999999999,0.0,official_public_fixed_time_revised_derived,public,all
T00154,17.083333333333332,18.0,L0069,L0005,55.0,79.8,0.0,official_public_fixed_time_revised_derived,public,all
T00155,7.35,8.583333333333334,L0068,L0046,74.0,89.3,0.0,official_public_fixed_time_revised_derived,public,all
T00156,13.95,15.133333333333333,L0071,L0014,71.0,84.55,0.0,official_public_fixed_time_revised_derived,public,all
T00157,10.95,11.85,L0044,L0047,54.0,65.55,0.0,official_public_fixed_time_revised_derived,public,all
T00158,11.65,12.0,L0016,L0053,21.0,48.449999999999996,0.0,official_public_fixed_time_revised_derived,public,all
T00159,12.9,13.883333333333333,L0009,L0063,59.0,82.64999999999999,0.0,official_public_fixed_time_revised_derived,public,all
T00160,16.666666666666668,17.55,L0069,L0007,53.0,77.89999999999999,0.0,official_public_fixed_time_revised_derived,public,all
T00161,11.9,12.966666666666667,L0024,L0055,64.0,86.45,0.0,official_public_fixed_time_revised_derived,public,all
T00162,8.316666666666666,9.283333333333333,L0008,L0025,58.0,84.55,0.0,official_public_fixed_time_revised_derived,public,all
T00163,9.65,10.633333333333333,L0028,L0059,59.0,87.39999999999999,0.0,official_public_fixed_time_revised_derived,public,all
T00164,17.25,18.233333333333334,L0028,L0060,59.0,87.39999999999999,0.0,official_public_fixed_time_revised_derived,public,all
T00165,9.683333333333334,10.933333333333334,L0007,L0029,75.0,92.14999999999999,0.0,official_public_fixed_time_revised_derived,public,all
T00166,10.133333333333333,11.05,L0046,L0066,55.0,66.5,0.0,official_public_fixed_time_revised_derived,public,all
T00167,12.416666666666666,13.066666666666666,L0069,L0026,39.0,64.6,0.0,official_public_fixed_time_revised_derived,public,all
T00168,7.8,8.766666666666667,L0022,L0070,58.0,95.94999999999999,0.0,official_public_fixed_time_revised_derived,public,all
T00169,8.066666666666666,8.683333333333334,L0078,L0015,37.0,73.14999999999999,0.0,official_public_fixed_time_revised_derived,public,all
T00170,16.15,16.916666666666668,L0041,L0040,46.0,78.85,0.0,official_public_fixed_time_revised_derived,public,all
T00171,7.183333333333334,8.2,L0071,L0033,61.0,75.05,0.0,official_public_fixed_time_revised_derived,public,all
T00172,12.933333333333334,13.833333333333334,L0066,L0026,54.0,80.75,0.0,official_public_fixed_time_revised_derived,public,all
T00173,7.233333333333333,7.883333333333334,L0049,L0054,39.0,57.0,0.0,official_public_fixed_time_revised_derived,public,all
T00174,9.033333333333333,9.766666666666667,L0075,L0064,44.0,63.65,0.0,official_public_fixed_time_revised_derived,public,all
T00175,15.016666666666667,15.666666666666666,L0069,L0056,39.0,64.6,0.0,official_public_fixed_time_revised_derived,public,all
T00176,14.783333333333333,15.533333333333333,L0057,L0062,45.0,72.2,0.0,official_public_fixed_time_revised_derived,public,all
T00177,10.166666666666666,11.25,L0057,L0040,65.0,91.19999999999999,0.0,official_public_fixed_time_revised_derived,public,all
T00178,7.433333333333334,8.433333333333334,L0058,L0074,60.0,77.89999999999999,0.0,official_public_fixed_time_revised_derived,public,all
T00179,9.433333333333334,9.95,L0073,L0039,31.0,48.449999999999996,0.0,official_public_fixed_time_revised_derived,public,all
T00180,14.616666666666667,15.383333333333333,L0034,L0032,46.0,48.449999999999996,0.0,official_public_fixed_time_revised_derived,public,all
T00181,16.166666666666668,17.083333333333332,L0044,L0077,55.0,66.5,0.0,official_public_fixed_time_revised_derived,public,all
T00182,15.7,16.7,L0012,L0071,60.0,82.64999999999999,0.0,official_public_fixed_time_revised_derived,public,all
T00183,7.516666666666667,8.333333333333334,L0018,L0047,49.0,68.39999999999999,0.0,official_public_fixed_time_revised_derived,public,all
T00184,8.583333333333334,9.65,L0043,L0029,64.0,84.55,0.0,official_public_fixed_time_revised_derived,public,all
T00185,16.95,17.583333333333332,L0033,L0058,38.0,59.849999999999994,0.0,official_public_fixed_time_revised_derived,public,all
T00186,13.233333333333333,13.916666666666666,L0077,L0017,41.0,61.75,0.0,official_public_fixed_time_revised_derived,public,all
T00187,8.633333333333333,9.516666666666667,L0010,L0074,53.0,82.64999999999999,0.0,official_public_fixed_time_revised_derived,public,all
T00188,11.433333333333334,12.183333333333334,L0064,L0021,45.0,61.75,0.0,official_public_fixed_time_revised_derived,public,all
T00189,17.733333333333334,18.733333333333334,L0072,L0023,60.0,72.2,0.0,official_public_fixed_time_revised_derived,public,all
T00190,12.9,13.733333333333333,L0036,L0011,50.0,72.2,0.0,official_public_fixed_time_revised_derived,public,all
T00191,7.35,8.666666666666666,L0014,L0032,79.0,85.5,0.0,official_public_fixed_time_revised_derived,public,all
T00192,9.25,10.25,L0072,L0064,60.0,72.2,0.0,official_public_fixed_time_revised_derived,public,all
T00193,12.133333333333333,12.9,L0036,L0030,46.0,68.39999999999999,0.0,official_public_fixed_time_revised_derived,public,all
T00194,16.6,17.9,L0064,L0069,78.0,93.1,0.0,official_public_fixed_time_revised_derived,public,all
T00195,11.316666666666666,11.9,L0021,L0028,35.0,59.849999999999994,0.0,official_public_fixed_time_revised_derived,public,all
T00196,15.116666666666667,15.566666666666666,L0072,L0015,27.0,40.85,0.0,official_public_fixed_time_revised_derived,public,all
T00197,15.166666666666666,15.7,L0028,L0073,32.0,61.75,0.0,official_public_fixed_time_revised_derived,public,all
T00198,16.2,17.483333333333334,L0058,L0016,77.0,94.05,0.0,official_public_fixed_time_revised_derived,public,all
T00199,12.366666666666667,13.4,L0029,L0048,62.0,84.55,0.0,official_public_fixed_time_revised_derived,public,all
T00200,9.733333333333333,10.683333333333334,L0058,L0030,57.0,75.05,0.0,official_public_fixed_time_revised_derived,public,all
T00201,7.45,11.116666666666667,L0068,L0068,220.0,228.0,0.0,official_public_fixed_time_revised_derived,public,all
T00202,19.533333333333335,23.483333333333334,L0051,L0051,237.0,238.45,0.0,official_public_fixed_time_revised_derived,public,all
T00203,19.833333333333332,23.3,L0013,L0013,208.0,221.35,0.0,official_public_fixed_time_revised_derived,public,all
T00204,7.883333333333334,12.683333333333334,L0065,L0065,288.0,292.59999999999997,0.0,official_public_fixed_time_revised_derived,public,all
T00205,19.75,23.483333333333334,L0067,L0067,224.0,232.75,0.0,official_public_fixed_time_revised_derived,public,all
T00206,5.266666666666667,9.916666666666666,L0015,L0015,279.0,287.84999999999997,0.0,official_public_fixed_time_revised_derived,public,all
T00207,17.65,22.183333333333334,L0044,L0044,272.0,272.65,0.0,official_public_fixed_time_revised_derived,public,all
T00208,5.65,8.983333333333333,L0018,L0018,200.0,211.85,0.0,official_public_fixed_time_revised_derived,public,all
T00209,10.983333333333333,15.333333333333334,L0036,L0036,261.0,272.65,0.0,official_public_fixed_time_revised_derived,public,all
T00210,15.916666666666666,20.416666666666668,L0047,L0047,270.0,263.15,0.0,official_public_fixed_time_revised_derived,public,all
T00211,17.383333333333333,20.95,L0013,L0013,214.0,227.04999999999998,0.0,official_public_fixed_time_revised_derived,public,all
T00212,17.266666666666666,21.733333333333334,L0057,L0057,268.0,284.05,0.0,official_public_fixed_time_revised_derived,public,all
T00213,7.883333333333334,12.1,L0005,L0005,253.0,274.55,0.0,official_public_fixed_time_revised_derived,public,all
T00214,17.166666666666668,21.883333333333333,L0004,L0004,283.0,287.84999999999997,0.0,official_public_fixed_time_revised_derived,public,all
T00215,7.3,11.15,L0038,L0038,231.0,242.25,0.0,official_public_fixed_time_revised_derived,public,all
T00216,9.833333333333334,14.683333333333334,L0015,L0015,291.0,299.25,0.0,official_public_fixed_time_revised_derived,public,all
T00217,14.35,17.633333333333333,L0057,L0057,197.0,216.6,0.0,official_public_fixed_time_revised_derived,public,all
T00218,16.666666666666668,20.033333333333335,L0032,L0032,202.0,213.75,0.0,official_public_fixed_time_revised_derived,public,all
T00219,16.35,20.666666666666668,L0025,L0025,259.0,257.45,0.0,official_public_fixed_time_revised_derived,public,all
T00220,17.716666666666665,21.866666666666667,L0038,L0038,249.0,259.34999999999997,0.0,official_public_fixed_time_revised_derived,public,all
T00221,8.083333333333334,13.05,L0041,L0041,298.0,318.25,0.0,official_public_fixed_time_revised_derived,public,all
T00222,5.966666666666667,9.833333333333334,L0060,L0060,232.0,234.64999999999998,0.0,official_public_fixed_time_revised_derived,public,all
T00223,9.233333333333333,13.383333333333333,L0058,L0058,249.0,257.45,0.0,official_public_fixed_time_revised_derived,public,all
T00224,11.633333333333333,16.133333333333333,L0033,L0033,270.0,280.25,0.0,official_public_fixed_time_revised_derived,public,all
T00225,16.25,19.883333333333333,L0068,L0068,218.0,226.1,0.0,official_public_fixed_time_revised_derived,public,all
T00226,15.1,19.433333333333334,L0068,L0068,260.0,266.0,0.0,official_public_fixed_time_revised_derived,public,all
T00227,7.3,11.933333333333334,L0056,L0056,278.0,290.7,0.0,official_public_fixed_time_revised_derived,public,all
T00228,10.566666666666666,13.966666666666667,L0044,L0044,204.0,208.04999999999998,0.0,official_public_fixed_time_revised_derived,public,all
T00229,19.316666666666666,22.55,L0071,L0071,194.0,201.39999999999998,0.0,official_public_fixed_time_revised_derived,public,all
T00230,19.75,24.216666666666665,L0030,L0030,268.0,283.09999999999997,0.0,official_public_fixed_time_revised_derived,public,all
T00231,13.983333333333333,17.083333333333332,L0071,L0071,186.0,193.79999999999998,0.0,official_public_fixed_time_revised_derived,public,all
T00232,5.266666666666667,8.416666666666666,L0068,L0068,189.0,198.54999999999998,0.0,official_public_fixed_time_revised_derived,public,all
T00233,14.4,17.5,L0007,L0007,186.0,197.6,0.0,official_public_fixed_time_revised_derived,public,all
T00234,16.833333333333332,21.483333333333334,L0015,L0015,279.0,287.84999999999997,0.0,official_public_fixed_time_revised_derived,public,all
T00235,10.233333333333333,13.416666666666666,L0012,L0012,191.0,207.1,0.0,official_public_fixed_time_revised_derived,public,all
T00236,10.7,14.483333333333333,L0074,L0074,227.0,222.29999999999998,0.0,official_public_fixed_time_revised_derived,public,all
T00237,10.0,14.183333333333334,L0032,L0032,251.0,260.3,0.0,official_public_fixed_time_revised_derived,public,all
T00238,17.95,21.183333333333334,L0053,L0053,194.0,209.0,0.0,official_public_fixed_time_revised_derived,public,all
T00239,5.1,8.15,L0035,L0035,183.0,200.45,0.0,official_public_fixed_time_revised_derived,public,all
T00240,6.75,10.783333333333333,L0045,L0045,242.0,259.34999999999997,0.0,official_public_fixed_time_revised_derived,public,all
T00241,16.7,20.583333333333332,L0023,L0023,233.0,236.54999999999998,0.0,official_public_fixed_time_revised_derived,public,all
T00242,12.216666666666667,16.55,L0060,L0060,260.0,261.25,0.0,official_public_fixed_time_revised_derived,public,all
T00243,15.766666666666667,20.45,L0067,L0067,281.0,286.9,0.0,official_public_fixed_time_revised_derived,public,all
T00244,6.183333333333334,10.183333333333334,L0051,L0051,240.0,241.29999999999998,0.0,official_public_fixed_time_revised_derived,public,all
T00245,13.366666666666667,16.6,L0060,L0060,194.0,198.54999999999998,0.0,official_public_fixed_time_revised_derived,public,all
T00246,10.783333333333333,15.516666666666667,L0058,L0058,284.0,290.7,0.0,official_public_fixed_time_revised_derived,public,all
T00247,11.233333333333333,16.166666666666668,L0005,L0005,296.0,315.4,0.0,official_public_fixed_time_revised_derived,public,all
T00248,7.8,11.883333333333333,L0057,L0057,245.0,262.2,0.0,official_public_fixed_time_revised_derived,public,all
T00249,6.866666666666666,10.483333333333333,L0017,L0017,217.0,237.5,0.0,official_public_fixed_time_revised_derived,public,all
T00250,9.516666666666667,12.75,L0047,L0047,194.0,190.95,0.0,official_public_fixed_time_revised_derived,public,all
T00251,17.2,21.75,L0062,L0062,273.0,290.7,0.0,official_public_fixed_time_revised_derived,public,all
T00252,12.4,15.833333333333334,L0021,L0021,206.0,222.29999999999998,0.0,official_public_fixed_time_revised_derived,public,all
T00253,6.45,10.583333333333334,L0033,L0033,248.0,259.34999999999997,0.0,official_public_fixed_time_revised_derived,public,all
T00254,5.866666666666666,9.5,L0014,L0014,218.0,217.54999999999998,0.0,official_public_fixed_time_revised_derived,public,all
T00255,15.666666666666666,18.7,L0072,L0072,182.0,188.1,0.0,official_public_fixed_time_revised_derived,public,all
T00256,11.383333333333333,15.85,L0006,L0006,268.0,284.05,0.0,official_public_fixed_time_revised_derived,public,all
T00257,10.266666666666667,14.566666666666666,L0066,L0066,258.0,274.55,0.0,official_public_fixed_time_revised_derived,public,all
T00258,14.266666666666667,18.866666666666667,L0027,L0027,276.0,283.09999999999997,0.0,official_public_fixed_time_revised_derived,public,all
T00259,8.833333333333334,13.55,L0060,L0060,283.0,283.09999999999997,0.0,official_public_fixed_time_revised_derived,public,all
T00260,15.15,18.666666666666668,L0048,L0048,211.0,203.29999999999998,0.0,official_public_fixed_time_revised_derived,public,all
T00261,19.983333333333334,24.683333333333334,L0029,L0029,282.0,293.55,0.0,official_public_fixed_time_revised_derived,public,all
T00262,5.166666666666667,9.033333333333333,L0073,L0073,232.0,239.39999999999998,0.0,official_public_fixed_time_revised_derived,public,all
T00263,14.316666666666666,17.333333333333332,L0056,L0056,181.0,198.54999999999998,0.0,official_public_fixed_time_revised_derived,public,all
T00264,19.133333333333333,23.083333333333332,L0063,L0063,237.0,250.79999999999998,0.0,official_public_fixed_time_revised_derived,public,all
T00265,14.116666666666667,18.566666666666666,L0068,L0068,267.0,272.65,0.0,official_public_fixed_time_revised_derived,public,all
T00266,13.95,17.133333333333333,L0019,L0019,191.0,206.14999999999998,0.0,official_public_fixed_time_revised_derived,public,all
T00267,10.583333333333334,15.15,L0054,L0054,274.0,293.55,0.0,official_public_fixed_time_revised_derived,public,all
T00268,17.766666666666666,21.433333333333334,L0022,L0022,220.0,249.85,0.0,official_public_fixed_time_revised_derived,public,all
T00269,19.05,22.983333333333334,L0014,L0014,236.0,234.64999999999998,0.0,official_public_fixed_time_revised_derived,public,all
T00270,17.783333333333335,21.333333333333332,L0012,L0012,213.0,228.0,0.0,official_public_fixed_time_revised_derived,public,all
T00271,16.866666666666667,20.1,L0025,L0025,194.0,195.7,0.0,official_public_fixed_time_revised_derived,public,all
T00272,6.066666666666666,9.25,L0075,L0075,191.0,203.29999999999998,0.0,official_public_fixed_time_revised_derived,public,all
T00273,12.216666666666667,16.983333333333334,L0058,L0058,286.0,292.59999999999997,0.0,official_public_fixed_time_revised_derived,public,all
T00274,16.983333333333334,21.283333333333335,L0074,L0074,258.0,251.75,0.0,official_public_fixed_time_revised_derived,public,all
T00275,12.566666666666666,17.1,L0073,L0073,272.0,277.4,0.0,official_public_fixed_time_revised_derived,public,all
T00276,10.683333333333334,13.7,L0074,L0074,181.0,178.6,0.0,official_public_fixed_time_revised_derived,public,all
T00277,7.016666666666667,10.416666666666666,L0041,L0041,204.0,228.95,0.0,official_public_fixed_time_revised_derived,public,all
T00278,9.85,13.7,L0012,L0012,231.0,245.1,0.0,official_public_fixed_time_revised_derived,public,all
T00279,16.4,20.333333333333332,L0023,L0023,236.0,239.39999999999998,0.0,official_public_fixed_time_revised_derived,public,all
T00280,19.483333333333334,22.633333333333333,L0047,L0047,189.0,186.2,0.0,official_public_fixed_time_revised_derived,public,all
T00281,12.45,15.616666666666667,L0027,L0027,190.0,201.39999999999998,0.0,official_public_fixed_time_revised_derived,public,all
T00282,13.15,17.5,L0041,L0041,261.0,283.09999999999997,0.0,official_public_fixed_time_revised_derived,public,all
T00283,18.316666666666666,22.583333333333332,L0054,L0054,256.0,276.45,0.0,official_public_fixed_time_revised_derived,public,all
T00284,8.05,12.566666666666666,L0062,L0062,271.0,288.8,0.0,official_public_fixed_time_revised_derived,public,all
T00285,14.883333333333333,18.8,L0059,L0059,235.0,243.2,0.0,official_public_fixed_time_revised_derived,public,all
T00286,17.066666666666666,20.416666666666668,L0024,L0024,201.0,216.6,0.0,official_public_fixed_time_revised_derived,public,all
T00287,10.966666666666667,14.783333333333333,L0075,L0075,229.0,239.39999999999998,0.0,official_public_fixed_time_revised_derived,public,all
T00288,16.7,21.3,L0028,L0028,276.0,293.55,0.0,official_public_fixed_time_revised_derived,public,all
T00289,9.283333333333333,13.733333333333333,L0032,L0032,267.0,275.5,0.0,official_public_fixed_time_revised_derived,public,all
T00290,12.2,15.85,L0065,L0065,219.0,227.04999999999998,0.0,official_public_fixed_time_revised_derived,public,all
T00291,13.4,17.816666666666666,L0014,L0014,265.0,262.2,0.0,official_public_fixed_time_revised_derived,public,all
T00292,7.283333333333333,11.283333333333333,L0017,L0017,240.0,259.34999999999997,0.0,official_public_fixed_time_revised_derived,public,all
T00293,15.266666666666667,19.35,L0009,L0009,245.0,259.34999999999997,0.0,official_public_fixed_time_revised_derived,public,all
T00294,18.333333333333332,22.95,L0026,L0026,277.0,296.4,0.0,official_public_fixed_time_revised_derived,public,all
T00295,16.033333333333335,20.433333333333334,L0074,L0074,264.0,257.45,0.0,official_public_fixed_time_revised_derived,public,all
T00296,8.333333333333334,11.8,L0018,L0018,208.0,219.45,0.0,official_public_fixed_time_revised_derived,public,all
T00297,6.2,11.05,L0055,L0055,291.0,297.34999999999997,0.0,official_public_fixed_time_revised_derived,public,all
T00298,16.883333333333333,20.1,L0053,L0053,193.0,208.04999999999998,0.0,official_public_fixed_time_revised_derived,public,all
T00299,10.166666666666666,14.116666666666667,L0054,L0054,237.0,258.4,0.0,official_public_fixed_time_revised_derived,public,all
T00300,5.716666666666667,9.166666666666666,L0053,L0053,207.0,221.35,0.0,official_public_fixed_time_revised_derived,public,all
T00301,13.6,16.916666666666668,L0050,L0050,199.0,218.5,0.0,official_public_fixed_time_revised_derived,public,all
T00302,5.683333333333334,9.333333333333334,L0060,L0060,219.0,222.29999999999998,0.0,official_public_fixed_time_revised_derived,public,all
T00303,13.166666666666666,16.416666666666668,L0021,L0021,195.0,211.85,0.0,official_public_fixed_time_revised_derived,public,all
T00304,10.416666666666666,15.15,L0033,L0033,284.0,293.55,0.0,official_public_fixed_time_revised_derived,public,all
T00305,10.016666666666667,13.1,L0028,L0028,185.0,207.1,0.0,official_public_fixed_time_revised_derived,public,all
T00306,16.733333333333334,21.616666666666667,L0029,L0029,293.0,304.0,0.0,official_public_fixed_time_revised_derived,public,all
T00307,15.833333333333334,19.9,L0049,L0049,244.0,251.75,0.0,official_public_fixed_time_revised_derived,public,all
T00308,18.566666666666666,23.333333333333332,L0036,L0036,286.0,296.4,0.0,official_public_fixed_time_revised_derived,public,all
T00309,6.5,11.283333333333333,L0012,L0012,287.0,298.3,0.0,official_public_fixed_time_revised_derived,public,all
T00310,8.516666666666667,12.8,L0072,L0072,257.0,259.34999999999997,0.0,official_public_fixed_time_revised_derived,public,all
T00311,12.183333333333334,16.933333333333334,L0050,L0050,285.0,300.2,0.0,official_public_fixed_time_revised_derived,public,all
T00312,14.066666666666666,18.066666666666666,L0051,L0051,240.0,241.29999999999998,0.0,official_public_fixed_time_revised_derived,public,all
T00313,14.416666666666666,17.75,L0065,L0065,200.0,209.0,0.0,official_public_fixed_time_revised_derived,public,all
T00314,9.033333333333333,12.1,L0060,L0060,184.0,189.04999999999998,0.0,official_public_fixed_time_revised_derived,public,all
T00315,13.816666666666666,17.633333333333333,L0010,L0010,229.0,249.85,0.0,official_public_fixed_time_revised_derived,public,all
T00316,11.733333333333333,15.716666666666667,L0042,L0042,239.0,264.09999999999997,0.0,official_public_fixed_time_revised_derived,public,all
T00317,15.883333333333333,19.05,L0067,L0067,190.0,200.45,0.0,official_public_fixed_time_revised_derived,public,all
T00318,5.866666666666666,10.416666666666666,L0056,L0056,273.0,285.95,0.0,official_public_fixed_time_revised_derived,public,all
T00319,10.416666666666666,13.616666666666667,L0018,L0018,192.0,204.25,0.0,official_public_fixed_time_revised_derived,public,all
T00320,8.3,12.166666666666666,L0068,L0068,232.0,239.39999999999998,0.0,official_public_fixed_time_revised_derived,public,all
T00321,14.516666666666667,17.7,L0015,L0015,191.0,204.25,0.0,official_public_fixed_time_revised_derived,public,all
T00322,7.85,11.933333333333334,L0024,L0024,245.0,258.4,0.0,official_public_fixed_time_revised_derived,public,all
T00323,12.733333333333333,17.2,L0025,L0025,268.0,266.0,0.0,official_public_fixed_time_revised_derived,public,all
T00324,17.283333333333335,21.416666666666668,L0016,L0016,248.0,264.09999999999997,0.0,official_public_fixed_time_revised_derived,public,all
T00325,10.016666666666667,14.816666666666666,L0037,L0037,288.0,305.9,0.0,official_public_fixed_time_revised_derived,public,all
T00326,13.75,16.8,L0012,L0012,183.0,199.5,0.0,official_public_fixed_time_revised_derived,public,all
T00327,18.483333333333334,22.6,L0055,L0055,247.0,255.54999999999998,0.0,official_public_fixed_time_revised_derived,public,all
T00328,10.4,15.133333333333333,L0018,L0018,284.0,291.65,0.0,official_public_fixed_time_revised_derived,public,all
T00329,9.366666666666667,12.4,L0036,L0036,182.0,197.6,0.0,official_public_fixed_time_revised_derived,public,all
T00330,17.25,20.583333333333332,L0056,L0056,200.0,216.6,0.0,official_public_fixed_time_revised_derived,public,all
T00331,5.216666666666667,9.266666666666667,L0074,L0074,243.0,237.5,0.0,official_public_fixed_time_revised_derived,public,all
T00332,19.65,23.516666666666666,L0021,L0021,232.0,247.0,0.0,official_public_fixed_time_revised_derived,public,all
T00333,17.483333333333334,22.433333333333334,L0021,L0021,297.0,308.75,0.0,official_public_fixed_time_revised_derived,public,all
T00334,16.133333333333333,20.8,L0055,L0055,280.0,286.9,0.0,official_public_fixed_time_revised_derived,public,all
T00335,7.216666666666667,11.75,L0031,L0031,272.0,284.05,0.0,official_public_fixed_time_revised_derived,public,all
T00336,7.433333333333334,11.233333333333333,L0059,L0059,228.0,236.54999999999998,0.0,official_public_fixed_time_revised_derived,public,all
T00337,5.216666666666667,9.166666666666666,L0047,L0047,237.0,231.79999999999998,0.0,official_public_fixed_time_revised_derived,public,all
T00338,19.833333333333332,24.116666666666667,L0038,L0038,257.0,266.95,0.0,official_public_fixed_time_revised_derived,public,all
T00339,14.166666666666666,17.433333333333334,L0059,L0059,196.0,206.14999999999998,0.0,official_public_fixed_time_revised_derived,public,all
T00340,9.766666666666667,13.633333333333333,L0064,L0064,232.0,239.39999999999998,0.0,official_public_fixed_time_revised_derived,public,all
T00341,19.616666666666667,24.283333333333335,L0012,L0012,280.0,291.65,0.0,official_public_fixed_time_revised_derived,public,all
T00342,13.5,17.716666666666665,L0012,L0012,253.0,266.0,0.0,official_public_fixed_time_revised_derived,public,all
T00343,17.15,21.433333333333334,L0029,L0029,257.0,269.8,0.0,official_public_fixed_time_revised_derived,public,all
T00344,8.883333333333333,12.35,L0078,L0078,208.0,235.6,0.0,official_public_fixed_time_revised_derived,public,all
T00345,7.833333333333333,11.35,L0041,L0041,211.0,235.6,0.0,official_public_fixed_time_revised_derived,public,all
T00346,18.583333333333332,23.366666666666667,L0053,L0053,287.0,297.34999999999997,0.0,official_public_fixed_time_revised_derived,public,all
T00347,13.5,16.616666666666667,L0008,L0008,187.0,207.1,0.0,official_public_fixed_time_revised_derived,public,all
T00348,18.116666666666667,23.1,L0077,L0077,299.0,306.84999999999997,0.0,official_public_fixed_time_revised_derived,public,all
T00349,14.75,18.183333333333334,L0053,L0053,206.0,220.39999999999998,0.0,official_public_fixed_time_revised_derived,public,all
T00350,18.816666666666666,23.733333333333334,L0068,L0068,295.0,299.25,0.0,official_public_fixed_time_revised_derived,public,all
T00351,6.75,11.5,L0058,L0058,285.0,291.65,0.0,official_public_fixed_time_revised_derived,public,all
T00352,9.25,13.35,L0073,L0073,246.0,252.7,0.0,official_public_fixed_time_revised_derived,public,all
T00353,17.15,21.333333333333332,L0053,L0053,251.0,263.15,0.0,official_public_fixed_time_revised_derived,public,all
T00354,5.716666666666667,10.083333333333334,L0051,L0051,262.0,262.2,0.0,official_public_fixed_time_revised_derived,public,all
T00355,19.45,23.716666666666665,L0077,L0077,256.0,266.0,0.0,official_public_fixed_time_revised_derived,public,all
T00356,12.583333333333334,15.633333333333333,L0077,L0077,183.0,196.64999999999998,0.0,official_public_fixed_time_revised_derived,public,all
T00357,17.083333333333332,20.25,L0073,L0073,190.0,199.5,0.0,official_public_fixed_time_revised_derived,public,all
T00358,10.166666666666666,14.05,L0015,L0015,233.0,244.14999999999998,0.0,official_public_fixed_time_revised_derived,public,all
T00359,18.8,21.983333333333334,L0040,L0040,191.0,196.64999999999998,0.0,official_public_fixed_time_revised_derived,public,all
T00360,7.15,11.766666666666667,L0007,L0007,277.0,284.05,0.0,official_public_fixed_time_revised_derived,public,all
T00361,6.633333333333334,10.216666666666667,L0038,L0038,215.0,227.04999999999998,0.0,official_public_fixed_time_revised_derived,public,all
T00362,9.083333333333334,13.383333333333333,L0031,L0031,258.0,270.75,0.0,official_public_fixed_time_revised_derived,public,all
T00363,8.05,12.2,L0020,L0020,249.0,255.54999999999998,0.0,official_public_fixed_time_revised_derived,public,all
T00364,10.05,14.233333333333333,L0060,L0060,251.0,252.7,0.0,official_public_fixed_time_revised_derived,public,all
T00365,6.266666666666667,9.416666666666666,L0037,L0037,189.0,211.85,0.0,official_public_fixed_time_revised_derived,public,all
T00366,14.65,17.75,L0012,L0012,186.0,202.35,0.0,official_public_fixed_time_revised_derived,public,all
T00367,15.666666666666666,19.866666666666667,L0062,L0062,252.0,270.75,0.0,official_public_fixed_time_revised_derived,public,all
T00368,11.05,15.366666666666667,L0025,L0025,259.0,257.45,0.0,official_public_fixed_time_revised_derived,public,all
T00369,6.033333333333333,9.366666666666667,L0069,L0069,200.0,217.54999999999998,0.0,official_public_fixed_time_revised_derived,public,all
T00370,6.4,10.033333333333333,L0024,L0024,218.0,232.75,0.0,official_public_fixed_time_revised_derived,public,all
T00371,14.3,17.533333333333335,L0061,L0061,194.0,207.1,0.0,official_public_fixed_time_revised_derived,public,all
T00372,12.6,15.65,L0074,L0074,183.0,180.5,0.0,official_public_fixed_time_revised_derived,public,all
T00373,11.966666666666667,15.2,L0060,L0060,194.0,198.54999999999998,0.0,official_public_fixed_time_revised_derived,public,all
T00374,6.283333333333333,10.15,L0041,L0041,232.0,255.54999999999998,0.0,official_public_fixed_time_revised_derived,public,all
T00375,10.466666666666667,14.383333333333333,L0076,L0076,235.0,244.14999999999998,0.0,official_public_fixed_time_revised_derived,public,all
T00376,8.216666666666667,11.466666666666667,L0038,L0038,195.0,208.04999999999998,0.0,official_public_fixed_time_revised_derived,public,all
T00377,6.65,9.883333333333333,L0034,L0034,194.0,189.04999999999998,0.0,official_public_fixed_time_revised_derived,public,all
T00378,7.766666666666667,12.55,L0026,L0026,287.0,305.9,0.0,official_public_fixed_time_revised_derived,public,all
T00379,13.3,17.7,L0064,L0064,264.0,269.8,0.0,official_public_fixed_time_revised_derived,public,all
T00380,18.666666666666668,23.6,L0056,L0056,296.0,307.8,0.0,official_public_fixed_time_revised_derived,public,all
T00381,15.516666666666667,19.083333333333332,L0021,L0021,214.0,229.89999999999998,0.0,official_public_fixed_time_revised_derived,public,all
T00382,10.633333333333333,14.733333333333333,L0057,L0057,246.0,263.15,0.0,official_public_fixed_time_revised_derived,public,all
T00383,17.55,20.6,L0060,L0060,183.0,188.1,0.0,official_public_fixed_time_revised_derived,public,all
T00384,9.966666666666667,14.533333333333333,L0075,L0075,274.0,282.15,0.0,official_public_fixed_time_revised_derived,public,all
T00385,11.4,15.6,L0065,L0065,252.0,258.4,0.0,official_public_fixed_time_revised_derived,public,all
T00386,6.766666666666667,11.35,L0074,L0074,275.0,267.9,0.0,official_public_fixed_time_revised_derived,public,all
T00387,13.333333333333334,18.133333333333333,L0036,L0036,288.0,298.3,0.0,official_public_fixed_time_revised_derived,public,all
T00388,5.433333333333334,10.25,L0034,L0034,289.0,279.3,0.0,official_public_fixed_time_revised_derived,public,all
T00389,18.033333333333335,22.216666666666665,L0015,L0015,251.0,261.25,0.0,official_public_fixed_time_revised_derived,public,all
T00390,6.3,10.033333333333333,L0077,L0077,224.0,235.6,0.0,official_public_fixed_time_revised_derived,public,all
T00391,15.85,19.75,L0050,L0050,234.0,251.75,0.0,official_public_fixed_time_revised_derived,public,all
T00392,16.583333333333332,19.866666666666667,L0051,L0051,197.0,200.45,0.0,official_public_fixed_time_revised_derived,public,all
T00393,6.716666666666667,10.516666666666667,L0065,L0065,228.0,235.6,0.0,official_public_fixed_time_revised_derived,public,all
T00394,8.416666666666666,12.45,L0039,L0039,242.0,255.54999999999998,0.0,official_public_fixed_time_revised_derived,public,all
T00395,8.35,12.266666666666667,L0064,L0064,235.0,242.25,0.0,official_public_fixed_time_revised_derived,public,all
T00396,12.0,15.783333333333333,L0021,L0021,227.0,242.25,0.0,official_public_fixed_time_revised_derived,public,all
T00397,16.85,20.183333333333334,L0071,L0071,200.0,207.1,0.0,official_public_fixed_time_revised_derived,public,all
T00398,18.066666666666666,21.3,L0035,L0035,194.0,210.89999999999998,0.0,official_public_fixed_time_revised_derived,public,all
T00399,18.75,22.133333333333333,L0069,L0069,203.0,220.39999999999998,0.0,official_public_fixed_time_revised_derived,public,all
T00400,6.65,9.8,L0030,L0030,189.0,208.04999999999998,0.0,official_public_fixed_time_revised_derived,public,all
T00401,17.0,20.95,L0035,L0035,237.0,251.75,0.0,official_public_fixed_time_revised_derived,public,all
T00402,7.85,11.666666666666666,L0060,L0060,229.0,231.79999999999998,0.0,official_public_fixed_time_revised_derived,public,all
T00403,5.05,9.233333333333333,L0043,L0043,251.0,262.2,0.0,official_public_fixed_time_revised_derived,public,all
T00404,18.233333333333334,22.216666666666665,L0058,L0058,239.0,247.95,0.0,official_public_fixed_time_revised_derived,public,all
T00405,14.766666666666667,18.266666666666666,L0048,L0048,210.0,202.35,0.0,official_public_fixed_time_revised_derived,public,all
T00406,15.6,20.366666666666667,L0004,L0004,286.0,290.7,0.0,official_public_fixed_time_revised_derived,public,all
T00407,17.683333333333334,20.866666666666667,L0071,L0071,191.0,198.54999999999998,0.0,official_public_fixed_time_revised_derived,public,all
T00408,6.25,9.383333333333333,L0012,L0012,188.0,204.25,0.0,official_public_fixed_time_revised_derived,public,all
T00409,16.2,20.916666666666668,L0005,L0005,283.0,303.05,0.0,official_public_fixed_time_revised_derived,public,all
T00410,11.616666666666667,14.983333333333333,L0064,L0064,202.0,210.89999999999998,0.0,official_public_fixed_time_revised_derived,public,all
T00411,8.15,12.233333333333333,L0062,L0062,245.0,264.09999999999997,0.0,official_public_fixed_time_revised_derived,public,all
T00412,14.033333333333333,18.816666666666666,L0010,L0010,287.0,304.95,0.0,official_public_fixed_time_revised_derived,public,all
T00413,12.816666666666666,16.583333333333332,L0041,L0041,226.0,249.85,0.0,official_public_fixed_time_revised_derived,public,all
T00414,11.75,16.733333333333334,L0039,L0039,299.0,309.7,0.0,official_public_fixed_time_revised_derived,public,all
T00415,15.5,20.066666666666666,L0010,L0010,274.0,292.59999999999997,0.0,official_public_fixed_time_revised_derived,public,all
T00416,19.366666666666667,22.933333333333334,L0053,L0053,214.0,228.0,0.0,official_public_fixed_time_revised_derived,public,all
T00417,9.25,12.783333333333333,L0031,L0031,212.0,227.04999999999998,0.0,official_public_fixed_time_revised_derived,public,all
T00418,17.183333333333334,21.95,L0056,L0056,286.0,298.3,0.0,official_public_fixed_time_revised_derived,public,all
T00419,7.25,10.45,L0076,L0076,192.0,203.29999999999998,0.0,official_public_fixed_time_revised_derived,public,all
T00420,18.816666666666666,23.25,L0018,L0018,266.0,274.55,0.0,official_public_fixed_time_revised_derived,public,all
T00421,8.383333333333333,13.25,L0025,L0025,292.0,288.8,0.0,official_public_fixed_time_revised_derived,public,all
T00422,16.316666666666666,20.033333333333335,L0015,L0015,223.0,234.64999999999998,0.0,official_public_fixed_time_revised_derived,public,all
T00423,5.216666666666667,9.716666666666667,L0049,L0049,270.0,276.45,0.0,official_public_fixed_time_revised_derived,public,all
T00424,5.483333333333333,8.716666666666667,L0015,L0015,194.0,207.1,0.0,official_public_fixed_time_revised_derived,public,all
T00425,11.166666666666666,15.283333333333333,L0017,L0017,247.0,266.0,0.0,official_public_fixed_time_revised_derived,public,all
T00426,16.5,20.7,L0014,L0014,252.0,249.85,0.0,official_public_fixed_time_revised_derived,public,all
T00427,17.816666666666666,21.483333333333334,L0004,L0004,220.0,228.0,0.0,official_public_fixed_time_revised_derived,public,all
T00428,15.133333333333333,19.35,L0035,L0035,253.0,266.95,0.0,official_public_fixed_time_revised_derived,public,all
T00429,5.533333333333333,9.216666666666667,L0005,L0005,221.0,244.14999999999998,0.0,official_public_fixed_time_revised_derived,public,all
T00430,11.95,15.0,L0045,L0045,183.0,203.29999999999998,0.0,official_public_fixed_time_revised_derived,public,all
T00431,16.366666666666667,19.983333333333334,L0038,L0038,217.0,228.95,0.0,official_public_fixed_time_revised_derived,public,all
T00432,10.833333333333334,13.883333333333333,L0061,L0061,183.0,196.64999999999998,0.0,official_public_fixed_time_revised_derived,public,all
T00433,15.633333333333333,20.416666666666668,L0072,L0072,287.0,287.84999999999997,0.0,official_public_fixed_time_revised_derived,public,all
T00434,13.883333333333333,18.35,L0072,L0072,268.0,269.8,0.0,official_public_fixed_time_revised_derived,public,all
T00435,13.533333333333333,17.183333333333334,L0064,L0064,219.0,227.04999999999998,0.0,official_public_fixed_time_revised_derived,public,all
T00436,8.233333333333333,11.616666666666667,L0077,L0077,203.0,215.64999999999998,0.0,official_public_fixed_time_revised_derived,public,all
T00437,11.716666666666667,16.566666666666666,L0021,L0021,291.0,303.05,0.0,official_public_fixed_time_revised_derived,public,all
T00438,7.166666666666667,11.6,L0052,L0052,266.0,285.0,0.0,official_public_fixed_time_revised_derived,public,all
T00439,11.933333333333334,16.9,L0009,L0009,298.0,309.7,0.0,official_public_fixed_time_revised_derived,public,all
T00440,16.983333333333334,20.316666666666666,L0011,L0011,200.0,219.45,0.0,official_public_fixed_time_revised_derived,public,all
T00441,11.933333333333334,15.8,L0012,L0012,232.0,246.04999999999998,0.0,official_public_fixed_time_revised_derived,public,all
T00442,13.383333333333333,17.35,L0004,L0004,238.0,245.1,0.0,official_public_fixed_time_revised_derived,public,all
T00443,16.533333333333335,20.416666666666668,L0078,L0078,233.0,259.34999999999997,0.0,official_public_fixed_time_revised_derived,public,all
T00444,19.45,23.833333333333332,L0038,L0038,263.0,272.65,0.0,official_public_fixed_time_revised_derived,public,all
T00445,16.816666666666666,20.533333333333335,L0056,L0056,223.0,238.45,0.0,official_public_fixed_time_revised_derived,public,all
T00446,16.983333333333334,20.083333333333332,L0029,L0029,186.0,202.35,0.0,official_public_fixed_time_revised_derived,public,all
T00447,19.55,23.183333333333334,L0005,L0005,218.0,241.29999999999998,0.0,official_public_fixed_time_revised_derived,public,all
T00448,7.65,12.583333333333334,L0050,L0050,296.0,310.65,0.0,official_public_fixed_time_revised_derived,public,all
T00449,12.066666666666666,15.8,L0012,L0012,224.0,238.45,0.0,official_public_fixed_time_revised_derived,public,all
T00450,10.3,13.3,L0046,L0046,180.0,185.25,0.0,official_public_fixed_time_revised_derived,public,all
T00451,6.816666666666666,11.183333333333334,L0008,L0008,262.0,278.34999999999997,0.0,official_public_fixed_time_revised_derived,public,all
T00452,6.016666666666667,9.566666666666666,L0078,L0078,213.0,240.35,0.0,official_public_fixed_time_revised_derived,public,all
T00453,18.8,23.0,L0056,L0056,252.0,266.0,0.0,official_public_fixed_time_revised_derived,public,all
T00454,8.433333333333334,12.083333333333334,L0045,L0045,219.0,237.5,0.0,official_public_fixed_time_revised_derived,public,all
T00455,9.583333333333334,13.416666666666666,L0064,L0064,230.0,237.5,0.0,official_public_fixed_time_revised_derived,public,all
T00456,8.85,13.1,L0055,L0055,255.0,263.15,0.0,official_public_fixed_time_revised_derived,public,all
T00457,13.183333333333334,17.016666666666666,L0010,L0010,230.0,250.79999999999998,0.0,official_public_fixed_time_revised_derived,public,all
T00458,13.2,18.066666666666666,L0062,L0062,292.0,308.75,0.0,official_public_fixed_time_revised_derived,public,all
T00459,19.366666666666667,24.05,L0028,L0028,281.0,298.3,0.0,official_public_fixed_time_revised_derived,public,all
T00460,15.533333333333333,18.55,L0006,L0006,181.0,201.39999999999998,0.0,official_public_fixed_time_revised_derived,public,all
T00461,5.616666666666666,9.216666666666667,L0046,L0046,216.0,219.45,0.0,official_public_fixed_time_revised_derived,public,all
T00462,16.166666666666668,19.933333333333334,L0030,L0030,226.0,243.2,0.0,official_public_fixed_time_revised_derived,public,all
T00463,6.55,9.783333333333333,L0029,L0029,194.0,209.95,0.0,official_public_fixed_time_revised_derived,public,all
T00464,13.083333333333334,17.55,L0049,L0049,268.0,274.55,0.0,official_public_fixed_time_revised_derived,public,all
T00465,13.283333333333333,16.816666666666666,L0026,L0026,212.0,234.64999999999998,0.0,official_public_fixed_time_revised_derived,public,all
T00466,8.266666666666667,11.8,L0077,L0077,212.0,224.2,0.0,official_public_fixed_time_revised_derived,public,all
T00467,5.883333333333334,10.1,L0072,L0072,253.0,255.54999999999998,0.0,official_public_fixed_time_revised_derived,public,all
T00468,7.233333333333333,10.316666666666666,L0057,L0057,185.0,205.2,0.0,official_public_fixed_time_revised_derived,public,all
T00469,11.166666666666666,15.85,L0014,L0014,281.0,277.4,0.0,official_public_fixed_time_revised_derived,public,all
T00470,12.533333333333333,16.133333333333333,L0043,L0043,216.0,228.95,0.0,official_public_fixed_time_revised_derived,public,all
T00471,7.4,10.566666666666666,L0024,L0024,190.0,206.14999999999998,0.0,official_public_fixed_time_revised_derived,public,all
T00472,13.7,18.65,L0057,L0057,297.0,311.59999999999997,0.0,official_public_fixed_time_revised_derived,public,all
T00473,17.133333333333333,21.783333333333335,L0033,L0033,279.0,288.8,0.0,official_public_fixed_time_revised_derived,public,all
T00474,7.533333333333333,10.95,L0043,L0043,205.0,218.5,0.0,official_public_fixed_time_revised_derived,public,all
T00475,16.7,21.2,L0060,L0060,270.0,270.75,0.0,official_public_fixed_time_revised_derived,public,all
T00476,11.416666666666666,15.183333333333334,L0061,L0061,226.0,237.5,0.0,official_public_fixed_time_revised_derived,public,all
T00477,19.1,22.833333333333332,L0060,L0060,224.0,227.04999999999998,0.0,official_public_fixed_time_revised_derived,public,all
T00478,17.25,21.083333333333332,L0014,L0014,230.0,228.95,0.0,official_public_fixed_time_revised_derived,public,all
T00479,16.916666666666668,21.516666666666666,L0026,L0026,276.0,295.45,0.0,official_public_fixed_time_revised_derived,public,all
T00480,10.433333333333334,14.083333333333334,L0039,L0039,219.0,233.7,0.0,official_public_fixed_time_revised_derived,public,all
T00481,15.516666666666667,20.383333333333333,L0071,L0071,292.0,294.5,0.0,official_public_fixed_time_revised_derived,public,all
T00482,13.516666666666667,18.066666666666666,L0052,L0052,273.0,291.65,0.0,official_public_fixed_time_revised_derived,public,all
T00483,14.816666666666666,18.066666666666666,L0058,L0058,195.0,206.14999999999998,0.0,official_public_fixed_time_revised_derived,public,all
T00484,17.316666666666666,20.5,L0055,L0055,191.0,202.35,0.0,official_public_fixed_time_revised_derived,public,all
T00485,19.533333333333335,23.666666666666668,L0073,L0073,248.0,254.6,0.0,official_public_fixed_time_revised_derived,public,all
T00486,7.3,11.95,L0041,L0041,279.0,300.2,0.0,official_public_fixed_time_revised_derived,public,all
T00487,12.416666666666666,15.85,L0066,L0066,206.0,225.14999999999998,0.0,official_public_fixed_time_revised_derived,public,all
T00488,14.283333333333333,18.683333333333334,L0015,L0015,264.0,273.59999999999997,0.0,official_public_fixed_time_revised_derived,public,all
T00489,14.0,17.65,L0040,L0040,219.0,223.25,0.0,official_public_fixed_time_revised_derived,public,all
T00490,17.65,22.016666666666666,L0051,L0051,262.0,262.2,0.0,official_public_fixed_time_revised_derived,public,all
T00491,17.133333333333333,20.95,L0027,L0027,229.0,238.45,0.0,official_public_fixed_time_revised_derived,public,all
T00492,8.0,11.85,L0047,L0047,231.0,226.1,0.0,official_public_fixed_time_revised_derived,public,all
T00493,16.75,21.65,L0069,L0069,294.0,306.84999999999997,0.0,official_public_fixed_time_revised_derived,public,all
T00494,15.466666666666667,18.966666666666665,L0036,L0036,210.0,224.2,0.0,official_public_fixed_time_revised_derived,public,all
T00495,12.166666666666666,15.95,L0032,L0032,227.0,237.5,0.0,official_public_fixed_time_revised_derived,public,all
T00496,11.783333333333333,15.916666666666666,L0032,L0032,248.0,257.45,0.0,official_public_fixed_time_revised_derived,public,all
T00497,16.666666666666668,20.766666666666666,L0011,L0011,246.0,263.15,0.0,official_public_fixed_time_revised_derived,public,all
T00498,13.7,18.65,L0013,L0013,297.0,305.9,0.0,official_public_fixed_time_revised_derived,public,all
T00499,8.9,11.916666666666666,L0045,L0045,181.0,201.39999999999998,0.0,official_public_fixed_time_revised_derived,public,all
T00500,5.133333333333334,8.783333333333333,L0049,L0049,219.0,228.0,0.0,official_public_fixed_time_revised_derived,public,all
