task_id,start_hour,finish_hour,origin_node_id,destination_node_id,self_cost,outsource_cost,base_risk,historical_mode,product_id,hazard_class,loaded_distance_km,duration_source
TSK000110,66.8857,106.5882,NOD000786,NOD000184,6536.829,11895.38251,24.57,外协,PRD0185,普货,819.0,direct_historical_od_median
TSK000256,68.88534242,72.22364242,NOD000781,NOD000134,1320.0513,3439.05089,4.86,外协,PRD0262,普货,162.0,direct_historical_od_median
TSK000335,70.88498485,83.61208485,NOD000678,NOD000017,2392.8611,4272.46699,7.95,外协,PRD0167,普货,265.0,direct_historical_od_median
TSK000532,72.88462727,87.21772727,NOD000779,NOD000419,2760.368,5770.71792,10.77,自有,PRD0159,普货,359.0,direct_historical_od_median
TSK000588,74.8842697,88.5530197,NOD000678,NOD000014,2042.0198,3932.69712,6.33,外协,PRD0167,普货,211.0,historical_distance_bin_median
TSK000711,76.88391212,93.95101212,NOD000632,NOD000017,2489.9857,4193.43243,7.95,外协,PRD0095,普货,265.0,direct_historical_od_median
TSK000742,78.88355455,100.92845455,NOD000678,NOD000183,6334.8382,11004.80645,22.53,自有,PRD0167,普货,751.0,historical_distance_bin_median
TSK000759,80.88319697,149.75009697,NOD000777,NOD000487,23023.5578,32776.85873,91.2465,自有,PRD0173,危货,2253.0,direct_historical_od_median
TSK000771,82.88283939,109.79923939,NOD000780,NOD000316,7528.4628,12524.53103,25.86,自有,PRD0161,普货,862.0,direct_historical_od_median
TSK000778,84.88248182,121.68718182,NOD000678,NOD000470,7545.0835,12955.33877,26.91,外协,PRD0167,普货,897.0,historical_distance_bin_median
TSK001047,86.88212424,123.68682424,NOD000678,NOD000559,7909.1946,12958.24167,27.18,自有,PRD0166,普货,906.0,historical_distance_bin_median
TSK001092,88.88176667,92.22006667,NOD000781,NOD000134,1398.9845,3398.9802,4.86,外协,PRD0262,普货,162.0,direct_historical_od_median
TSK001160,90.88140909,112.92630909,NOD000678,NOD000148,6667.1621,11377.29967,23.46,自有,PRD0167,普货,782.0,historical_distance_bin_median
TSK001299,92.88105152,130.12465152,NOD000594,NOD000442,9914.2745,16058.17048,34.08,外协,PRD0250,普货,1136.0,direct_historical_od_median
TSK001358,94.88069394,121.79709394,NOD000780,NOD000316,7607.3961,12484.46034,25.86,自有,PRD0161,普货,862.0,direct_historical_od_median
TSK001501,96.88033636,124.93853636,NOD000781,NOD000430,8627.053,13146.86868,27.96,外协,PRD0262,普货,932.0,direct_historical_od_median
TSK001532,98.87997879,112.54872879,NOD000632,NOD000014,2327.0419,3799.72615,6.33,外协,PRD0077,普货,211.0,historical_distance_bin_median
TSK001667,100.87962121,122.92452121,NOD000678,NOD000776,6503.4759,11111.03334,22.86,外协,PRD0167,普货,762.0,historical_distance_bin_median
TSK001678,102.87926364,146.02506364,NOD000777,NOD000333,9896.7525,14709.68136,39.609,自有,PRD0173,危货,978.0,direct_historical_od_median
TSK001685,104.87890606,121.38430606,NOD000779,NOD000136,857.974,1778.67767,1.83,自有,PRD0159,普货,61.0,direct_historical_od_median
TSK001732,106.87854848,128.92344848,NOD000597,NOD000265,7070.8957,10988.08084,23.04,外协,PRD0212,普货,768.0,historical_distance_bin_median
TSK001796,108.87819091,126.69129091,NOD000678,NOD000364,4852.8934,7972.75303,15.9,外协,PRD0166,普货,530.0,direct_historical_od_median
TSK001851,110.87783333,119.19033333,NOD000678,NOD000660,768.9273,1747.89142,1.44,外协,PRD0149,普货,48.0,historical_distance_bin_median
TSK001878,112.87747576,144.39207576,NOD000678,NOD000145,9180.9021,14874.99662,31.29,自有,PRD0169,普货,1043.0,direct_historical_od_median
TSK002121,114.87711818,132.95741818,NOD000678,NOD000339,5549.5036,9145.2812,18.57,自有,PRD0166,普货,619.0,direct_historical_od_median
TSK002136,116.87676061,129.60386061,NOD000678,NOD000017,2471.7943,4232.3963,7.95,自有,PRD0167,普货,265.0,direct_historical_od_median
TSK002246,118.87640303,189.20140303,NOD000596,NOD000033,22340.0564,32693.22936,69.09,外协,PRD0147,普货,2303.0,direct_historical_od_median
TSK002334,120.87604545,148.39004545,NOD000779,NOD000219,9035.7606,14724.63135,30.6,自有,PRD0156,普货,1020.0,direct_historical_od_median
TSK002382,122.87568788,150.38968788,NOD000779,NOD000219,9035.7606,14724.63135,30.6,自有,PRD0156,普货,1020.0,direct_historical_od_median
TSK002565,124.8753303,152.7503303,NOD000599,NOD000533,6704.6965,10756.98976,22.44,外协,PRD0226,普货,748.0,direct_historical_od_median
TSK002641,126.87497273,147.79577273,NOD000632,NOD000627,2485.1351,4480.65904,7.95,外协,PRD0067,普货,265.0,direct_historical_od_median
TSK002674,128.87461515,142.54336515,NOD000632,NOD000019,2738.2385,4072.28327,7.95,外协,PRD0093,普货,265.0,historical_distance_bin_median
TSK002684,130.87425758,151.37005758,NOD000779,NOD000140,203.8854,850.57214,0.33,自有,PRD0160,普货,11.0,direct_historical_od_median
TSK002773,132.8739,153.3697,NOD000779,NOD000140,203.8854,850.57214,0.33,自有,PRD0160,普货,11.0,direct_historical_od_median
TSK002887,134.87354242,150.08964242,NOD000645,NOD000580,757.7867,1440.5853,1.14,外协,PRD0186,普货,38.0,direct_historical_od_median
TSK002899,136.87318485,139.05788485,NOD000779,NOD000138,467.6418,1825.09019,1.44,自有,PRD0156,普货,48.0,direct_historical_od_median
TSK003017,138.87282727,154.52072727,NOD000632,NOD000018,2541.8108,4472.71869,7.95,外协,PRD0101,普货,265.0,direct_historical_od_median
TSK003062,140.8724697,154.5412197,NOD000632,NOD000028,2495.3152,3914.93696,6.75,外协,PRD0072,普货,225.0,historical_distance_bin_median
TSK003067,142.87211212,186.01791212,NOD000777,NOD000333,9949.3388,14642.65704,39.609,自有,PRD0173,危货,978.0,direct_historical_od_median
TSK003099,144.87175455,165.54255455,NOD000678,NOD000396,4398.105,7160.66659,14.31,外协,PRD0168,普货,477.0,direct_historical_od_median
TSK003185,146.87139697,187.53009697,NOD000601,NOD000204,11347.9694,17959.623,38.4,外协,PRD0229,普货,1280.0,historical_distance_bin_median
TSK003295,148.87103939,169.36683939,NOD000779,NOD000140,203.8854,850.57214,0.33,自有,PRD0160,普货,11.0,direct_historical_od_median
TSK003417,150.87068182,191.52938182,NOD000777,NOD000243,11896.7759,17622.62348,48.4785,自有,PRD0173,危货,1197.0,historical_distance_bin_median
TSK003546,152.87032424,187.75892424,NOD000777,NOD000120,11808.2325,17395.80931,48.033,自有,PRD0173,危货,1186.0,direct_historical_od_median
TSK003570,154.86996667,188.32396667,NOD000786,NOD000551,9433.0792,14978.95135,32.04,外协,PRD0183,普货,1068.0,direct_historical_od_median
TSK003711,156.86960909,178.91450909,NOD000645,NOD000431,7381.7983,11244.72745,23.94,外协,PRD0212,普货,798.0,historical_distance_bin_median
TSK003785,158.86925152,176.94955152,NOD000678,NOD000339,5614.2389,9002.23808,18.57,自有,PRD0166,普货,619.0,direct_historical_od_median
TSK003813,160.86889394,182.76099394,NOD000678,NOD000090,5617.9762,8924.68368,18.24,外协,PRD0169,普货,608.0,direct_historical_od_median
TSK003821,162.86853636,207.93743636,NOD000781,NOD000198,12800.5762,19400.67701,41.85,自有,PRD0262,普货,1395.0,direct_historical_od_median
TSK003887,164.86817879,185.36397879,NOD000779,NOD000140,216.0344,774.55334,0.33,自有,PRD0160,普货,11.0,direct_historical_od_median
TSK003910,166.86782121,203.67252121,NOD000599,NOD000073,8616.8454,13721.4451,29.25,外协,PRD0226,普货,975.0,historical_distance_bin_median
TSK003919,168.86746364,209.52616364,NOD000678,NOD000363,9500.9927,14579.08628,30.6,自有,PRD0168,普货,1020.0,historical_distance_bin_median
TSK004021,170.86710606,190.90810606,NOD000794,NOD000437,6982.2972,11240.67736,23.67,外协,PRD0011,普货,789.0,direct_historical_od_median
TSK004065,172.86674848,194.91164848,NOD000678,NOD000340,6015.4728,9584.52044,19.74,自有,PRD0169,普货,658.0,direct_historical_od_median
TSK004105,174.86639091,212.40449091,NOD000779,NOD000069,7718.6115,13474.20107,28.71,自有,PRD0160,普货,957.0,direct_historical_od_median
TSK004178,176.86603333,197.09523333,NOD000678,NOD000235,5240.6251,8475.35491,17.49,自有,PRD0168,普货,583.0,direct_historical_od_median
TSK004211,178.86567576,238.04667576,NOD000780,NOD000058,17777.1801,28890.57688,60.57,自有,PRD0162,普货,2019.0,direct_historical_od_median
TSK004222,180.86531818,201.40291818,NOD000678,NOD000284,5022.935,8007.06962,16.2,自有,PRD0167,普货,540.0,direct_historical_od_median
TSK004228,182.86496061,195.15866061,NOD000678,NOD000178,2301.3754,3931.81844,6.75,外协,PRD0167,普货,225.0,direct_historical_od_median
TSK004274,184.86460303,198.53335303,NOD000645,NOD000427,3017.2405,4559.4131,8.43,外协,PRD0186,普货,281.0,historical_distance_bin_median
TSK004306,186.86424545,214.37824545,NOD000779,NOD000219,9047.9095,14648.61244,30.6,自有,PRD0156,普货,1020.0,direct_historical_od_median
TSK004445,188.86388788,215.78028788,NOD000780,NOD000316,7672.1314,12341.41711,25.86,自有,PRD0161,普货,862.0,direct_historical_od_median
TSK004446,190.8635303,231.5222303,NOD000790,NOD000299,9173.3043,14587.32341,31.17,外协,PRD0202,普货,1039.0,historical_distance_bin_median
TSK004561,192.86317273,219.77957273,NOD000780,NOD000316,7672.1314,12341.41711,25.86,自有,PRD0161,普货,862.0,direct_historical_od_median
TSK004664,194.86281515,235.52151515,NOD000790,NOD000583,10035.6855,15907.18701,34.08,外协,PRD0202,普货,1136.0,historical_distance_bin_median
TSK004675,196.86245758,202.50885758,NOD000678,NOD000407,1645.7446,2927.66947,4.44,自有,PRD0167,普货,148.0,direct_historical_od_median
TSK004689,198.8621,219.3579,NOD000779,NOD000140,470.0225,873.98817,0.33,自有,PRD0159,普货,11.0,direct_historical_od_median
TSK004874,200.86174242,222.90664242,NOD000779,NOD000512,5827.9328,9730.78502,20.28,自有,PRD0159,普货,676.0,historical_distance_bin_median
TSK004883,202.86138485,239.66608485,NOD000677,NOD000154,8628.4264,13724.30741,29.4,外协,PRD0210,普货,980.0,historical_distance_bin_median
TSK004910,204.86102727,224.86092727,NOD000678,NOD000168,6291.5661,10208.14333,21.27,自有,PRD0149,普货,709.0,direct_historical_od_median
TSK004913,206.8606697,221.4156697,NOD000678,NOD000147,3865.1448,5977.9533,11.64,自有,PRD0169,普货,388.0,direct_historical_od_median
TSK004930,208.86031212,228.00351212,NOD000781,NOD000791,5521.7714,8074.98219,16.83,外协,PRD0262,普货,561.0,direct_historical_od_median
TSK005035,210.85995455,244.31395455,NOD000786,NOD000551,9401.5356,14914.30721,32.04,外协,PRD0185,普货,1068.0,direct_historical_od_median
TSK005245,212.85959697,218.50599697,NOD000786,NOD000604,1876.9654,2762.18481,4.44,外协,PRD0185,普货,148.0,historical_distance_bin_median
TSK005247,214.85923939,235.35503939,NOD000779,NOD000140,495.1545,801.40379,0.33,自有,PRD0159,普货,11.0,direct_historical_od_median
TSK005329,216.85888182,222.02968182,NOD000678,NOD000182,1846.9578,3348.21289,5.31,自有,PRD0167,普货,177.0,direct_historical_od_median
TSK005365,218.85852424,246.60022424,NOD000678,NOD000225,9173.8701,14775.41956,31.5,自有,PRD0149,普货,1050.0,direct_historical_od_median
TSK005483,220.85816667,242.90306667,NOD000678,NOD000776,6536.6676,10903.34608,22.86,外协,PRD0167,普货,762.0,historical_distance_bin_median
TSK005552,222.85780909,243.54950909,NOD000678,NOD000142,4667.5085,7506.79094,15.12,外协,PRD0149,普货,504.0,direct_historical_od_median
TSK005591,224.85745151,254.89755151,NOD000777,NOD000195,10100.319,15008.52342,41.067,自有,PRD0173,危货,1014.0,direct_historical_od_median
TSK005630,226.85709394,263.66179394,NOD000677,NOD000154,8628.4264,13724.30741,29.4,外协,PRD0210,普货,980.0,historical_distance_bin_median
TSK005642,228.85673636,256.91493636,NOD000781,NOD000430,8660.888,12938.88596,27.96,自有,PRD0262,普货,932.0,direct_historical_od_median
TSK005655,230.85637879,246.63967879,NOD000678,NOD000144,3120.8271,4920.27041,9.48,自有,PRD0168,普货,316.0,direct_historical_od_median
TSK005714,232.85602121,246.52477121,NOD000678,NOD000014,1870.7664,3724.6407,6.33,外协,PRD0167,普货,211.0,historical_distance_bin_median
TSK005799,234.85566364,275.51436364,NOD000678,NOD000363,9469.449,14514.44214,30.6,自有,PRD0168,普货,1020.0,historical_distance_bin_median
TSK005933,236.85530606,253.36070606,NOD000779,NOD000136,891.1656,1570.99041,1.83,自有,PRD0159,普货,61.0,direct_historical_od_median
TSK005952,238.85494848,255.36034848,NOD000779,NOD000136,824.3814,1535.0423,1.83,自有,PRD0159,普货,61.0,direct_historical_od_median
TSK005972,240.85459091,282.44789091,NOD000678,NOD000036,11205.1148,17790.9523,38.4,外协,PRD0148,普货,1280.0,direct_historical_od_median
TSK006033,242.85423333,252.54593333,NOD000678,NOD000755,4257.3613,6892.48241,14.1,外协,PRD0168,普货,470.0,direct_historical_od_median
TSK006312,244.85387576,279.72257576,NOD000781,NOD000683,9035.3566,13918.92425,30.06,自有,PRD0262,普货,1002.0,direct_historical_od_median
TSK006381,246.85351818,267.38761818,NOD000647,NOD000341,4946.9178,7839.41829,16.2,外协,PRD0188,普货,540.0,historical_distance_bin_median
TSK006416,248.85316061,260.04346061,NOD000777,NOD000338,7810.3621,11205.10633,29.727,自有,PRD0173,危货,734.0,direct_historical_od_median
TSK006674,250.85280303,272.07950303,NOD000596,NOD000577,6904.4358,11338.56009,23.94,自有,PRD0147,普货,798.0,direct_historical_od_median
TSK006750,252.85244545,264.33164545,NOD000632,NOD000178,2414.0719,3736.05925,6.75,外协,PRD0106,普货,225.0,direct_historical_od_median
TSK006800,254.85208788,264.54378788,NOD000678,NOD000755,4257.3613,6892.48241,14.1,外协,PRD0168,普货,470.0,direct_historical_od_median
TSK006886,256.8517303,270.5204803,NOD000632,NOD000019,2656.9951,3893.40545,7.95,外协,PRD0093,普货,265.0,historical_distance_bin_median
TSK006914,258.85137273,277.90137273,NOD000777,NOD000030,6114.0872,10734.01109,27.0945,自有,PRD0173,危货,669.0,direct_historical_od_median
TSK006951,260.85101515,278.46351515,NOD000678,NOD000405,4399.4337,7274.43992,14.97,自有,PRD0168,普货,499.0,direct_historical_od_median
TSK006975,262.85065758,271.83735758,NOD000678,NOD000578,4516.5942,7473.22312,15.12,外协,PRD0149,普货,504.0,direct_historical_od_median
TSK007002,264.8503,293.7021,NOD000777,NOD000080,13534.8305,20054.21132,56.133,自有,PRD0173,危货,1386.0,direct_historical_od_median
