vehicle_id,initial_node_id,available_hour,risk_factor,risk_percentile,vehicle_type,hazard_class,admission_indicator
VEH000354,NOD000678,0.0,1.1510415,0.802083,半挂牵引车,普货,0
VEH000386,NOD000678,0.0,0.7899305,0.079861,半挂牵引车,危货,1
VEH000414,NOD000678,0.0,0.8836805,0.267361,半挂牵引车,危货,1
VEH000077,NOD000678,0.0,1.159722,0.819444,半挂牵引车,危货,0
VEH000298,NOD000678,0.0,1.0677085,0.635417,半挂牵引车,普货,0
VEH000299,NOD000678,0.0,1.050347,0.600694,半挂牵引车,普货,0
VEH000517,NOD000678,0.0,0.9375,0.375,半挂牵引车,普货,1
VEH000422,NOD000678,0.0,0.7743055,0.048611,半挂牵引车,危货,1
VEH000287,NOD000678,0.0,0.940972,0.381944,半挂牵引车,普货,1
VEH000092,NOD000678,0.0,1.0399305,0.579861,半挂牵引车,普货,0
VEH000036,NOD000678,0.0,1.2447915,0.989583,半挂牵引车,普货,0
VEH000303,NOD000678,0.0,1.03125,0.5625,半挂牵引车,普货,0
VEH000053,NOD000678,0.0,1.206597,0.913194,半挂牵引车,普货,0
VEH000492,NOD000678,0.0,0.9895835,0.479167,,,1
VEH000019,NOD000678,0.0,1.1614585,0.822917,半挂牵引车,普货,0
VEH000050,NOD000678,0.0,1.0729165,0.645833,半挂牵引车,普货,0
VEH000072,NOD000678,0.0,1.017361,0.534722,半挂牵引车,普货,0
VEH000337,NOD000678,0.0,0.8663195,0.232639,半挂牵引车,危货,1
VEH000332,NOD000678,0.0,0.923611,0.347222,半挂牵引车,普货,1
VEH000249,NOD000678,0.0,1.0416665,0.583333,半挂牵引车,普货,0
VEH000349,NOD000678,0.0,1.152778,0.805556,半挂牵引车,普货,0
VEH000385,NOD000678,0.0,0.8194445,0.138889,半挂牵引车,危货,1
VEH000467,NOD000678,0.0,0.876736,0.253472,半挂牵引车,危货,1
VEH000051,NOD000678,0.0,0.9756945,0.451389,半挂牵引车,普货,1
VEH000102,NOD000678,0.0,1.184028,0.868056,半挂牵引车,危货,0
VEH000247,NOD000678,0.0,1.0625,0.625,半挂牵引车,普货,0
VEH000048,NOD000678,0.0,1.0052085,0.510417,半挂牵引车,普货,0
VEH000511,NOD000678,0.0,0.920139,0.340278,半挂牵引车,普货,1
VEH000458,NOD000678,0.0,0.980903,0.461806,半挂牵引车,普货,1
VEH000514,NOD000678,0.0,1.142361,0.784722,半挂牵引车,普货,0
VEH000416,NOD000678,0.0,0.7604165,0.020833,半挂牵引车,危货,1
VEH000272,NOD000678,0.0,0.904514,0.309028,半挂牵引车,危货,1
VEH000504,NOD000678,0.0,1.0694445,0.638889,半挂牵引车,普货,0
VEH000085,NOD000678,0.0,1.2256945,0.951389,半挂牵引车,普货,0
VEH000357,NOD000678,0.0,1.2395835,0.979167,半挂牵引车,危货,0
VEH000421,NOD000678,0.0,0.810764,0.121528,半挂牵引车,危货,1
VEH000275,NOD000678,0.0,0.7708335,0.041667,半挂牵引车,危货,1
VEH000084,NOD000678,0.0,1.1927085,0.885417,半挂牵引车,普货,0
VEH000516,NOD000678,0.0,0.967014,0.434028,半挂牵引车,普货,1
VEH000091,NOD000678,0.0,1.215278,0.930556,半挂牵引车,普货,0
VEH000378,NOD000678,0.0,0.762153,0.024306,半挂牵引车,危货,1
VEH000042,NOD000678,0.0,1.121528,0.743056,半挂牵引车,普货,0
VEH000366,NOD000678,0.0,1.012153,0.524306,半挂牵引车,普货,0
VEH000063,NOD000678,0.0,1.1197915,0.739583,半挂牵引车,普货,0
VEH000267,NOD000678,0.0,1.078125,0.65625,半挂牵引车,危货,0
VEH000485,NOD000678,0.0,0.934028,0.368056,半挂牵引车,危货,1
VEH000327,NOD000678,0.0,1.1319445,0.763889,半挂牵引车,普货,0
VEH000058,NOD000678,0.0,1.0208335,0.541667,半挂牵引车,普货,0
VEH000477,NOD000678,0.0,0.96875,0.4375,半挂牵引车,普货,1
VEH000488,NOD000678,0.0,0.8697915,0.239583,半挂牵引车,危货,1
VEH000433,NOD000678,0.0,0.751736,0.003472,半挂牵引车,危货,1
VEH000062,NOD000678,0.0,1.079861,0.659722,半挂牵引车,普货,0
VEH000078,NOD000678,0.0,1.2100695,0.920139,半挂牵引车,普货,0
VEH000250,NOD000678,0.0,1.1493055,0.798611,半挂牵引车,普货,0
VEH000302,NOD000678,0.0,0.956597,0.413194,半挂牵引车,普货,1
VEH000274,NOD000678,0.0,0.753472,0.006944,半挂牵引车,危货,1
VEH000376,NOD000678,0.0,0.826389,0.152778,半挂牵引车,危货,1
VEH000510,NOD000678,0.0,0.8489585,0.197917,,,1
VEH000346,NOD000678,0.0,0.8993055,0.298611,半挂牵引车,危货,1
VEH000526,NOD000678,0.0,0.9583335,0.416667,半挂牵引车,普货,1
VEH000035,NOD000678,0.0,1.185764,0.871528,半挂牵引车,普货,0
VEH000401,NOD000678,0.0,0.8211805,0.142361,半挂牵引车,危货,1
VEH000499,NOD000678,0.0,0.887153,0.274306,半挂牵引车,危货,1
VEH000427,NOD000678,0.0,0.8229165,0.145833,半挂牵引车,危货,1
VEH000096,NOD000678,0.0,0.888889,0.277778,半挂牵引车,普货,1
VEH000528,NOD000678,0.0,1.175347,0.850694,半挂牵引车,普货,0
VEH000334,NOD000678,0.0,1.1631945,0.826389,半挂牵引车,普货,0
VEH000523,NOD000678,0.0,1.0225695,0.545139,半挂牵引车,普货,0
VEH000229,NOD000678,0.0,1.105903,0.711806,半挂牵引车,普货,0
VEH000305,NOD000678,0.0,1.1145835,0.729167,半挂牵引车,普货,0
VEH000218,NOD000678,0.0,0.939236,0.378472,重型半挂牵引车,普货,1
VEH000292,NOD000678,0.0,0.809028,0.118056,半挂牵引车,危货,1
VEH000377,NOD000678,0.0,0.782986,0.065972,半挂牵引车,危货,1
VEH000403,NOD000678,0.0,0.7916665,0.083333,半挂牵引车,危货,1
VEH000049,NOD000678,0.0,1.1788195,0.857639,半挂牵引车,普货,0
VEH000288,NOD000678,0.0,0.8385415,0.177083,半挂牵引车,危货,1
VEH000240,NOD000678,0.0,0.987847,0.475694,半挂牵引车,普货,1
VEH000097,NOD000678,0.0,0.953125,0.40625,,,1
VEH000341,NOD000678,0.0,1.076389,0.652778,半挂牵引车,普货,0
VEH000515,NOD000678,0.0,0.9010415,0.302083,半挂牵引车,普货,1
VEH000530,NOD000678,0.0,1.2430555,0.986111,半挂牵引车,普货,0
VEH000226,NOD000678,0.0,1.0833335,0.666667,半挂牵引车,普货,0
VEH000364,NOD000678,0.0,1.128472,0.756944,半挂牵引车,普货,0
VEH000224,NOD000678,0.0,1.034722,0.569444,半挂牵引车,普货,0
VEH000057,NOD000678,0.0,1.236111,0.972222,半挂牵引车,普货,0
VEH000408,NOD000678,0.0,0.779514,0.059028,半挂牵引车,危货,1
VEH000073,NOD000678,0.0,1.095486,0.690972,半挂牵引车,普货,0
VEH000037,NOD000678,0.0,1.092014,0.684028,半挂牵引车,普货,0
VEH000282,NOD000678,0.0,1.0850695,0.670139,半挂牵引车,普货,0
VEH000373,NOD000678,0.0,0.9739585,0.447917,半挂牵引车,普货,1
VEH000016,NOD000678,0.0,1.171875,0.84375,半挂牵引车,普货,0
VEH000261,NOD000678,0.0,0.871528,0.243056,半挂牵引车,危货,1
VEH000007,NOD000678,0.0,1.2083335,0.916667,半挂牵引车,普货,0
VEH000430,NOD000678,0.0,0.8072915,0.114583,半挂牵引车,危货,1
VEH000330,NOD000678,0.0,1.032986,0.565972,半挂牵引车,危货,0
VEH000352,NOD000678,0.0,0.784722,0.069444,半挂牵引车,危货,1
VEH000321,NOD000678,0.0,1.154514,0.809028,半挂牵引车,普货,0
VEH000329,NOD000678,0.0,0.918403,0.336806,半挂牵引车,普货,1
VEH000222,NOD000678,0.0,1.170139,0.840278,半挂牵引车,普货,0
VEH000505,NOD000678,0.0,1.048611,0.597222,半挂牵引车,普货,0
VEH000279,NOD000678,0.0,0.845486,0.190972,半挂牵引车,危货,1
VEH000086,NOD000678,0.0,1.1666665,0.833333,半挂牵引车,普货,0
VEH000081,NOD000678,0.0,0.892361,0.284722,半挂牵引车,普货,1
VEH000468,NOD000678,0.0,0.984375,0.46875,半挂牵引车,普货,1
VEH000281,NOD000678,0.0,0.7569445,0.013889,半挂牵引车,危货,1
VEH000006,NOD000678,0.0,1.111111,0.722222,半挂牵引车,普货,0
VEH000429,NOD000678,0.0,0.847222,0.194444,半挂牵引车,危货,1
VEH000071,NOD000678,0.0,1.003472,0.506944,半挂牵引车,普货,1
VEH000389,NOD000678,0.0,0.824653,0.149306,半挂牵引车,危货,1
VEH000384,NOD000678,0.0,1.0572915,0.614583,半挂牵引车,普货,0
VEH000069,NOD000678,0.0,1.1336805,0.767361,半挂牵引车,普货,0
VEH000025,NOD000678,0.0,1.1822915,0.864583,半挂牵引车,普货,0
VEH000368,NOD000678,0.0,1.046875,0.59375,半挂牵引车,普货,0
VEH000365,NOD000678,0.0,1.065972,0.631944,半挂牵引车,普货,0
VEH000271,NOD000678,0.0,1.248264,0.996528,半挂牵引车,危货,0
VEH000348,NOD000678,0.0,1.1944445,0.888889,半挂牵引车,普货,0
VEH000264,NOD000678,0.0,0.769097,0.038194,半挂牵引车,危货,1
VEH000220,NOD000678,0.0,0.907986,0.315972,重型半挂牵引车,普货,1
VEH000241,NOD000678,0.0,1.232639,0.965278,半挂牵引车,普货,0
VEH000248,NOD000678,0.0,0.965278,0.430556,半挂牵引车,普货,1
VEH000483,NOD000678,0.0,0.902778,0.305556,半挂牵引车,危货,1
VEH000350,NOD000678,0.0,0.894097,0.288194,半挂牵引车,普货,1
VEH000313,NOD000678,0.0,1.157986,0.815972,半挂牵引车,普货,0
VEH000014,NOD000678,0.0,1.090278,0.680556,半挂牵引车,普货,0
VEH000265,NOD000678,0.0,0.78125,0.0625,半挂牵引车,危货,1
VEH000100,NOD000678,0.0,1.21875,0.9375,半挂牵引车,危货,0
VEH000093,NOD000678,0.0,1.2135415,0.927083,半挂牵引车,危货,0
VEH000083,NOD000678,0.0,1.246528,0.993056,半挂牵引车,普货,0
VEH000397,NOD000678,0.0,0.793403,0.086806,半挂牵引车,危货,1
VEH000223,NOD000678,0.0,1.2413195,0.982639,半挂牵引车,普货,0
VEH000300,NOD000678,0.0,1.09375,0.6875,半挂牵引车,普货,0
VEH000355,NOD000678,0.0,0.777778,0.055556,半挂牵引车,危货,1
VEH000259,NOD000678,0.0,1.1979165,0.895833,半挂牵引车,普货,0
VEH000032,NOD000678,0.0,1.203125,0.90625,半挂牵引车,普货,0
VEH000064,NOD000678,0.0,0.8975695,0.295139,半挂牵引车,普货,1
VEH000005,NOD000678,0.0,1.2239585,0.947917,半挂牵引车,普货,0
VEH000074,NOD000678,0.0,1.0555555,0.611111,半挂牵引车,普货,0
VEH000291,NOD000678,0.0,0.8524305,0.204861,半挂牵引车,危货,1
VEH000098,NOD000678,0.0,1.043403,0.586806,半挂牵引车,危货,0
VEH000395,NOD000678,0.0,0.8125,0.125,半挂牵引车,危货,1
VEH000328,NOD000678,0.0,0.8802085,0.260417,半挂牵引车,危货,1
VEH000308,NOD000678,0.0,1.123264,0.746528,半挂牵引车,普货,0
VEH000070,NOD000678,0.0,1.1180555,0.736111,半挂牵引车,普货,0
VEH000339,NOD000678,0.0,0.949653,0.399306,半挂牵引车,普货,1
VEH000301,NOD000678,0.0,0.970486,0.440972,半挂牵引车,普货,1
VEH000424,NOD000678,0.0,0.8038195,0.107639,半挂牵引车,危货,1
VEH000392,NOD000678,0.0,0.8020835,0.104167,半挂牵引车,危货,1
VEH000225,NOD000678,0.0,0.90625,0.3125,半挂牵引车,普货,1
VEH000455,NOD000678,0.0,0.982639,0.465278,半挂牵引车,普货,1
VEH000360,NOD000678,0.0,0.7881945,0.076389,半挂牵引车,危货,1
VEH000324,NOD000678,0.0,1.029514,0.559028,半挂牵引车,普货,0
VEH000304,NOD000678,0.0,1.027778,0.555556,半挂牵引车,普货,0
VEH000525,NOD000678,0.0,1.064236,0.628472,半挂牵引车,普货,0
VEH000088,NOD000678,0.0,1.25,1.0,半挂牵引车,普货,0
VEH000033,NOD000678,0.0,0.935764,0.371528,半挂牵引车,普货,1
VEH000095,NOD000678,0.0,1.126736,0.753472,半挂牵引车,普货,0
VEH000284,NOD000678,0.0,0.8506945,0.201389,半挂牵引车,危货,1
VEH000388,NOD000678,0.0,0.9288195,0.357639,半挂牵引车,危货,1
VEH000011,NOD000678,0.0,0.9930555,0.486111,半挂牵引车,普货,1
VEH000246,NOD000678,0.0,1.0,0.5,半挂牵引车,普货,1
VEH000513,NOD000678,0.0,0.9774305,0.454861,半挂牵引车,普货,1
VEH000065,NOD000678,0.0,1.001736,0.503472,半挂牵引车,普货,1
VEH000296,NOD000678,0.0,0.9947915,0.489583,半挂牵引车,普货,1
VEH000459,NOD000678,0.0,0.925347,0.350694,半挂牵引车,普货,1
VEH000314,NOD000678,0.0,0.9913195,0.482639,半挂牵引车,危货,1
VEH000379,NOD000678,0.0,0.8055555,0.111111,半挂牵引车,危货,1
VEH000079,NOD000678,0.0,0.9131945,0.326389,半挂牵引车,普货,1
VEH000367,NOD000678,0.0,0.9270835,0.354167,半挂牵引车,普货,1
VEH000289,NOD000678,0.0,0.859375,0.21875,半挂牵引车,危货,1
VEH000227,NOD000678,0.0,1.0711805,0.642361,半挂牵引车,普货,0
VEH000533,NOD000678,0.0,1.060764,0.621528,半挂牵引车,普货,0
VEH000262,NOD000678,0.0,0.798611,0.097222,半挂牵引车,危货,1
VEH000228,NOD000678,0.0,0.829861,0.159722,半挂牵引车,普货,1
VEH000317,NOD000678,0.0,0.9166665,0.333333,半挂牵引车,普货,1
VEH000336,NOD000678,0.0,0.7864585,0.072917,半挂牵引车,危货,1
VEH000527,NOD000678,0.0,1.1041665,0.708333,半挂牵引车,普货,0
VEH000059,NOD000678,0.0,1.019097,0.538194,半挂牵引车,普货,0
VEH000278,NOD000678,0.0,0.7586805,0.017361,半挂牵引车,危货,1
VEH000529,NOD000678,0.0,1.0086805,0.517361,半挂牵引车,普货,0
VEH000280,NOD000678,0.0,0.9114585,0.322917,半挂牵引车,普货,1
VEH000034,NOD000678,0.0,1.173611,0.847222,半挂牵引车,普货,0
VEH000506,NOD000678,0.0,0.8854165,0.270833,半挂牵引车,危货,1
VEH000431,NOD000678,0.0,0.8177085,0.135417,半挂牵引车,危货,1
VEH000312,NOD000678,0.0,1.1302085,0.760417,半挂牵引车,普货,0
VEH000230,NOD000678,0.0,1.140625,0.78125,半挂牵引车,普货,0
VEH000374,NOD000678,0.0,1.138889,0.777778,半挂牵引车,普货,0
VEH000089,NOD000678,0.0,0.8819445,0.263889,半挂牵引车,普货,1
VEH000306,NOD000678,0.0,1.081597,0.663194,半挂牵引车,普货,0
VEH000359,NOD000678,0.0,0.8645835,0.229167,半挂牵引车,危货,1
VEH000012,NOD000678,0.0,1.2274305,0.954861,半挂牵引车,普货,0
VEH000067,NOD000678,0.0,1.1475695,0.795139,半挂牵引车,普货,0
VEH000323,NOD000678,0.0,0.8680555,0.236111,半挂牵引车,危货,1
VEH000358,NOD000678,0.0,0.7552085,0.010417,半挂牵引车,危货,1
VEH000310,NOD000678,0.0,1.1024305,0.704861,半挂牵引车,普货,0
VEH000027,NOD000678,0.0,1.234375,0.96875,半挂牵引车,普货,0
VEH000440,NOD000678,0.0,1.045139,0.590278,半挂牵引车,普货,0
VEH000380,NOD000678,0.0,1.0381945,0.576389,半挂牵引车,普货,0
VEH000509,NOD000678,0.0,1.0868055,0.673611,半挂牵引车,普货,0
VEH000519,NOD000678,0.0,1.0364585,0.572917,半挂牵引车,普货,0
VEH000353,NOD000678,0.0,0.9322915,0.364583,半挂牵引车,普货,1
