vehicle_id,task_id,q_ki,compatibility_rule
VEH000365,TSK009797,1,recorded_hazard_class_match
VEH000365,TSK009800,1,recorded_hazard_class_match
VEH000365,TSK009803,1,recorded_hazard_class_match
VEH000365,TSK009810,1,recorded_hazard_class_match
VEH000365,TSK009813,1,recorded_hazard_class_match
VEH000365,TSK009834,0,recorded_hazard_class_match
VEH000365,TSK009837,1,recorded_hazard_class_match
VEH000365,TSK009843,1,recorded_hazard_class_match
VEH000365,TSK009846,1,recorded_hazard_class_match
VEH000365,TSK009848,1,recorded_hazard_class_match
VEH000365,TSK009850,1,recorded_hazard_class_match
VEH000365,TSK009851,1,recorded_hazard_class_match
VEH000365,TSK009855,1,recorded_hazard_class_match
VEH000365,TSK009856,0,recorded_hazard_class_match
VEH000365,TSK009861,0,recorded_hazard_class_match
VEH000365,TSK009868,1,recorded_hazard_class_match
VEH000365,TSK009875,1,recorded_hazard_class_match
VEH000365,TSK009876,1,recorded_hazard_class_match
VEH000365,TSK009880,1,recorded_hazard_class_match
VEH000365,TSK009887,1,recorded_hazard_class_match
VEH000365,TSK009894,0,recorded_hazard_class_match
VEH000365,TSK009896,1,recorded_hazard_class_match
VEH000365,TSK009902,1,recorded_hazard_class_match
VEH000365,TSK009920,1,recorded_hazard_class_match
VEH000365,TSK009926,1,recorded_hazard_class_match
VEH000365,TSK009930,1,recorded_hazard_class_match
VEH000365,TSK009934,1,recorded_hazard_class_match
VEH000365,TSK009937,1,recorded_hazard_class_match
VEH000365,TSK009963,0,recorded_hazard_class_match
VEH000365,TSK009966,1,recorded_hazard_class_match
VEH000365,TSK009968,1,recorded_hazard_class_match
VEH000365,TSK009977,1,recorded_hazard_class_match
VEH000365,TSK009986,1,recorded_hazard_class_match
VEH000365,TSK010003,1,recorded_hazard_class_match
VEH000365,TSK010009,1,recorded_hazard_class_match
VEH000365,TSK010014,1,recorded_hazard_class_match
VEH000365,TSK010017,1,recorded_hazard_class_match
VEH000365,TSK010023,1,recorded_hazard_class_match
VEH000365,TSK010029,0,recorded_hazard_class_match
VEH000365,TSK010036,1,recorded_hazard_class_match
VEH000365,TSK010039,1,recorded_hazard_class_match
VEH000365,TSK010044,1,recorded_hazard_class_match
VEH000365,TSK010047,1,recorded_hazard_class_match
VEH000365,TSK010056,0,recorded_hazard_class_match
VEH000365,TSK010058,1,recorded_hazard_class_match
VEH000365,TSK010074,1,recorded_hazard_class_match
VEH000365,TSK010077,1,recorded_hazard_class_match
VEH000365,TSK010084,1,recorded_hazard_class_match
VEH000365,TSK010112,1,recorded_hazard_class_match
VEH000365,TSK010117,1,recorded_hazard_class_match
VEH000365,TSK010134,1,recorded_hazard_class_match
VEH000365,TSK010154,1,recorded_hazard_class_match
VEH000365,TSK010163,1,recorded_hazard_class_match
VEH000365,TSK010169,1,recorded_hazard_class_match
VEH000365,TSK010187,1,recorded_hazard_class_match
VEH000365,TSK010194,1,recorded_hazard_class_match
VEH000365,TSK010205,1,recorded_hazard_class_match
VEH000365,TSK010225,1,recorded_hazard_class_match
VEH000365,TSK010246,1,recorded_hazard_class_match
VEH000365,TSK010250,1,recorded_hazard_class_match
VEH000519,TSK009797,1,recorded_hazard_class_match
VEH000519,TSK009800,1,recorded_hazard_class_match
VEH000519,TSK009803,1,recorded_hazard_class_match
VEH000519,TSK009810,1,recorded_hazard_class_match
VEH000519,TSK009813,1,recorded_hazard_class_match
VEH000519,TSK009834,0,recorded_hazard_class_match
VEH000519,TSK009837,1,recorded_hazard_class_match
VEH000519,TSK009843,1,recorded_hazard_class_match
VEH000519,TSK009846,1,recorded_hazard_class_match
VEH000519,TSK009848,1,recorded_hazard_class_match
VEH000519,TSK009850,1,recorded_hazard_class_match
VEH000519,TSK009851,1,recorded_hazard_class_match
VEH000519,TSK009855,1,recorded_hazard_class_match
VEH000519,TSK009856,0,recorded_hazard_class_match
VEH000519,TSK009861,0,recorded_hazard_class_match
VEH000519,TSK009868,1,recorded_hazard_class_match
VEH000519,TSK009875,1,recorded_hazard_class_match
VEH000519,TSK009876,1,recorded_hazard_class_match
VEH000519,TSK009880,1,recorded_hazard_class_match
VEH000519,TSK009887,1,recorded_hazard_class_match
VEH000519,TSK009894,0,recorded_hazard_class_match
VEH000519,TSK009896,1,recorded_hazard_class_match
VEH000519,TSK009902,1,recorded_hazard_class_match
VEH000519,TSK009920,1,recorded_hazard_class_match
VEH000519,TSK009926,1,recorded_hazard_class_match
VEH000519,TSK009930,1,recorded_hazard_class_match
VEH000519,TSK009934,1,recorded_hazard_class_match
VEH000519,TSK009937,1,recorded_hazard_class_match
VEH000519,TSK009963,0,recorded_hazard_class_match
VEH000519,TSK009966,1,recorded_hazard_class_match
VEH000519,TSK009968,1,recorded_hazard_class_match
VEH000519,TSK009977,1,recorded_hazard_class_match
VEH000519,TSK009986,1,recorded_hazard_class_match
VEH000519,TSK010003,1,recorded_hazard_class_match
VEH000519,TSK010009,1,recorded_hazard_class_match
VEH000519,TSK010014,1,recorded_hazard_class_match
VEH000519,TSK010017,1,recorded_hazard_class_match
VEH000519,TSK010023,1,recorded_hazard_class_match
VEH000519,TSK010029,0,recorded_hazard_class_match
VEH000519,TSK010036,1,recorded_hazard_class_match
VEH000519,TSK010039,1,recorded_hazard_class_match
VEH000519,TSK010044,1,recorded_hazard_class_match
VEH000519,TSK010047,1,recorded_hazard_class_match
VEH000519,TSK010056,0,recorded_hazard_class_match
VEH000519,TSK010058,1,recorded_hazard_class_match
VEH000519,TSK010074,1,recorded_hazard_class_match
VEH000519,TSK010077,1,recorded_hazard_class_match
VEH000519,TSK010084,1,recorded_hazard_class_match
VEH000519,TSK010112,1,recorded_hazard_class_match
VEH000519,TSK010117,1,recorded_hazard_class_match
VEH000519,TSK010134,1,recorded_hazard_class_match
VEH000519,TSK010154,1,recorded_hazard_class_match
VEH000519,TSK010163,1,recorded_hazard_class_match
VEH000519,TSK010169,1,recorded_hazard_class_match
VEH000519,TSK010187,1,recorded_hazard_class_match
VEH000519,TSK010194,1,recorded_hazard_class_match
VEH000519,TSK010205,1,recorded_hazard_class_match
VEH000519,TSK010225,1,recorded_hazard_class_match
VEH000519,TSK010246,1,recorded_hazard_class_match
VEH000519,TSK010250,1,recorded_hazard_class_match
VEH000066,TSK009797,1,recorded_hazard_class_match
VEH000066,TSK009800,1,recorded_hazard_class_match
VEH000066,TSK009803,1,recorded_hazard_class_match
VEH000066,TSK009810,1,recorded_hazard_class_match
VEH000066,TSK009813,1,recorded_hazard_class_match
VEH000066,TSK009834,0,recorded_hazard_class_match
VEH000066,TSK009837,1,recorded_hazard_class_match
VEH000066,TSK009843,1,recorded_hazard_class_match
VEH000066,TSK009846,1,recorded_hazard_class_match
VEH000066,TSK009848,1,recorded_hazard_class_match
VEH000066,TSK009850,1,recorded_hazard_class_match
VEH000066,TSK009851,1,recorded_hazard_class_match
VEH000066,TSK009855,1,recorded_hazard_class_match
VEH000066,TSK009856,0,recorded_hazard_class_match
VEH000066,TSK009861,0,recorded_hazard_class_match
VEH000066,TSK009868,1,recorded_hazard_class_match
VEH000066,TSK009875,1,recorded_hazard_class_match
VEH000066,TSK009876,1,recorded_hazard_class_match
VEH000066,TSK009880,1,recorded_hazard_class_match
VEH000066,TSK009887,1,recorded_hazard_class_match
VEH000066,TSK009894,0,recorded_hazard_class_match
VEH000066,TSK009896,1,recorded_hazard_class_match
VEH000066,TSK009902,1,recorded_hazard_class_match
VEH000066,TSK009920,1,recorded_hazard_class_match
VEH000066,TSK009926,1,recorded_hazard_class_match
VEH000066,TSK009930,1,recorded_hazard_class_match
VEH000066,TSK009934,1,recorded_hazard_class_match
VEH000066,TSK009937,1,recorded_hazard_class_match
VEH000066,TSK009963,0,recorded_hazard_class_match
VEH000066,TSK009966,1,recorded_hazard_class_match
VEH000066,TSK009968,1,recorded_hazard_class_match
VEH000066,TSK009977,1,recorded_hazard_class_match
VEH000066,TSK009986,1,recorded_hazard_class_match
VEH000066,TSK010003,1,recorded_hazard_class_match
VEH000066,TSK010009,1,recorded_hazard_class_match
VEH000066,TSK010014,1,recorded_hazard_class_match
VEH000066,TSK010017,1,recorded_hazard_class_match
VEH000066,TSK010023,1,recorded_hazard_class_match
VEH000066,TSK010029,0,recorded_hazard_class_match
VEH000066,TSK010036,1,recorded_hazard_class_match
VEH000066,TSK010039,1,recorded_hazard_class_match
VEH000066,TSK010044,1,recorded_hazard_class_match
VEH000066,TSK010047,1,recorded_hazard_class_match
VEH000066,TSK010056,0,recorded_hazard_class_match
VEH000066,TSK010058,1,recorded_hazard_class_match
VEH000066,TSK010074,1,recorded_hazard_class_match
VEH000066,TSK010077,1,recorded_hazard_class_match
VEH000066,TSK010084,1,recorded_hazard_class_match
VEH000066,TSK010112,1,recorded_hazard_class_match
VEH000066,TSK010117,1,recorded_hazard_class_match
VEH000066,TSK010134,1,recorded_hazard_class_match
VEH000066,TSK010154,1,recorded_hazard_class_match
VEH000066,TSK010163,1,recorded_hazard_class_match
VEH000066,TSK010169,1,recorded_hazard_class_match
VEH000066,TSK010187,1,recorded_hazard_class_match
VEH000066,TSK010194,1,recorded_hazard_class_match
VEH000066,TSK010205,1,recorded_hazard_class_match
VEH000066,TSK010225,1,recorded_hazard_class_match
VEH000066,TSK010246,1,recorded_hazard_class_match
VEH000066,TSK010250,1,recorded_hazard_class_match
VEH000261,TSK009797,0,recorded_hazard_class_match
VEH000261,TSK009800,0,recorded_hazard_class_match
VEH000261,TSK009803,0,recorded_hazard_class_match
VEH000261,TSK009810,0,recorded_hazard_class_match
VEH000261,TSK009813,0,recorded_hazard_class_match
VEH000261,TSK009834,1,recorded_hazard_class_match
VEH000261,TSK009837,0,recorded_hazard_class_match
VEH000261,TSK009843,0,recorded_hazard_class_match
VEH000261,TSK009846,0,recorded_hazard_class_match
VEH000261,TSK009848,0,recorded_hazard_class_match
VEH000261,TSK009850,0,recorded_hazard_class_match
VEH000261,TSK009851,0,recorded_hazard_class_match
VEH000261,TSK009855,0,recorded_hazard_class_match
VEH000261,TSK009856,1,recorded_hazard_class_match
VEH000261,TSK009861,1,recorded_hazard_class_match
VEH000261,TSK009868,0,recorded_hazard_class_match
VEH000261,TSK009875,0,recorded_hazard_class_match
VEH000261,TSK009876,0,recorded_hazard_class_match
VEH000261,TSK009880,0,recorded_hazard_class_match
VEH000261,TSK009887,0,recorded_hazard_class_match
VEH000261,TSK009894,1,recorded_hazard_class_match
VEH000261,TSK009896,0,recorded_hazard_class_match
VEH000261,TSK009902,0,recorded_hazard_class_match
VEH000261,TSK009920,0,recorded_hazard_class_match
VEH000261,TSK009926,0,recorded_hazard_class_match
VEH000261,TSK009930,0,recorded_hazard_class_match
VEH000261,TSK009934,0,recorded_hazard_class_match
VEH000261,TSK009937,0,recorded_hazard_class_match
VEH000261,TSK009963,1,recorded_hazard_class_match
VEH000261,TSK009966,0,recorded_hazard_class_match
VEH000261,TSK009968,0,recorded_hazard_class_match
VEH000261,TSK009977,0,recorded_hazard_class_match
VEH000261,TSK009986,0,recorded_hazard_class_match
VEH000261,TSK010003,0,recorded_hazard_class_match
VEH000261,TSK010009,0,recorded_hazard_class_match
VEH000261,TSK010014,0,recorded_hazard_class_match
VEH000261,TSK010017,0,recorded_hazard_class_match
VEH000261,TSK010023,0,recorded_hazard_class_match
VEH000261,TSK010029,1,recorded_hazard_class_match
VEH000261,TSK010036,0,recorded_hazard_class_match
VEH000261,TSK010039,0,recorded_hazard_class_match
VEH000261,TSK010044,0,recorded_hazard_class_match
VEH000261,TSK010047,0,recorded_hazard_class_match
VEH000261,TSK010056,1,recorded_hazard_class_match
VEH000261,TSK010058,0,recorded_hazard_class_match
VEH000261,TSK010074,0,recorded_hazard_class_match
VEH000261,TSK010077,0,recorded_hazard_class_match
VEH000261,TSK010084,0,recorded_hazard_class_match
VEH000261,TSK010112,0,recorded_hazard_class_match
VEH000261,TSK010117,0,recorded_hazard_class_match
VEH000261,TSK010134,0,recorded_hazard_class_match
VEH000261,TSK010154,0,recorded_hazard_class_match
VEH000261,TSK010163,0,recorded_hazard_class_match
VEH000261,TSK010169,0,recorded_hazard_class_match
VEH000261,TSK010187,0,recorded_hazard_class_match
VEH000261,TSK010194,0,recorded_hazard_class_match
VEH000261,TSK010205,0,recorded_hazard_class_match
VEH000261,TSK010225,0,recorded_hazard_class_match
VEH000261,TSK010246,0,recorded_hazard_class_match
VEH000261,TSK010250,0,recorded_hazard_class_match
VEH000089,TSK009797,1,recorded_hazard_class_match
VEH000089,TSK009800,1,recorded_hazard_class_match
VEH000089,TSK009803,1,recorded_hazard_class_match
VEH000089,TSK009810,1,recorded_hazard_class_match
VEH000089,TSK009813,1,recorded_hazard_class_match
VEH000089,TSK009834,0,recorded_hazard_class_match
VEH000089,TSK009837,1,recorded_hazard_class_match
VEH000089,TSK009843,1,recorded_hazard_class_match
VEH000089,TSK009846,1,recorded_hazard_class_match
VEH000089,TSK009848,1,recorded_hazard_class_match
VEH000089,TSK009850,1,recorded_hazard_class_match
VEH000089,TSK009851,1,recorded_hazard_class_match
VEH000089,TSK009855,1,recorded_hazard_class_match
VEH000089,TSK009856,0,recorded_hazard_class_match
VEH000089,TSK009861,0,recorded_hazard_class_match
VEH000089,TSK009868,1,recorded_hazard_class_match
VEH000089,TSK009875,1,recorded_hazard_class_match
VEH000089,TSK009876,1,recorded_hazard_class_match
VEH000089,TSK009880,1,recorded_hazard_class_match
VEH000089,TSK009887,1,recorded_hazard_class_match
VEH000089,TSK009894,0,recorded_hazard_class_match
VEH000089,TSK009896,1,recorded_hazard_class_match
VEH000089,TSK009902,1,recorded_hazard_class_match
VEH000089,TSK009920,1,recorded_hazard_class_match
VEH000089,TSK009926,1,recorded_hazard_class_match
VEH000089,TSK009930,1,recorded_hazard_class_match
VEH000089,TSK009934,1,recorded_hazard_class_match
VEH000089,TSK009937,1,recorded_hazard_class_match
VEH000089,TSK009963,0,recorded_hazard_class_match
VEH000089,TSK009966,1,recorded_hazard_class_match
VEH000089,TSK009968,1,recorded_hazard_class_match
VEH000089,TSK009977,1,recorded_hazard_class_match
VEH000089,TSK009986,1,recorded_hazard_class_match
VEH000089,TSK010003,1,recorded_hazard_class_match
VEH000089,TSK010009,1,recorded_hazard_class_match
VEH000089,TSK010014,1,recorded_hazard_class_match
VEH000089,TSK010017,1,recorded_hazard_class_match
VEH000089,TSK010023,1,recorded_hazard_class_match
VEH000089,TSK010029,0,recorded_hazard_class_match
VEH000089,TSK010036,1,recorded_hazard_class_match
VEH000089,TSK010039,1,recorded_hazard_class_match
VEH000089,TSK010044,1,recorded_hazard_class_match
VEH000089,TSK010047,1,recorded_hazard_class_match
VEH000089,TSK010056,0,recorded_hazard_class_match
VEH000089,TSK010058,1,recorded_hazard_class_match
VEH000089,TSK010074,1,recorded_hazard_class_match
VEH000089,TSK010077,1,recorded_hazard_class_match
VEH000089,TSK010084,1,recorded_hazard_class_match
VEH000089,TSK010112,1,recorded_hazard_class_match
VEH000089,TSK010117,1,recorded_hazard_class_match
VEH000089,TSK010134,1,recorded_hazard_class_match
VEH000089,TSK010154,1,recorded_hazard_class_match
VEH000089,TSK010163,1,recorded_hazard_class_match
VEH000089,TSK010169,1,recorded_hazard_class_match
VEH000089,TSK010187,1,recorded_hazard_class_match
VEH000089,TSK010194,1,recorded_hazard_class_match
VEH000089,TSK010205,1,recorded_hazard_class_match
VEH000089,TSK010225,1,recorded_hazard_class_match
VEH000089,TSK010246,1,recorded_hazard_class_match
VEH000089,TSK010250,1,recorded_hazard_class_match
VEH000446,TSK009797,1,recorded_hazard_class_match
VEH000446,TSK009800,1,recorded_hazard_class_match
VEH000446,TSK009803,1,recorded_hazard_class_match
VEH000446,TSK009810,1,recorded_hazard_class_match
VEH000446,TSK009813,1,recorded_hazard_class_match
VEH000446,TSK009834,0,recorded_hazard_class_match
VEH000446,TSK009837,1,recorded_hazard_class_match
VEH000446,TSK009843,1,recorded_hazard_class_match
VEH000446,TSK009846,1,recorded_hazard_class_match
VEH000446,TSK009848,1,recorded_hazard_class_match
VEH000446,TSK009850,1,recorded_hazard_class_match
VEH000446,TSK009851,1,recorded_hazard_class_match
VEH000446,TSK009855,1,recorded_hazard_class_match
VEH000446,TSK009856,0,recorded_hazard_class_match
VEH000446,TSK009861,0,recorded_hazard_class_match
VEH000446,TSK009868,1,recorded_hazard_class_match
VEH000446,TSK009875,1,recorded_hazard_class_match
VEH000446,TSK009876,1,recorded_hazard_class_match
VEH000446,TSK009880,1,recorded_hazard_class_match
VEH000446,TSK009887,1,recorded_hazard_class_match
VEH000446,TSK009894,0,recorded_hazard_class_match
VEH000446,TSK009896,1,recorded_hazard_class_match
VEH000446,TSK009902,1,recorded_hazard_class_match
VEH000446,TSK009920,1,recorded_hazard_class_match
VEH000446,TSK009926,1,recorded_hazard_class_match
VEH000446,TSK009930,1,recorded_hazard_class_match
VEH000446,TSK009934,1,recorded_hazard_class_match
VEH000446,TSK009937,1,recorded_hazard_class_match
VEH000446,TSK009963,0,recorded_hazard_class_match
VEH000446,TSK009966,1,recorded_hazard_class_match
VEH000446,TSK009968,1,recorded_hazard_class_match
VEH000446,TSK009977,1,recorded_hazard_class_match
VEH000446,TSK009986,1,recorded_hazard_class_match
VEH000446,TSK010003,1,recorded_hazard_class_match
VEH000446,TSK010009,1,recorded_hazard_class_match
VEH000446,TSK010014,1,recorded_hazard_class_match
VEH000446,TSK010017,1,recorded_hazard_class_match
VEH000446,TSK010023,1,recorded_hazard_class_match
VEH000446,TSK010029,0,recorded_hazard_class_match
VEH000446,TSK010036,1,recorded_hazard_class_match
VEH000446,TSK010039,1,recorded_hazard_class_match
VEH000446,TSK010044,1,recorded_hazard_class_match
VEH000446,TSK010047,1,recorded_hazard_class_match
VEH000446,TSK010056,0,recorded_hazard_class_match
VEH000446,TSK010058,1,recorded_hazard_class_match
VEH000446,TSK010074,1,recorded_hazard_class_match
VEH000446,TSK010077,1,recorded_hazard_class_match
VEH000446,TSK010084,1,recorded_hazard_class_match
VEH000446,TSK010112,1,recorded_hazard_class_match
VEH000446,TSK010117,1,recorded_hazard_class_match
VEH000446,TSK010134,1,recorded_hazard_class_match
VEH000446,TSK010154,1,recorded_hazard_class_match
VEH000446,TSK010163,1,recorded_hazard_class_match
VEH000446,TSK010169,1,recorded_hazard_class_match
VEH000446,TSK010187,1,recorded_hazard_class_match
VEH000446,TSK010194,1,recorded_hazard_class_match
VEH000446,TSK010205,1,recorded_hazard_class_match
VEH000446,TSK010225,1,recorded_hazard_class_match
VEH000446,TSK010246,1,recorded_hazard_class_match
VEH000446,TSK010250,1,recorded_hazard_class_match
VEH000517,TSK009797,1,recorded_hazard_class_match
VEH000517,TSK009800,1,recorded_hazard_class_match
VEH000517,TSK009803,1,recorded_hazard_class_match
VEH000517,TSK009810,1,recorded_hazard_class_match
VEH000517,TSK009813,1,recorded_hazard_class_match
VEH000517,TSK009834,0,recorded_hazard_class_match
VEH000517,TSK009837,1,recorded_hazard_class_match
VEH000517,TSK009843,1,recorded_hazard_class_match
VEH000517,TSK009846,1,recorded_hazard_class_match
VEH000517,TSK009848,1,recorded_hazard_class_match
VEH000517,TSK009850,1,recorded_hazard_class_match
VEH000517,TSK009851,1,recorded_hazard_class_match
VEH000517,TSK009855,1,recorded_hazard_class_match
VEH000517,TSK009856,0,recorded_hazard_class_match
VEH000517,TSK009861,0,recorded_hazard_class_match
VEH000517,TSK009868,1,recorded_hazard_class_match
VEH000517,TSK009875,1,recorded_hazard_class_match
VEH000517,TSK009876,1,recorded_hazard_class_match
VEH000517,TSK009880,1,recorded_hazard_class_match
VEH000517,TSK009887,1,recorded_hazard_class_match
VEH000517,TSK009894,0,recorded_hazard_class_match
VEH000517,TSK009896,1,recorded_hazard_class_match
VEH000517,TSK009902,1,recorded_hazard_class_match
VEH000517,TSK009920,1,recorded_hazard_class_match
VEH000517,TSK009926,1,recorded_hazard_class_match
VEH000517,TSK009930,1,recorded_hazard_class_match
VEH000517,TSK009934,1,recorded_hazard_class_match
VEH000517,TSK009937,1,recorded_hazard_class_match
VEH000517,TSK009963,0,recorded_hazard_class_match
VEH000517,TSK009966,1,recorded_hazard_class_match
VEH000517,TSK009968,1,recorded_hazard_class_match
VEH000517,TSK009977,1,recorded_hazard_class_match
VEH000517,TSK009986,1,recorded_hazard_class_match
VEH000517,TSK010003,1,recorded_hazard_class_match
VEH000517,TSK010009,1,recorded_hazard_class_match
VEH000517,TSK010014,1,recorded_hazard_class_match
VEH000517,TSK010017,1,recorded_hazard_class_match
VEH000517,TSK010023,1,recorded_hazard_class_match
VEH000517,TSK010029,0,recorded_hazard_class_match
VEH000517,TSK010036,1,recorded_hazard_class_match
VEH000517,TSK010039,1,recorded_hazard_class_match
VEH000517,TSK010044,1,recorded_hazard_class_match
VEH000517,TSK010047,1,recorded_hazard_class_match
VEH000517,TSK010056,0,recorded_hazard_class_match
VEH000517,TSK010058,1,recorded_hazard_class_match
VEH000517,TSK010074,1,recorded_hazard_class_match
VEH000517,TSK010077,1,recorded_hazard_class_match
VEH000517,TSK010084,1,recorded_hazard_class_match
VEH000517,TSK010112,1,recorded_hazard_class_match
VEH000517,TSK010117,1,recorded_hazard_class_match
VEH000517,TSK010134,1,recorded_hazard_class_match
VEH000517,TSK010154,1,recorded_hazard_class_match
VEH000517,TSK010163,1,recorded_hazard_class_match
VEH000517,TSK010169,1,recorded_hazard_class_match
VEH000517,TSK010187,1,recorded_hazard_class_match
VEH000517,TSK010194,1,recorded_hazard_class_match
VEH000517,TSK010205,1,recorded_hazard_class_match
VEH000517,TSK010225,1,recorded_hazard_class_match
VEH000517,TSK010246,1,recorded_hazard_class_match
VEH000517,TSK010250,1,recorded_hazard_class_match
VEH000504,TSK009797,1,recorded_hazard_class_match
VEH000504,TSK009800,1,recorded_hazard_class_match
VEH000504,TSK009803,1,recorded_hazard_class_match
VEH000504,TSK009810,1,recorded_hazard_class_match
VEH000504,TSK009813,1,recorded_hazard_class_match
VEH000504,TSK009834,0,recorded_hazard_class_match
VEH000504,TSK009837,1,recorded_hazard_class_match
VEH000504,TSK009843,1,recorded_hazard_class_match
VEH000504,TSK009846,1,recorded_hazard_class_match
VEH000504,TSK009848,1,recorded_hazard_class_match
VEH000504,TSK009850,1,recorded_hazard_class_match
VEH000504,TSK009851,1,recorded_hazard_class_match
VEH000504,TSK009855,1,recorded_hazard_class_match
VEH000504,TSK009856,0,recorded_hazard_class_match
VEH000504,TSK009861,0,recorded_hazard_class_match
VEH000504,TSK009868,1,recorded_hazard_class_match
VEH000504,TSK009875,1,recorded_hazard_class_match
VEH000504,TSK009876,1,recorded_hazard_class_match
VEH000504,TSK009880,1,recorded_hazard_class_match
VEH000504,TSK009887,1,recorded_hazard_class_match
VEH000504,TSK009894,0,recorded_hazard_class_match
VEH000504,TSK009896,1,recorded_hazard_class_match
VEH000504,TSK009902,1,recorded_hazard_class_match
VEH000504,TSK009920,1,recorded_hazard_class_match
VEH000504,TSK009926,1,recorded_hazard_class_match
VEH000504,TSK009930,1,recorded_hazard_class_match
VEH000504,TSK009934,1,recorded_hazard_class_match
VEH000504,TSK009937,1,recorded_hazard_class_match
VEH000504,TSK009963,0,recorded_hazard_class_match
VEH000504,TSK009966,1,recorded_hazard_class_match
VEH000504,TSK009968,1,recorded_hazard_class_match
VEH000504,TSK009977,1,recorded_hazard_class_match
VEH000504,TSK009986,1,recorded_hazard_class_match
VEH000504,TSK010003,1,recorded_hazard_class_match
VEH000504,TSK010009,1,recorded_hazard_class_match
VEH000504,TSK010014,1,recorded_hazard_class_match
VEH000504,TSK010017,1,recorded_hazard_class_match
VEH000504,TSK010023,1,recorded_hazard_class_match
VEH000504,TSK010029,0,recorded_hazard_class_match
VEH000504,TSK010036,1,recorded_hazard_class_match
VEH000504,TSK010039,1,recorded_hazard_class_match
VEH000504,TSK010044,1,recorded_hazard_class_match
VEH000504,TSK010047,1,recorded_hazard_class_match
VEH000504,TSK010056,0,recorded_hazard_class_match
VEH000504,TSK010058,1,recorded_hazard_class_match
VEH000504,TSK010074,1,recorded_hazard_class_match
VEH000504,TSK010077,1,recorded_hazard_class_match
VEH000504,TSK010084,1,recorded_hazard_class_match
VEH000504,TSK010112,1,recorded_hazard_class_match
VEH000504,TSK010117,1,recorded_hazard_class_match
VEH000504,TSK010134,1,recorded_hazard_class_match
VEH000504,TSK010154,1,recorded_hazard_class_match
VEH000504,TSK010163,1,recorded_hazard_class_match
VEH000504,TSK010169,1,recorded_hazard_class_match
VEH000504,TSK010187,1,recorded_hazard_class_match
VEH000504,TSK010194,1,recorded_hazard_class_match
VEH000504,TSK010205,1,recorded_hazard_class_match
VEH000504,TSK010225,1,recorded_hazard_class_match
VEH000504,TSK010246,1,recorded_hazard_class_match
VEH000504,TSK010250,1,recorded_hazard_class_match
VEH000341,TSK009797,1,recorded_hazard_class_match
VEH000341,TSK009800,1,recorded_hazard_class_match
VEH000341,TSK009803,1,recorded_hazard_class_match
VEH000341,TSK009810,1,recorded_hazard_class_match
VEH000341,TSK009813,1,recorded_hazard_class_match
VEH000341,TSK009834,0,recorded_hazard_class_match
VEH000341,TSK009837,1,recorded_hazard_class_match
VEH000341,TSK009843,1,recorded_hazard_class_match
VEH000341,TSK009846,1,recorded_hazard_class_match
VEH000341,TSK009848,1,recorded_hazard_class_match
VEH000341,TSK009850,1,recorded_hazard_class_match
VEH000341,TSK009851,1,recorded_hazard_class_match
VEH000341,TSK009855,1,recorded_hazard_class_match
VEH000341,TSK009856,0,recorded_hazard_class_match
VEH000341,TSK009861,0,recorded_hazard_class_match
VEH000341,TSK009868,1,recorded_hazard_class_match
VEH000341,TSK009875,1,recorded_hazard_class_match
VEH000341,TSK009876,1,recorded_hazard_class_match
VEH000341,TSK009880,1,recorded_hazard_class_match
VEH000341,TSK009887,1,recorded_hazard_class_match
VEH000341,TSK009894,0,recorded_hazard_class_match
VEH000341,TSK009896,1,recorded_hazard_class_match
VEH000341,TSK009902,1,recorded_hazard_class_match
VEH000341,TSK009920,1,recorded_hazard_class_match
VEH000341,TSK009926,1,recorded_hazard_class_match
VEH000341,TSK009930,1,recorded_hazard_class_match
VEH000341,TSK009934,1,recorded_hazard_class_match
VEH000341,TSK009937,1,recorded_hazard_class_match
VEH000341,TSK009963,0,recorded_hazard_class_match
VEH000341,TSK009966,1,recorded_hazard_class_match
VEH000341,TSK009968,1,recorded_hazard_class_match
VEH000341,TSK009977,1,recorded_hazard_class_match
VEH000341,TSK009986,1,recorded_hazard_class_match
VEH000341,TSK010003,1,recorded_hazard_class_match
VEH000341,TSK010009,1,recorded_hazard_class_match
VEH000341,TSK010014,1,recorded_hazard_class_match
VEH000341,TSK010017,1,recorded_hazard_class_match
VEH000341,TSK010023,1,recorded_hazard_class_match
VEH000341,TSK010029,0,recorded_hazard_class_match
VEH000341,TSK010036,1,recorded_hazard_class_match
VEH000341,TSK010039,1,recorded_hazard_class_match
VEH000341,TSK010044,1,recorded_hazard_class_match
VEH000341,TSK010047,1,recorded_hazard_class_match
VEH000341,TSK010056,0,recorded_hazard_class_match
VEH000341,TSK010058,1,recorded_hazard_class_match
VEH000341,TSK010074,1,recorded_hazard_class_match
VEH000341,TSK010077,1,recorded_hazard_class_match
VEH000341,TSK010084,1,recorded_hazard_class_match
VEH000341,TSK010112,1,recorded_hazard_class_match
VEH000341,TSK010117,1,recorded_hazard_class_match
VEH000341,TSK010134,1,recorded_hazard_class_match
VEH000341,TSK010154,1,recorded_hazard_class_match
VEH000341,TSK010163,1,recorded_hazard_class_match
VEH000341,TSK010169,1,recorded_hazard_class_match
VEH000341,TSK010187,1,recorded_hazard_class_match
VEH000341,TSK010194,1,recorded_hazard_class_match
VEH000341,TSK010205,1,recorded_hazard_class_match
VEH000341,TSK010225,1,recorded_hazard_class_match
VEH000341,TSK010246,1,recorded_hazard_class_match
VEH000341,TSK010250,1,recorded_hazard_class_match
VEH000062,TSK009797,1,recorded_hazard_class_match
VEH000062,TSK009800,1,recorded_hazard_class_match
VEH000062,TSK009803,1,recorded_hazard_class_match
VEH000062,TSK009810,1,recorded_hazard_class_match
VEH000062,TSK009813,1,recorded_hazard_class_match
VEH000062,TSK009834,0,recorded_hazard_class_match
VEH000062,TSK009837,1,recorded_hazard_class_match
VEH000062,TSK009843,1,recorded_hazard_class_match
VEH000062,TSK009846,1,recorded_hazard_class_match
VEH000062,TSK009848,1,recorded_hazard_class_match
VEH000062,TSK009850,1,recorded_hazard_class_match
VEH000062,TSK009851,1,recorded_hazard_class_match
VEH000062,TSK009855,1,recorded_hazard_class_match
VEH000062,TSK009856,0,recorded_hazard_class_match
VEH000062,TSK009861,0,recorded_hazard_class_match
VEH000062,TSK009868,1,recorded_hazard_class_match
VEH000062,TSK009875,1,recorded_hazard_class_match
VEH000062,TSK009876,1,recorded_hazard_class_match
VEH000062,TSK009880,1,recorded_hazard_class_match
VEH000062,TSK009887,1,recorded_hazard_class_match
VEH000062,TSK009894,0,recorded_hazard_class_match
VEH000062,TSK009896,1,recorded_hazard_class_match
VEH000062,TSK009902,1,recorded_hazard_class_match
VEH000062,TSK009920,1,recorded_hazard_class_match
VEH000062,TSK009926,1,recorded_hazard_class_match
VEH000062,TSK009930,1,recorded_hazard_class_match
VEH000062,TSK009934,1,recorded_hazard_class_match
VEH000062,TSK009937,1,recorded_hazard_class_match
VEH000062,TSK009963,0,recorded_hazard_class_match
VEH000062,TSK009966,1,recorded_hazard_class_match
VEH000062,TSK009968,1,recorded_hazard_class_match
VEH000062,TSK009977,1,recorded_hazard_class_match
VEH000062,TSK009986,1,recorded_hazard_class_match
VEH000062,TSK010003,1,recorded_hazard_class_match
VEH000062,TSK010009,1,recorded_hazard_class_match
VEH000062,TSK010014,1,recorded_hazard_class_match
VEH000062,TSK010017,1,recorded_hazard_class_match
VEH000062,TSK010023,1,recorded_hazard_class_match
VEH000062,TSK010029,0,recorded_hazard_class_match
VEH000062,TSK010036,1,recorded_hazard_class_match
VEH000062,TSK010039,1,recorded_hazard_class_match
VEH000062,TSK010044,1,recorded_hazard_class_match
VEH000062,TSK010047,1,recorded_hazard_class_match
VEH000062,TSK010056,0,recorded_hazard_class_match
VEH000062,TSK010058,1,recorded_hazard_class_match
VEH000062,TSK010074,1,recorded_hazard_class_match
VEH000062,TSK010077,1,recorded_hazard_class_match
VEH000062,TSK010084,1,recorded_hazard_class_match
VEH000062,TSK010112,1,recorded_hazard_class_match
VEH000062,TSK010117,1,recorded_hazard_class_match
VEH000062,TSK010134,1,recorded_hazard_class_match
VEH000062,TSK010154,1,recorded_hazard_class_match
VEH000062,TSK010163,1,recorded_hazard_class_match
VEH000062,TSK010169,1,recorded_hazard_class_match
VEH000062,TSK010187,1,recorded_hazard_class_match
VEH000062,TSK010194,1,recorded_hazard_class_match
VEH000062,TSK010205,1,recorded_hazard_class_match
VEH000062,TSK010225,1,recorded_hazard_class_match
VEH000062,TSK010246,1,recorded_hazard_class_match
VEH000062,TSK010250,1,recorded_hazard_class_match
VEH000484,TSK009797,1,recorded_hazard_class_match
VEH000484,TSK009800,1,recorded_hazard_class_match
VEH000484,TSK009803,1,recorded_hazard_class_match
VEH000484,TSK009810,1,recorded_hazard_class_match
VEH000484,TSK009813,1,recorded_hazard_class_match
VEH000484,TSK009834,0,recorded_hazard_class_match
VEH000484,TSK009837,1,recorded_hazard_class_match
VEH000484,TSK009843,1,recorded_hazard_class_match
VEH000484,TSK009846,1,recorded_hazard_class_match
VEH000484,TSK009848,1,recorded_hazard_class_match
VEH000484,TSK009850,1,recorded_hazard_class_match
VEH000484,TSK009851,1,recorded_hazard_class_match
VEH000484,TSK009855,1,recorded_hazard_class_match
VEH000484,TSK009856,0,recorded_hazard_class_match
VEH000484,TSK009861,0,recorded_hazard_class_match
VEH000484,TSK009868,1,recorded_hazard_class_match
VEH000484,TSK009875,1,recorded_hazard_class_match
VEH000484,TSK009876,1,recorded_hazard_class_match
VEH000484,TSK009880,1,recorded_hazard_class_match
VEH000484,TSK009887,1,recorded_hazard_class_match
VEH000484,TSK009894,0,recorded_hazard_class_match
VEH000484,TSK009896,1,recorded_hazard_class_match
VEH000484,TSK009902,1,recorded_hazard_class_match
VEH000484,TSK009920,1,recorded_hazard_class_match
VEH000484,TSK009926,1,recorded_hazard_class_match
VEH000484,TSK009930,1,recorded_hazard_class_match
VEH000484,TSK009934,1,recorded_hazard_class_match
VEH000484,TSK009937,1,recorded_hazard_class_match
VEH000484,TSK009963,0,recorded_hazard_class_match
VEH000484,TSK009966,1,recorded_hazard_class_match
VEH000484,TSK009968,1,recorded_hazard_class_match
VEH000484,TSK009977,1,recorded_hazard_class_match
VEH000484,TSK009986,1,recorded_hazard_class_match
VEH000484,TSK010003,1,recorded_hazard_class_match
VEH000484,TSK010009,1,recorded_hazard_class_match
VEH000484,TSK010014,1,recorded_hazard_class_match
VEH000484,TSK010017,1,recorded_hazard_class_match
VEH000484,TSK010023,1,recorded_hazard_class_match
VEH000484,TSK010029,0,recorded_hazard_class_match
VEH000484,TSK010036,1,recorded_hazard_class_match
VEH000484,TSK010039,1,recorded_hazard_class_match
VEH000484,TSK010044,1,recorded_hazard_class_match
VEH000484,TSK010047,1,recorded_hazard_class_match
VEH000484,TSK010056,0,recorded_hazard_class_match
VEH000484,TSK010058,1,recorded_hazard_class_match
VEH000484,TSK010074,1,recorded_hazard_class_match
VEH000484,TSK010077,1,recorded_hazard_class_match
VEH000484,TSK010084,1,recorded_hazard_class_match
VEH000484,TSK010112,1,recorded_hazard_class_match
VEH000484,TSK010117,1,recorded_hazard_class_match
VEH000484,TSK010134,1,recorded_hazard_class_match
VEH000484,TSK010154,1,recorded_hazard_class_match
VEH000484,TSK010163,1,recorded_hazard_class_match
VEH000484,TSK010169,1,recorded_hazard_class_match
VEH000484,TSK010187,1,recorded_hazard_class_match
VEH000484,TSK010194,1,recorded_hazard_class_match
VEH000484,TSK010205,1,recorded_hazard_class_match
VEH000484,TSK010225,1,recorded_hazard_class_match
VEH000484,TSK010246,1,recorded_hazard_class_match
VEH000484,TSK010250,1,recorded_hazard_class_match
VEH000514,TSK009797,1,recorded_hazard_class_match
VEH000514,TSK009800,1,recorded_hazard_class_match
VEH000514,TSK009803,1,recorded_hazard_class_match
VEH000514,TSK009810,1,recorded_hazard_class_match
VEH000514,TSK009813,1,recorded_hazard_class_match
VEH000514,TSK009834,0,recorded_hazard_class_match
VEH000514,TSK009837,1,recorded_hazard_class_match
VEH000514,TSK009843,1,recorded_hazard_class_match
VEH000514,TSK009846,1,recorded_hazard_class_match
VEH000514,TSK009848,1,recorded_hazard_class_match
VEH000514,TSK009850,1,recorded_hazard_class_match
VEH000514,TSK009851,1,recorded_hazard_class_match
VEH000514,TSK009855,1,recorded_hazard_class_match
VEH000514,TSK009856,0,recorded_hazard_class_match
VEH000514,TSK009861,0,recorded_hazard_class_match
VEH000514,TSK009868,1,recorded_hazard_class_match
VEH000514,TSK009875,1,recorded_hazard_class_match
VEH000514,TSK009876,1,recorded_hazard_class_match
VEH000514,TSK009880,1,recorded_hazard_class_match
VEH000514,TSK009887,1,recorded_hazard_class_match
VEH000514,TSK009894,0,recorded_hazard_class_match
VEH000514,TSK009896,1,recorded_hazard_class_match
VEH000514,TSK009902,1,recorded_hazard_class_match
VEH000514,TSK009920,1,recorded_hazard_class_match
VEH000514,TSK009926,1,recorded_hazard_class_match
VEH000514,TSK009930,1,recorded_hazard_class_match
VEH000514,TSK009934,1,recorded_hazard_class_match
VEH000514,TSK009937,1,recorded_hazard_class_match
VEH000514,TSK009963,0,recorded_hazard_class_match
VEH000514,TSK009966,1,recorded_hazard_class_match
VEH000514,TSK009968,1,recorded_hazard_class_match
VEH000514,TSK009977,1,recorded_hazard_class_match
VEH000514,TSK009986,1,recorded_hazard_class_match
VEH000514,TSK010003,1,recorded_hazard_class_match
VEH000514,TSK010009,1,recorded_hazard_class_match
VEH000514,TSK010014,1,recorded_hazard_class_match
VEH000514,TSK010017,1,recorded_hazard_class_match
VEH000514,TSK010023,1,recorded_hazard_class_match
VEH000514,TSK010029,0,recorded_hazard_class_match
VEH000514,TSK010036,1,recorded_hazard_class_match
VEH000514,TSK010039,1,recorded_hazard_class_match
VEH000514,TSK010044,1,recorded_hazard_class_match
VEH000514,TSK010047,1,recorded_hazard_class_match
VEH000514,TSK010056,0,recorded_hazard_class_match
VEH000514,TSK010058,1,recorded_hazard_class_match
VEH000514,TSK010074,1,recorded_hazard_class_match
VEH000514,TSK010077,1,recorded_hazard_class_match
VEH000514,TSK010084,1,recorded_hazard_class_match
VEH000514,TSK010112,1,recorded_hazard_class_match
VEH000514,TSK010117,1,recorded_hazard_class_match
VEH000514,TSK010134,1,recorded_hazard_class_match
VEH000514,TSK010154,1,recorded_hazard_class_match
VEH000514,TSK010163,1,recorded_hazard_class_match
VEH000514,TSK010169,1,recorded_hazard_class_match
VEH000514,TSK010187,1,recorded_hazard_class_match
VEH000514,TSK010194,1,recorded_hazard_class_match
VEH000514,TSK010205,1,recorded_hazard_class_match
VEH000514,TSK010225,1,recorded_hazard_class_match
VEH000514,TSK010246,1,recorded_hazard_class_match
VEH000514,TSK010250,1,recorded_hazard_class_match
VEH000430,TSK009797,0,recorded_hazard_class_match
VEH000430,TSK009800,0,recorded_hazard_class_match
VEH000430,TSK009803,0,recorded_hazard_class_match
VEH000430,TSK009810,0,recorded_hazard_class_match
VEH000430,TSK009813,0,recorded_hazard_class_match
VEH000430,TSK009834,1,recorded_hazard_class_match
VEH000430,TSK009837,0,recorded_hazard_class_match
VEH000430,TSK009843,0,recorded_hazard_class_match
VEH000430,TSK009846,0,recorded_hazard_class_match
VEH000430,TSK009848,0,recorded_hazard_class_match
VEH000430,TSK009850,0,recorded_hazard_class_match
VEH000430,TSK009851,0,recorded_hazard_class_match
VEH000430,TSK009855,0,recorded_hazard_class_match
VEH000430,TSK009856,1,recorded_hazard_class_match
VEH000430,TSK009861,1,recorded_hazard_class_match
VEH000430,TSK009868,0,recorded_hazard_class_match
VEH000430,TSK009875,0,recorded_hazard_class_match
VEH000430,TSK009876,0,recorded_hazard_class_match
VEH000430,TSK009880,0,recorded_hazard_class_match
VEH000430,TSK009887,0,recorded_hazard_class_match
VEH000430,TSK009894,1,recorded_hazard_class_match
VEH000430,TSK009896,0,recorded_hazard_class_match
VEH000430,TSK009902,0,recorded_hazard_class_match
VEH000430,TSK009920,0,recorded_hazard_class_match
VEH000430,TSK009926,0,recorded_hazard_class_match
VEH000430,TSK009930,0,recorded_hazard_class_match
VEH000430,TSK009934,0,recorded_hazard_class_match
VEH000430,TSK009937,0,recorded_hazard_class_match
VEH000430,TSK009963,1,recorded_hazard_class_match
VEH000430,TSK009966,0,recorded_hazard_class_match
VEH000430,TSK009968,0,recorded_hazard_class_match
VEH000430,TSK009977,0,recorded_hazard_class_match
VEH000430,TSK009986,0,recorded_hazard_class_match
VEH000430,TSK010003,0,recorded_hazard_class_match
VEH000430,TSK010009,0,recorded_hazard_class_match
VEH000430,TSK010014,0,recorded_hazard_class_match
VEH000430,TSK010017,0,recorded_hazard_class_match
VEH000430,TSK010023,0,recorded_hazard_class_match
VEH000430,TSK010029,1,recorded_hazard_class_match
VEH000430,TSK010036,0,recorded_hazard_class_match
VEH000430,TSK010039,0,recorded_hazard_class_match
VEH000430,TSK010044,0,recorded_hazard_class_match
VEH000430,TSK010047,0,recorded_hazard_class_match
VEH000430,TSK010056,1,recorded_hazard_class_match
VEH000430,TSK010058,0,recorded_hazard_class_match
VEH000430,TSK010074,0,recorded_hazard_class_match
VEH000430,TSK010077,0,recorded_hazard_class_match
VEH000430,TSK010084,0,recorded_hazard_class_match
VEH000430,TSK010112,0,recorded_hazard_class_match
VEH000430,TSK010117,0,recorded_hazard_class_match
VEH000430,TSK010134,0,recorded_hazard_class_match
VEH000430,TSK010154,0,recorded_hazard_class_match
VEH000430,TSK010163,0,recorded_hazard_class_match
VEH000430,TSK010169,0,recorded_hazard_class_match
VEH000430,TSK010187,0,recorded_hazard_class_match
VEH000430,TSK010194,0,recorded_hazard_class_match
VEH000430,TSK010205,0,recorded_hazard_class_match
VEH000430,TSK010225,0,recorded_hazard_class_match
VEH000430,TSK010246,0,recorded_hazard_class_match
VEH000430,TSK010250,0,recorded_hazard_class_match
VEH000410,TSK009797,0,recorded_hazard_class_match
VEH000410,TSK009800,0,recorded_hazard_class_match
VEH000410,TSK009803,0,recorded_hazard_class_match
VEH000410,TSK009810,0,recorded_hazard_class_match
VEH000410,TSK009813,0,recorded_hazard_class_match
VEH000410,TSK009834,1,recorded_hazard_class_match
VEH000410,TSK009837,0,recorded_hazard_class_match
VEH000410,TSK009843,0,recorded_hazard_class_match
VEH000410,TSK009846,0,recorded_hazard_class_match
VEH000410,TSK009848,0,recorded_hazard_class_match
VEH000410,TSK009850,0,recorded_hazard_class_match
VEH000410,TSK009851,0,recorded_hazard_class_match
VEH000410,TSK009855,0,recorded_hazard_class_match
VEH000410,TSK009856,1,recorded_hazard_class_match
VEH000410,TSK009861,1,recorded_hazard_class_match
VEH000410,TSK009868,0,recorded_hazard_class_match
VEH000410,TSK009875,0,recorded_hazard_class_match
VEH000410,TSK009876,0,recorded_hazard_class_match
VEH000410,TSK009880,0,recorded_hazard_class_match
VEH000410,TSK009887,0,recorded_hazard_class_match
VEH000410,TSK009894,1,recorded_hazard_class_match
VEH000410,TSK009896,0,recorded_hazard_class_match
VEH000410,TSK009902,0,recorded_hazard_class_match
VEH000410,TSK009920,0,recorded_hazard_class_match
VEH000410,TSK009926,0,recorded_hazard_class_match
VEH000410,TSK009930,0,recorded_hazard_class_match
VEH000410,TSK009934,0,recorded_hazard_class_match
VEH000410,TSK009937,0,recorded_hazard_class_match
VEH000410,TSK009963,1,recorded_hazard_class_match
VEH000410,TSK009966,0,recorded_hazard_class_match
VEH000410,TSK009968,0,recorded_hazard_class_match
VEH000410,TSK009977,0,recorded_hazard_class_match
VEH000410,TSK009986,0,recorded_hazard_class_match
VEH000410,TSK010003,0,recorded_hazard_class_match
VEH000410,TSK010009,0,recorded_hazard_class_match
VEH000410,TSK010014,0,recorded_hazard_class_match
VEH000410,TSK010017,0,recorded_hazard_class_match
VEH000410,TSK010023,0,recorded_hazard_class_match
VEH000410,TSK010029,1,recorded_hazard_class_match
VEH000410,TSK010036,0,recorded_hazard_class_match
VEH000410,TSK010039,0,recorded_hazard_class_match
VEH000410,TSK010044,0,recorded_hazard_class_match
VEH000410,TSK010047,0,recorded_hazard_class_match
VEH000410,TSK010056,1,recorded_hazard_class_match
VEH000410,TSK010058,0,recorded_hazard_class_match
VEH000410,TSK010074,0,recorded_hazard_class_match
VEH000410,TSK010077,0,recorded_hazard_class_match
VEH000410,TSK010084,0,recorded_hazard_class_match
VEH000410,TSK010112,0,recorded_hazard_class_match
VEH000410,TSK010117,0,recorded_hazard_class_match
VEH000410,TSK010134,0,recorded_hazard_class_match
VEH000410,TSK010154,0,recorded_hazard_class_match
VEH000410,TSK010163,0,recorded_hazard_class_match
VEH000410,TSK010169,0,recorded_hazard_class_match
VEH000410,TSK010187,0,recorded_hazard_class_match
VEH000410,TSK010194,0,recorded_hazard_class_match
VEH000410,TSK010205,0,recorded_hazard_class_match
VEH000410,TSK010225,0,recorded_hazard_class_match
VEH000410,TSK010246,0,recorded_hazard_class_match
VEH000410,TSK010250,0,recorded_hazard_class_match
VEH000417,TSK009797,0,recorded_hazard_class_match
VEH000417,TSK009800,0,recorded_hazard_class_match
VEH000417,TSK009803,0,recorded_hazard_class_match
VEH000417,TSK009810,0,recorded_hazard_class_match
VEH000417,TSK009813,0,recorded_hazard_class_match
VEH000417,TSK009834,1,recorded_hazard_class_match
VEH000417,TSK009837,0,recorded_hazard_class_match
VEH000417,TSK009843,0,recorded_hazard_class_match
VEH000417,TSK009846,0,recorded_hazard_class_match
VEH000417,TSK009848,0,recorded_hazard_class_match
VEH000417,TSK009850,0,recorded_hazard_class_match
VEH000417,TSK009851,0,recorded_hazard_class_match
VEH000417,TSK009855,0,recorded_hazard_class_match
VEH000417,TSK009856,1,recorded_hazard_class_match
VEH000417,TSK009861,1,recorded_hazard_class_match
VEH000417,TSK009868,0,recorded_hazard_class_match
VEH000417,TSK009875,0,recorded_hazard_class_match
VEH000417,TSK009876,0,recorded_hazard_class_match
VEH000417,TSK009880,0,recorded_hazard_class_match
VEH000417,TSK009887,0,recorded_hazard_class_match
VEH000417,TSK009894,1,recorded_hazard_class_match
VEH000417,TSK009896,0,recorded_hazard_class_match
VEH000417,TSK009902,0,recorded_hazard_class_match
VEH000417,TSK009920,0,recorded_hazard_class_match
VEH000417,TSK009926,0,recorded_hazard_class_match
VEH000417,TSK009930,0,recorded_hazard_class_match
VEH000417,TSK009934,0,recorded_hazard_class_match
VEH000417,TSK009937,0,recorded_hazard_class_match
VEH000417,TSK009963,1,recorded_hazard_class_match
VEH000417,TSK009966,0,recorded_hazard_class_match
VEH000417,TSK009968,0,recorded_hazard_class_match
VEH000417,TSK009977,0,recorded_hazard_class_match
VEH000417,TSK009986,0,recorded_hazard_class_match
VEH000417,TSK010003,0,recorded_hazard_class_match
VEH000417,TSK010009,0,recorded_hazard_class_match
VEH000417,TSK010014,0,recorded_hazard_class_match
VEH000417,TSK010017,0,recorded_hazard_class_match
VEH000417,TSK010023,0,recorded_hazard_class_match
VEH000417,TSK010029,1,recorded_hazard_class_match
VEH000417,TSK010036,0,recorded_hazard_class_match
VEH000417,TSK010039,0,recorded_hazard_class_match
VEH000417,TSK010044,0,recorded_hazard_class_match
VEH000417,TSK010047,0,recorded_hazard_class_match
VEH000417,TSK010056,1,recorded_hazard_class_match
VEH000417,TSK010058,0,recorded_hazard_class_match
VEH000417,TSK010074,0,recorded_hazard_class_match
VEH000417,TSK010077,0,recorded_hazard_class_match
VEH000417,TSK010084,0,recorded_hazard_class_match
VEH000417,TSK010112,0,recorded_hazard_class_match
VEH000417,TSK010117,0,recorded_hazard_class_match
VEH000417,TSK010134,0,recorded_hazard_class_match
VEH000417,TSK010154,0,recorded_hazard_class_match
VEH000417,TSK010163,0,recorded_hazard_class_match
VEH000417,TSK010169,0,recorded_hazard_class_match
VEH000417,TSK010187,0,recorded_hazard_class_match
VEH000417,TSK010194,0,recorded_hazard_class_match
VEH000417,TSK010205,0,recorded_hazard_class_match
VEH000417,TSK010225,0,recorded_hazard_class_match
VEH000417,TSK010246,0,recorded_hazard_class_match
VEH000417,TSK010250,0,recorded_hazard_class_match
VEH000488,TSK009797,0,recorded_hazard_class_match
VEH000488,TSK009800,0,recorded_hazard_class_match
VEH000488,TSK009803,0,recorded_hazard_class_match
VEH000488,TSK009810,0,recorded_hazard_class_match
VEH000488,TSK009813,0,recorded_hazard_class_match
VEH000488,TSK009834,1,recorded_hazard_class_match
VEH000488,TSK009837,0,recorded_hazard_class_match
VEH000488,TSK009843,0,recorded_hazard_class_match
VEH000488,TSK009846,0,recorded_hazard_class_match
VEH000488,TSK009848,0,recorded_hazard_class_match
VEH000488,TSK009850,0,recorded_hazard_class_match
VEH000488,TSK009851,0,recorded_hazard_class_match
VEH000488,TSK009855,0,recorded_hazard_class_match
VEH000488,TSK009856,1,recorded_hazard_class_match
VEH000488,TSK009861,1,recorded_hazard_class_match
VEH000488,TSK009868,0,recorded_hazard_class_match
VEH000488,TSK009875,0,recorded_hazard_class_match
VEH000488,TSK009876,0,recorded_hazard_class_match
VEH000488,TSK009880,0,recorded_hazard_class_match
VEH000488,TSK009887,0,recorded_hazard_class_match
VEH000488,TSK009894,1,recorded_hazard_class_match
VEH000488,TSK009896,0,recorded_hazard_class_match
VEH000488,TSK009902,0,recorded_hazard_class_match
VEH000488,TSK009920,0,recorded_hazard_class_match
VEH000488,TSK009926,0,recorded_hazard_class_match
VEH000488,TSK009930,0,recorded_hazard_class_match
VEH000488,TSK009934,0,recorded_hazard_class_match
VEH000488,TSK009937,0,recorded_hazard_class_match
VEH000488,TSK009963,1,recorded_hazard_class_match
VEH000488,TSK009966,0,recorded_hazard_class_match
VEH000488,TSK009968,0,recorded_hazard_class_match
VEH000488,TSK009977,0,recorded_hazard_class_match
VEH000488,TSK009986,0,recorded_hazard_class_match
VEH000488,TSK010003,0,recorded_hazard_class_match
VEH000488,TSK010009,0,recorded_hazard_class_match
VEH000488,TSK010014,0,recorded_hazard_class_match
VEH000488,TSK010017,0,recorded_hazard_class_match
VEH000488,TSK010023,0,recorded_hazard_class_match
VEH000488,TSK010029,1,recorded_hazard_class_match
VEH000488,TSK010036,0,recorded_hazard_class_match
VEH000488,TSK010039,0,recorded_hazard_class_match
VEH000488,TSK010044,0,recorded_hazard_class_match
VEH000488,TSK010047,0,recorded_hazard_class_match
VEH000488,TSK010056,1,recorded_hazard_class_match
VEH000488,TSK010058,0,recorded_hazard_class_match
VEH000488,TSK010074,0,recorded_hazard_class_match
VEH000488,TSK010077,0,recorded_hazard_class_match
VEH000488,TSK010084,0,recorded_hazard_class_match
VEH000488,TSK010112,0,recorded_hazard_class_match
VEH000488,TSK010117,0,recorded_hazard_class_match
VEH000488,TSK010134,0,recorded_hazard_class_match
VEH000488,TSK010154,0,recorded_hazard_class_match
VEH000488,TSK010163,0,recorded_hazard_class_match
VEH000488,TSK010169,0,recorded_hazard_class_match
VEH000488,TSK010187,0,recorded_hazard_class_match
VEH000488,TSK010194,0,recorded_hazard_class_match
VEH000488,TSK010205,0,recorded_hazard_class_match
VEH000488,TSK010225,0,recorded_hazard_class_match
VEH000488,TSK010246,0,recorded_hazard_class_match
VEH000488,TSK010250,0,recorded_hazard_class_match
VEH000081,TSK009797,1,recorded_hazard_class_match
VEH000081,TSK009800,1,recorded_hazard_class_match
VEH000081,TSK009803,1,recorded_hazard_class_match
VEH000081,TSK009810,1,recorded_hazard_class_match
VEH000081,TSK009813,1,recorded_hazard_class_match
VEH000081,TSK009834,0,recorded_hazard_class_match
VEH000081,TSK009837,1,recorded_hazard_class_match
VEH000081,TSK009843,1,recorded_hazard_class_match
VEH000081,TSK009846,1,recorded_hazard_class_match
VEH000081,TSK009848,1,recorded_hazard_class_match
VEH000081,TSK009850,1,recorded_hazard_class_match
VEH000081,TSK009851,1,recorded_hazard_class_match
VEH000081,TSK009855,1,recorded_hazard_class_match
VEH000081,TSK009856,0,recorded_hazard_class_match
VEH000081,TSK009861,0,recorded_hazard_class_match
VEH000081,TSK009868,1,recorded_hazard_class_match
VEH000081,TSK009875,1,recorded_hazard_class_match
VEH000081,TSK009876,1,recorded_hazard_class_match
VEH000081,TSK009880,1,recorded_hazard_class_match
VEH000081,TSK009887,1,recorded_hazard_class_match
VEH000081,TSK009894,0,recorded_hazard_class_match
VEH000081,TSK009896,1,recorded_hazard_class_match
VEH000081,TSK009902,1,recorded_hazard_class_match
VEH000081,TSK009920,1,recorded_hazard_class_match
VEH000081,TSK009926,1,recorded_hazard_class_match
VEH000081,TSK009930,1,recorded_hazard_class_match
VEH000081,TSK009934,1,recorded_hazard_class_match
VEH000081,TSK009937,1,recorded_hazard_class_match
VEH000081,TSK009963,0,recorded_hazard_class_match
VEH000081,TSK009966,1,recorded_hazard_class_match
VEH000081,TSK009968,1,recorded_hazard_class_match
VEH000081,TSK009977,1,recorded_hazard_class_match
VEH000081,TSK009986,1,recorded_hazard_class_match
VEH000081,TSK010003,1,recorded_hazard_class_match
VEH000081,TSK010009,1,recorded_hazard_class_match
VEH000081,TSK010014,1,recorded_hazard_class_match
VEH000081,TSK010017,1,recorded_hazard_class_match
VEH000081,TSK010023,1,recorded_hazard_class_match
VEH000081,TSK010029,0,recorded_hazard_class_match
VEH000081,TSK010036,1,recorded_hazard_class_match
VEH000081,TSK010039,1,recorded_hazard_class_match
VEH000081,TSK010044,1,recorded_hazard_class_match
VEH000081,TSK010047,1,recorded_hazard_class_match
VEH000081,TSK010056,0,recorded_hazard_class_match
VEH000081,TSK010058,1,recorded_hazard_class_match
VEH000081,TSK010074,1,recorded_hazard_class_match
VEH000081,TSK010077,1,recorded_hazard_class_match
VEH000081,TSK010084,1,recorded_hazard_class_match
VEH000081,TSK010112,1,recorded_hazard_class_match
VEH000081,TSK010117,1,recorded_hazard_class_match
VEH000081,TSK010134,1,recorded_hazard_class_match
VEH000081,TSK010154,1,recorded_hazard_class_match
VEH000081,TSK010163,1,recorded_hazard_class_match
VEH000081,TSK010169,1,recorded_hazard_class_match
VEH000081,TSK010187,1,recorded_hazard_class_match
VEH000081,TSK010194,1,recorded_hazard_class_match
VEH000081,TSK010205,1,recorded_hazard_class_match
VEH000081,TSK010225,1,recorded_hazard_class_match
VEH000081,TSK010246,1,recorded_hazard_class_match
VEH000081,TSK010250,1,recorded_hazard_class_match
VEH000515,TSK009797,1,recorded_hazard_class_match
VEH000515,TSK009800,1,recorded_hazard_class_match
VEH000515,TSK009803,1,recorded_hazard_class_match
VEH000515,TSK009810,1,recorded_hazard_class_match
VEH000515,TSK009813,1,recorded_hazard_class_match
VEH000515,TSK009834,0,recorded_hazard_class_match
VEH000515,TSK009837,1,recorded_hazard_class_match
VEH000515,TSK009843,1,recorded_hazard_class_match
VEH000515,TSK009846,1,recorded_hazard_class_match
VEH000515,TSK009848,1,recorded_hazard_class_match
VEH000515,TSK009850,1,recorded_hazard_class_match
VEH000515,TSK009851,1,recorded_hazard_class_match
VEH000515,TSK009855,1,recorded_hazard_class_match
VEH000515,TSK009856,0,recorded_hazard_class_match
VEH000515,TSK009861,0,recorded_hazard_class_match
VEH000515,TSK009868,1,recorded_hazard_class_match
VEH000515,TSK009875,1,recorded_hazard_class_match
VEH000515,TSK009876,1,recorded_hazard_class_match
VEH000515,TSK009880,1,recorded_hazard_class_match
VEH000515,TSK009887,1,recorded_hazard_class_match
VEH000515,TSK009894,0,recorded_hazard_class_match
VEH000515,TSK009896,1,recorded_hazard_class_match
VEH000515,TSK009902,1,recorded_hazard_class_match
VEH000515,TSK009920,1,recorded_hazard_class_match
VEH000515,TSK009926,1,recorded_hazard_class_match
VEH000515,TSK009930,1,recorded_hazard_class_match
VEH000515,TSK009934,1,recorded_hazard_class_match
VEH000515,TSK009937,1,recorded_hazard_class_match
VEH000515,TSK009963,0,recorded_hazard_class_match
VEH000515,TSK009966,1,recorded_hazard_class_match
VEH000515,TSK009968,1,recorded_hazard_class_match
VEH000515,TSK009977,1,recorded_hazard_class_match
VEH000515,TSK009986,1,recorded_hazard_class_match
VEH000515,TSK010003,1,recorded_hazard_class_match
VEH000515,TSK010009,1,recorded_hazard_class_match
VEH000515,TSK010014,1,recorded_hazard_class_match
VEH000515,TSK010017,1,recorded_hazard_class_match
VEH000515,TSK010023,1,recorded_hazard_class_match
VEH000515,TSK010029,0,recorded_hazard_class_match
VEH000515,TSK010036,1,recorded_hazard_class_match
VEH000515,TSK010039,1,recorded_hazard_class_match
VEH000515,TSK010044,1,recorded_hazard_class_match
VEH000515,TSK010047,1,recorded_hazard_class_match
VEH000515,TSK010056,0,recorded_hazard_class_match
VEH000515,TSK010058,1,recorded_hazard_class_match
VEH000515,TSK010074,1,recorded_hazard_class_match
VEH000515,TSK010077,1,recorded_hazard_class_match
VEH000515,TSK010084,1,recorded_hazard_class_match
VEH000515,TSK010112,1,recorded_hazard_class_match
VEH000515,TSK010117,1,recorded_hazard_class_match
VEH000515,TSK010134,1,recorded_hazard_class_match
VEH000515,TSK010154,1,recorded_hazard_class_match
VEH000515,TSK010163,1,recorded_hazard_class_match
VEH000515,TSK010169,1,recorded_hazard_class_match
VEH000515,TSK010187,1,recorded_hazard_class_match
VEH000515,TSK010194,1,recorded_hazard_class_match
VEH000515,TSK010205,1,recorded_hazard_class_match
VEH000515,TSK010225,1,recorded_hazard_class_match
VEH000515,TSK010246,1,recorded_hazard_class_match
VEH000515,TSK010250,1,recorded_hazard_class_match
VEH000483,TSK009797,0,recorded_hazard_class_match
VEH000483,TSK009800,0,recorded_hazard_class_match
VEH000483,TSK009803,0,recorded_hazard_class_match
VEH000483,TSK009810,0,recorded_hazard_class_match
VEH000483,TSK009813,0,recorded_hazard_class_match
VEH000483,TSK009834,1,recorded_hazard_class_match
VEH000483,TSK009837,0,recorded_hazard_class_match
VEH000483,TSK009843,0,recorded_hazard_class_match
VEH000483,TSK009846,0,recorded_hazard_class_match
VEH000483,TSK009848,0,recorded_hazard_class_match
VEH000483,TSK009850,0,recorded_hazard_class_match
VEH000483,TSK009851,0,recorded_hazard_class_match
VEH000483,TSK009855,0,recorded_hazard_class_match
VEH000483,TSK009856,1,recorded_hazard_class_match
VEH000483,TSK009861,1,recorded_hazard_class_match
VEH000483,TSK009868,0,recorded_hazard_class_match
VEH000483,TSK009875,0,recorded_hazard_class_match
VEH000483,TSK009876,0,recorded_hazard_class_match
VEH000483,TSK009880,0,recorded_hazard_class_match
VEH000483,TSK009887,0,recorded_hazard_class_match
VEH000483,TSK009894,1,recorded_hazard_class_match
VEH000483,TSK009896,0,recorded_hazard_class_match
VEH000483,TSK009902,0,recorded_hazard_class_match
VEH000483,TSK009920,0,recorded_hazard_class_match
VEH000483,TSK009926,0,recorded_hazard_class_match
VEH000483,TSK009930,0,recorded_hazard_class_match
VEH000483,TSK009934,0,recorded_hazard_class_match
VEH000483,TSK009937,0,recorded_hazard_class_match
VEH000483,TSK009963,1,recorded_hazard_class_match
VEH000483,TSK009966,0,recorded_hazard_class_match
VEH000483,TSK009968,0,recorded_hazard_class_match
VEH000483,TSK009977,0,recorded_hazard_class_match
VEH000483,TSK009986,0,recorded_hazard_class_match
VEH000483,TSK010003,0,recorded_hazard_class_match
VEH000483,TSK010009,0,recorded_hazard_class_match
VEH000483,TSK010014,0,recorded_hazard_class_match
VEH000483,TSK010017,0,recorded_hazard_class_match
VEH000483,TSK010023,0,recorded_hazard_class_match
VEH000483,TSK010029,1,recorded_hazard_class_match
VEH000483,TSK010036,0,recorded_hazard_class_match
VEH000483,TSK010039,0,recorded_hazard_class_match
VEH000483,TSK010044,0,recorded_hazard_class_match
VEH000483,TSK010047,0,recorded_hazard_class_match
VEH000483,TSK010056,1,recorded_hazard_class_match
VEH000483,TSK010058,0,recorded_hazard_class_match
VEH000483,TSK010074,0,recorded_hazard_class_match
VEH000483,TSK010077,0,recorded_hazard_class_match
VEH000483,TSK010084,0,recorded_hazard_class_match
VEH000483,TSK010112,0,recorded_hazard_class_match
VEH000483,TSK010117,0,recorded_hazard_class_match
VEH000483,TSK010134,0,recorded_hazard_class_match
VEH000483,TSK010154,0,recorded_hazard_class_match
VEH000483,TSK010163,0,recorded_hazard_class_match
VEH000483,TSK010169,0,recorded_hazard_class_match
VEH000483,TSK010187,0,recorded_hazard_class_match
VEH000483,TSK010194,0,recorded_hazard_class_match
VEH000483,TSK010205,0,recorded_hazard_class_match
VEH000483,TSK010225,0,recorded_hazard_class_match
VEH000483,TSK010246,0,recorded_hazard_class_match
VEH000483,TSK010250,0,recorded_hazard_class_match
VEH000339,TSK009797,1,recorded_hazard_class_match
VEH000339,TSK009800,1,recorded_hazard_class_match
VEH000339,TSK009803,1,recorded_hazard_class_match
VEH000339,TSK009810,1,recorded_hazard_class_match
VEH000339,TSK009813,1,recorded_hazard_class_match
VEH000339,TSK009834,0,recorded_hazard_class_match
VEH000339,TSK009837,1,recorded_hazard_class_match
VEH000339,TSK009843,1,recorded_hazard_class_match
VEH000339,TSK009846,1,recorded_hazard_class_match
VEH000339,TSK009848,1,recorded_hazard_class_match
VEH000339,TSK009850,1,recorded_hazard_class_match
VEH000339,TSK009851,1,recorded_hazard_class_match
VEH000339,TSK009855,1,recorded_hazard_class_match
VEH000339,TSK009856,0,recorded_hazard_class_match
VEH000339,TSK009861,0,recorded_hazard_class_match
VEH000339,TSK009868,1,recorded_hazard_class_match
VEH000339,TSK009875,1,recorded_hazard_class_match
VEH000339,TSK009876,1,recorded_hazard_class_match
VEH000339,TSK009880,1,recorded_hazard_class_match
VEH000339,TSK009887,1,recorded_hazard_class_match
VEH000339,TSK009894,0,recorded_hazard_class_match
VEH000339,TSK009896,1,recorded_hazard_class_match
VEH000339,TSK009902,1,recorded_hazard_class_match
VEH000339,TSK009920,1,recorded_hazard_class_match
VEH000339,TSK009926,1,recorded_hazard_class_match
VEH000339,TSK009930,1,recorded_hazard_class_match
VEH000339,TSK009934,1,recorded_hazard_class_match
VEH000339,TSK009937,1,recorded_hazard_class_match
VEH000339,TSK009963,0,recorded_hazard_class_match
VEH000339,TSK009966,1,recorded_hazard_class_match
VEH000339,TSK009968,1,recorded_hazard_class_match
VEH000339,TSK009977,1,recorded_hazard_class_match
VEH000339,TSK009986,1,recorded_hazard_class_match
VEH000339,TSK010003,1,recorded_hazard_class_match
VEH000339,TSK010009,1,recorded_hazard_class_match
VEH000339,TSK010014,1,recorded_hazard_class_match
VEH000339,TSK010017,1,recorded_hazard_class_match
VEH000339,TSK010023,1,recorded_hazard_class_match
VEH000339,TSK010029,0,recorded_hazard_class_match
VEH000339,TSK010036,1,recorded_hazard_class_match
VEH000339,TSK010039,1,recorded_hazard_class_match
VEH000339,TSK010044,1,recorded_hazard_class_match
VEH000339,TSK010047,1,recorded_hazard_class_match
VEH000339,TSK010056,0,recorded_hazard_class_match
VEH000339,TSK010058,1,recorded_hazard_class_match
VEH000339,TSK010074,1,recorded_hazard_class_match
VEH000339,TSK010077,1,recorded_hazard_class_match
VEH000339,TSK010084,1,recorded_hazard_class_match
VEH000339,TSK010112,1,recorded_hazard_class_match
VEH000339,TSK010117,1,recorded_hazard_class_match
VEH000339,TSK010134,1,recorded_hazard_class_match
VEH000339,TSK010154,1,recorded_hazard_class_match
VEH000339,TSK010163,1,recorded_hazard_class_match
VEH000339,TSK010169,1,recorded_hazard_class_match
VEH000339,TSK010187,1,recorded_hazard_class_match
VEH000339,TSK010194,1,recorded_hazard_class_match
VEH000339,TSK010205,1,recorded_hazard_class_match
VEH000339,TSK010225,1,recorded_hazard_class_match
VEH000339,TSK010246,1,recorded_hazard_class_match
VEH000339,TSK010250,1,recorded_hazard_class_match
VEH000246,TSK009797,1,recorded_hazard_class_match
VEH000246,TSK009800,1,recorded_hazard_class_match
VEH000246,TSK009803,1,recorded_hazard_class_match
VEH000246,TSK009810,1,recorded_hazard_class_match
VEH000246,TSK009813,1,recorded_hazard_class_match
VEH000246,TSK009834,0,recorded_hazard_class_match
VEH000246,TSK009837,1,recorded_hazard_class_match
VEH000246,TSK009843,1,recorded_hazard_class_match
VEH000246,TSK009846,1,recorded_hazard_class_match
VEH000246,TSK009848,1,recorded_hazard_class_match
VEH000246,TSK009850,1,recorded_hazard_class_match
VEH000246,TSK009851,1,recorded_hazard_class_match
VEH000246,TSK009855,1,recorded_hazard_class_match
VEH000246,TSK009856,0,recorded_hazard_class_match
VEH000246,TSK009861,0,recorded_hazard_class_match
VEH000246,TSK009868,1,recorded_hazard_class_match
VEH000246,TSK009875,1,recorded_hazard_class_match
VEH000246,TSK009876,1,recorded_hazard_class_match
VEH000246,TSK009880,1,recorded_hazard_class_match
VEH000246,TSK009887,1,recorded_hazard_class_match
VEH000246,TSK009894,0,recorded_hazard_class_match
VEH000246,TSK009896,1,recorded_hazard_class_match
VEH000246,TSK009902,1,recorded_hazard_class_match
VEH000246,TSK009920,1,recorded_hazard_class_match
VEH000246,TSK009926,1,recorded_hazard_class_match
VEH000246,TSK009930,1,recorded_hazard_class_match
VEH000246,TSK009934,1,recorded_hazard_class_match
VEH000246,TSK009937,1,recorded_hazard_class_match
VEH000246,TSK009963,0,recorded_hazard_class_match
VEH000246,TSK009966,1,recorded_hazard_class_match
VEH000246,TSK009968,1,recorded_hazard_class_match
VEH000246,TSK009977,1,recorded_hazard_class_match
VEH000246,TSK009986,1,recorded_hazard_class_match
VEH000246,TSK010003,1,recorded_hazard_class_match
VEH000246,TSK010009,1,recorded_hazard_class_match
VEH000246,TSK010014,1,recorded_hazard_class_match
VEH000246,TSK010017,1,recorded_hazard_class_match
VEH000246,TSK010023,1,recorded_hazard_class_match
VEH000246,TSK010029,0,recorded_hazard_class_match
VEH000246,TSK010036,1,recorded_hazard_class_match
VEH000246,TSK010039,1,recorded_hazard_class_match
VEH000246,TSK010044,1,recorded_hazard_class_match
VEH000246,TSK010047,1,recorded_hazard_class_match
VEH000246,TSK010056,0,recorded_hazard_class_match
VEH000246,TSK010058,1,recorded_hazard_class_match
VEH000246,TSK010074,1,recorded_hazard_class_match
VEH000246,TSK010077,1,recorded_hazard_class_match
VEH000246,TSK010084,1,recorded_hazard_class_match
VEH000246,TSK010112,1,recorded_hazard_class_match
VEH000246,TSK010117,1,recorded_hazard_class_match
VEH000246,TSK010134,1,recorded_hazard_class_match
VEH000246,TSK010154,1,recorded_hazard_class_match
VEH000246,TSK010163,1,recorded_hazard_class_match
VEH000246,TSK010169,1,recorded_hazard_class_match
VEH000246,TSK010187,1,recorded_hazard_class_match
VEH000246,TSK010194,1,recorded_hazard_class_match
VEH000246,TSK010205,1,recorded_hazard_class_match
VEH000246,TSK010225,1,recorded_hazard_class_match
VEH000246,TSK010246,1,recorded_hazard_class_match
VEH000246,TSK010250,1,recorded_hazard_class_match
VEH000071,TSK009797,1,recorded_hazard_class_match
VEH000071,TSK009800,1,recorded_hazard_class_match
VEH000071,TSK009803,1,recorded_hazard_class_match
VEH000071,TSK009810,1,recorded_hazard_class_match
VEH000071,TSK009813,1,recorded_hazard_class_match
VEH000071,TSK009834,0,recorded_hazard_class_match
VEH000071,TSK009837,1,recorded_hazard_class_match
VEH000071,TSK009843,1,recorded_hazard_class_match
VEH000071,TSK009846,1,recorded_hazard_class_match
VEH000071,TSK009848,1,recorded_hazard_class_match
VEH000071,TSK009850,1,recorded_hazard_class_match
VEH000071,TSK009851,1,recorded_hazard_class_match
VEH000071,TSK009855,1,recorded_hazard_class_match
VEH000071,TSK009856,0,recorded_hazard_class_match
VEH000071,TSK009861,0,recorded_hazard_class_match
VEH000071,TSK009868,1,recorded_hazard_class_match
VEH000071,TSK009875,1,recorded_hazard_class_match
VEH000071,TSK009876,1,recorded_hazard_class_match
VEH000071,TSK009880,1,recorded_hazard_class_match
VEH000071,TSK009887,1,recorded_hazard_class_match
VEH000071,TSK009894,0,recorded_hazard_class_match
VEH000071,TSK009896,1,recorded_hazard_class_match
VEH000071,TSK009902,1,recorded_hazard_class_match
VEH000071,TSK009920,1,recorded_hazard_class_match
VEH000071,TSK009926,1,recorded_hazard_class_match
VEH000071,TSK009930,1,recorded_hazard_class_match
VEH000071,TSK009934,1,recorded_hazard_class_match
VEH000071,TSK009937,1,recorded_hazard_class_match
VEH000071,TSK009963,0,recorded_hazard_class_match
VEH000071,TSK009966,1,recorded_hazard_class_match
VEH000071,TSK009968,1,recorded_hazard_class_match
VEH000071,TSK009977,1,recorded_hazard_class_match
VEH000071,TSK009986,1,recorded_hazard_class_match
VEH000071,TSK010003,1,recorded_hazard_class_match
VEH000071,TSK010009,1,recorded_hazard_class_match
VEH000071,TSK010014,1,recorded_hazard_class_match
VEH000071,TSK010017,1,recorded_hazard_class_match
VEH000071,TSK010023,1,recorded_hazard_class_match
VEH000071,TSK010029,0,recorded_hazard_class_match
VEH000071,TSK010036,1,recorded_hazard_class_match
VEH000071,TSK010039,1,recorded_hazard_class_match
VEH000071,TSK010044,1,recorded_hazard_class_match
VEH000071,TSK010047,1,recorded_hazard_class_match
VEH000071,TSK010056,0,recorded_hazard_class_match
VEH000071,TSK010058,1,recorded_hazard_class_match
VEH000071,TSK010074,1,recorded_hazard_class_match
VEH000071,TSK010077,1,recorded_hazard_class_match
VEH000071,TSK010084,1,recorded_hazard_class_match
VEH000071,TSK010112,1,recorded_hazard_class_match
VEH000071,TSK010117,1,recorded_hazard_class_match
VEH000071,TSK010134,1,recorded_hazard_class_match
VEH000071,TSK010154,1,recorded_hazard_class_match
VEH000071,TSK010163,1,recorded_hazard_class_match
VEH000071,TSK010169,1,recorded_hazard_class_match
VEH000071,TSK010187,1,recorded_hazard_class_match
VEH000071,TSK010194,1,recorded_hazard_class_match
VEH000071,TSK010205,1,recorded_hazard_class_match
VEH000071,TSK010225,1,recorded_hazard_class_match
VEH000071,TSK010246,1,recorded_hazard_class_match
VEH000071,TSK010250,1,recorded_hazard_class_match
VEH000342,TSK009797,1,recorded_hazard_class_match
VEH000342,TSK009800,1,recorded_hazard_class_match
VEH000342,TSK009803,1,recorded_hazard_class_match
VEH000342,TSK009810,1,recorded_hazard_class_match
VEH000342,TSK009813,1,recorded_hazard_class_match
VEH000342,TSK009834,0,recorded_hazard_class_match
VEH000342,TSK009837,1,recorded_hazard_class_match
VEH000342,TSK009843,1,recorded_hazard_class_match
VEH000342,TSK009846,1,recorded_hazard_class_match
VEH000342,TSK009848,1,recorded_hazard_class_match
VEH000342,TSK009850,1,recorded_hazard_class_match
VEH000342,TSK009851,1,recorded_hazard_class_match
VEH000342,TSK009855,1,recorded_hazard_class_match
VEH000342,TSK009856,0,recorded_hazard_class_match
VEH000342,TSK009861,0,recorded_hazard_class_match
VEH000342,TSK009868,1,recorded_hazard_class_match
VEH000342,TSK009875,1,recorded_hazard_class_match
VEH000342,TSK009876,1,recorded_hazard_class_match
VEH000342,TSK009880,1,recorded_hazard_class_match
VEH000342,TSK009887,1,recorded_hazard_class_match
VEH000342,TSK009894,0,recorded_hazard_class_match
VEH000342,TSK009896,1,recorded_hazard_class_match
VEH000342,TSK009902,1,recorded_hazard_class_match
VEH000342,TSK009920,1,recorded_hazard_class_match
VEH000342,TSK009926,1,recorded_hazard_class_match
VEH000342,TSK009930,1,recorded_hazard_class_match
VEH000342,TSK009934,1,recorded_hazard_class_match
VEH000342,TSK009937,1,recorded_hazard_class_match
VEH000342,TSK009963,0,recorded_hazard_class_match
VEH000342,TSK009966,1,recorded_hazard_class_match
VEH000342,TSK009968,1,recorded_hazard_class_match
VEH000342,TSK009977,1,recorded_hazard_class_match
VEH000342,TSK009986,1,recorded_hazard_class_match
VEH000342,TSK010003,1,recorded_hazard_class_match
VEH000342,TSK010009,1,recorded_hazard_class_match
VEH000342,TSK010014,1,recorded_hazard_class_match
VEH000342,TSK010017,1,recorded_hazard_class_match
VEH000342,TSK010023,1,recorded_hazard_class_match
VEH000342,TSK010029,0,recorded_hazard_class_match
VEH000342,TSK010036,1,recorded_hazard_class_match
VEH000342,TSK010039,1,recorded_hazard_class_match
VEH000342,TSK010044,1,recorded_hazard_class_match
VEH000342,TSK010047,1,recorded_hazard_class_match
VEH000342,TSK010056,0,recorded_hazard_class_match
VEH000342,TSK010058,1,recorded_hazard_class_match
VEH000342,TSK010074,1,recorded_hazard_class_match
VEH000342,TSK010077,1,recorded_hazard_class_match
VEH000342,TSK010084,1,recorded_hazard_class_match
VEH000342,TSK010112,1,recorded_hazard_class_match
VEH000342,TSK010117,1,recorded_hazard_class_match
VEH000342,TSK010134,1,recorded_hazard_class_match
VEH000342,TSK010154,1,recorded_hazard_class_match
VEH000342,TSK010163,1,recorded_hazard_class_match
VEH000342,TSK010169,1,recorded_hazard_class_match
VEH000342,TSK010187,1,recorded_hazard_class_match
VEH000342,TSK010194,1,recorded_hazard_class_match
VEH000342,TSK010205,1,recorded_hazard_class_match
VEH000342,TSK010225,1,recorded_hazard_class_match
VEH000342,TSK010246,1,recorded_hazard_class_match
VEH000342,TSK010250,1,recorded_hazard_class_match
